product_id,retailer,raw_name,cleaned_name,brand_raw,canonical_brand,category_raw,category_family_from_raw,product_type,category_family,price,unit_price,promo_text,amount,unit,pack_count,size_value,size_unit,unit_quantity,total_quantity,quantity_type,canonical_unit,package_type,is_organic_raw,is_private_label_raw,is_private_label_detected,attributes_json,confidence_json,overall_confidence,needs_review,missing_required_fields_json,warnings_json,url,scraped_at,estimated_cost
wf_0001,whole_foods,"365 Organic Whole Milk, 128 fl oz",365 organic whole milk 128 fl oz,365,365,Dairy & Eggs,unknown,milk,dairy_milk,7.54,0.0589,,128.0,fl oz,1,128.0,fl_oz,128.0,128.0,volume,fl_oz,unknown,True,True,True,"{""fat_content"": ""whole"", ""lactose_free"": false, ""organic"": true, ""package_type"": ""unknown""}","{""attributes"": 1.0, ""brand"": 1.0, ""needs_review"": false, ""overall"": 0.92, ""product_type"": 1.0, ""quantity"": 1.0, ""warnings"": [""package_type is unknown""]}",0.92,False,[],"[""package_type is unknown""]",https://example.com/whole_foods/products/wf_0001,2026-05-08T11:43:00,5.43
wf_0002,whole_foods,365 Whole Milk 1 Gallon,365 whole milk 1 gallon,365,365,Dairy & Eggs,unknown,milk,dairy_milk,5.47,,Save $1,1.0,gal,1,1.0,gal,128.0,128.0,volume,fl_oz,unknown,False,True,True,"{""fat_content"": ""whole"", ""lactose_free"": false, ""organic"": false, ""package_type"": ""unknown""}","{""attributes"": 1.0, ""brand"": 1.0, ""needs_review"": false, ""overall"": 0.92, ""product_type"": 1.0, ""quantity"": 1.0, ""warnings"": [""package_type is unknown""]}",0.92,False,[],"[""package_type is unknown""]",https://example.com/whole_foods/products/wf_0002,2026-05-08T10:35:00,3.79
wf_0003,whole_foods,365 2% Reduced Fat Milk 64 fl oz,365 2% reduced fat milk 64 fl oz,365,365,Dairy & Eggs,unknown,milk,dairy_milk,3.85,,,64.0,fl oz,1,64.0,fl_oz,64.0,64.0,volume,fl_oz,unknown,False,True,True,"{""fat_content"": ""two_percent"", ""lactose_free"": false, ""organic"": false, ""package_type"": ""unknown""}","{""attributes"": 1.0, ""brand"": 1.0, ""needs_review"": false, ""overall"": 0.92, ""product_type"": 1.0, ""quantity"": 1.0, ""warnings"": [""package_type is unknown""]}",0.92,False,[],"[""package_type is unknown""]",https://example.com/whole_foods/products/wf_0003,2026-05-08T09:27:00,2.15
wf_0004,whole_foods,365 Unsweetened Almond Milk 64 fl oz,365 unsweetened almond milk 64 fl oz,365,365,Plant-Based,plant_based_milk,almond_milk,plant_based_milk,4.07,0.0636,Save $1,64.0,fl oz,1,64.0,fl_oz,64.0,64.0,volume,fl_oz,unknown,False,True,True,"{""barista_style"": false, ""base"": ""almond"", ""package_type"": ""unknown"", ""sweetness"": ""unsweetened""}","{""attributes"": 1.0, ""brand"": 1.0, ""needs_review"": false, ""overall"": 0.92, ""product_type"": 1.0, ""quantity"": 1.0, ""warnings"": [""package_type is unknown""]}",0.92,False,[],"[""package_type is unknown""]",https://example.com/whole_foods/products/wf_0004,2026-05-08T08:36:00,3.04
wf_0005,whole_foods,365 Original Oat Milk 64 fl oz,365 original oat milk 64 fl oz,365,365,Plant-Based,plant_based_milk,oat_milk,plant_based_milk,4.41,,,64.0,fl oz,1,64.0,fl_oz,64.0,64.0,volume,fl_oz,unknown,False,True,True,"{""barista_style"": false, ""base"": ""oat"", ""package_type"": ""unknown"", ""sweetness"": ""original""}","{""attributes"": 1.0, ""brand"": 1.0, ""needs_review"": false, ""overall"": 0.92, ""product_type"": 1.0, ""quantity"": 1.0, ""warnings"": [""package_type is unknown""]}",0.92,False,[],"[""package_type is unknown""]",https://example.com/whole_foods/products/wf_0005,2026-05-08T07:28:00,2.94
wf_0006,whole_foods,"365 Large Brown Eggs, Dozen",365 large brown eggs dozen,365,365,Dairy & Eggs,unknown,eggs,eggs,5.84,,Save $1,12.0,ct,1,12.0,count,12.0,12.0,count,count,unknown,False,True,True,"{""cage_claim"": ""unknown"", ""color"": ""brown"", ""egg_size"": ""large"", ""organic"": false, ""package_type"": ""unknown""}","{""attributes"": 1.0, ""brand"": 1.0, ""needs_review"": false, ""overall"": 0.92, ""product_type"": 1.0, ""quantity"": 1.0, ""warnings"": [""package_type is unknown""]}",0.92,False,[],"[""package_type is unknown""]",https://example.com/whole_foods/products/wf_0006,2026-05-08T06:37:00,3.75
wf_0007,whole_foods,"Save $1 365 Organic Large Brown Eggs, Dozen",save 1 365 organic large brown eggs dozen,365,365,Dairy & Eggs,unknown,eggs,eggs,8.14,0.6783,Save $1,12.0,ct,1,12.0,count,12.0,12.0,count,count,unknown,True,True,True,"{""cage_claim"": ""unknown"", ""color"": ""brown"", ""egg_size"": ""large"", ""organic"": true, ""package_type"": ""unknown""}","{""attributes"": 1.0, ""brand"": 1.0, ""needs_review"": false, ""overall"": 0.92, ""product_type"": 1.0, ""quantity"": 1.0, ""warnings"": [""package_type is unknown""]}",0.92,False,[],"[""package_type is unknown""]",https://example.com/whole_foods/products/wf_0007,2026-05-08T05:29:00,5.74
wf_0008,whole_foods,Save $1 365 Classic White Sandwich Bread 20 oz,save 1 365 classic white sandwich bread 20 oz,365,365,Bakery,bakery,bread,bakery,2.77,,Save $1,20.0,oz,1,20.0,oz,20.0,20.0,weight,oz,unknown,False,True,True,"{""flavor"": ""classic"", ""organic"": false, ""package_type"": ""unknown""}","{""attributes"": 1.0, ""brand"": 1.0, ""needs_review"": false, ""overall"": 1.0, ""product_type"": 1.0, ""quantity"": 1.0, ""warnings"": []}",1.0,False,[],[],https://example.com/whole_foods/products/wf_0008,2026-05-08T04:21:00,2.02
wf_0009,whole_foods,365 Creamy Peanut Butter 16 oz,365 creamy peanut butter 16 oz,365,365,Pantry,pantry,peanut_butter,pantry,3.95,0.2469,,16.0,oz,1,16.0,oz,16.0,16.0,weight,oz,unknown,False,True,True,"{""flavor"": ""unknown"", ""organic"": false, ""package_type"": ""unknown""}","{""attributes"": 1.0, ""brand"": 1.0, ""needs_review"": false, ""overall"": 0.92, ""product_type"": 1.0, ""quantity"": 1.0, ""warnings"": [""package_type is unknown""]}",0.92,False,[],"[""package_type is unknown""]",https://example.com/whole_foods/products/wf_0009,2026-05-08T02:22:00,2.93
wf_0010,whole_foods,365 Restaurant Style Tortilla Chips 13 oz,365 restaurant style tortilla chips 13 oz,365,365,Snacks,snacks,chips,snacks,3.29,0.2531,,13.0,oz,1,13.0,oz,13.0,13.0,weight,oz,unknown,False,True,True,"{""flavor"": ""unknown"", ""organic"": false, ""package_type"": ""unknown""}","{""attributes"": 1.0, ""brand"": 1.0, ""needs_review"": false, ""overall"": 0.92, ""product_type"": 1.0, ""quantity"": 1.0, ""warnings"": [""package_type is unknown""]}",0.92,False,[],"[""package_type is unknown""]",https://example.com/whole_foods/products/wf_0010,2026-05-08T01:14:00,1.93
wf_0011,whole_foods,365 Organic Gala Apples 3 lb Bg,365 organic gala apples 3 lb bg,365,365,Produce,produce,apples,produce,7.11,,Prime member deal,3.0,lb,1,3.0,lb,48.0,48.0,weight,oz,bag,True,True,True,"{""organic"": true, ""package_type"": ""bag"", ""produce_form"": ""bagged"", ""unit_basis"": ""package"", ""variety"": ""gala""}","{""attributes"": 1.0, ""brand"": 1.0, ""needs_review"": false, ""overall"": 1.0, ""product_type"": 1.0, ""quantity"": 1.0, ""warnings"": []}",1.0,False,[],[],https://example.com/whole_foods/products/wf_0011,2026-05-07T23:15:00,5.45
wf_0012,whole_foods,365 Sparkling Water Lime 8 pack 12 fl oz cans,365 sparkling water lime 8 pack 12 fl oz cans,365,365,Beverages,beverages,sparkling_water,beverages,4.64,,,12.0,fl oz,8,12.0,fl_oz,12.0,96.0,volume,fl_oz,can,False,True,True,"{""caffeine"": ""unknown"", ""carbonated"": true, ""diet_type"": ""regular"", ""flavor"": ""lime"", ""package_type"": ""can""}","{""attributes"": 1.0, ""brand"": 1.0, ""needs_review"": false, ""overall"": 1.0, ""product_type"": 1.0, ""quantity"": 1.0, ""warnings"": []}",1.0,False,[],[],https://example.com/whole_foods/products/wf_0012,2026-05-07T22:07:00,2.85
wf_0013,whole_foods,365 Organic Baby Spinach 5 oz Clamshell,365 organic baby spinach 5 oz clamshell,365,365,Produce,produce,spinach,produce,4.99,,,5.0,oz,1,5.0,oz,5.0,5.0,weight,oz,clamshell,True,True,True,"{""organic"": true, ""package_type"": ""clamshell"", ""produce_form"": ""clamshell"", ""unit_basis"": ""package"", ""variety"": ""baby_spinach""}","{""attributes"": 1.0, ""brand"": 1.0, ""needs_review"": false, ""overall"": 1.0, ""product_type"": 1.0, ""quantity"": 1.0, ""warnings"": []}",1.0,False,[],[],https://example.com/whole_foods/products/wf_0013,2026-05-07T20:59:00,3.43
wf_0014,whole_foods,Save $1 365 Plain Whole Milk Greek Yogurt 32 oz Tub,save 1 365 plain whole milk greek yogurt 32 oz tub,365,365,Dairy & Eggs,unknown,greek_yogurt,yogurt,5.05,0.1578,Save $1,32.0,oz,1,32.0,oz,32.0,32.0,weight,oz,tub,False,True,True,"{""fat_content"": ""whole"", ""flavor"": ""plain"", ""multi_pack"": false, ""organic"": false, ""package_type"": ""tub"", ""style"": ""greek""}","{""attributes"": 1.0, ""brand"": 1.0, ""needs_review"": false, ""overall"": 1.0, ""product_type"": 1.0, ""quantity"": 1.0, ""warnings"": []}",1.0,False,[],[],https://example.com/whole_foods/products/wf_0014,2026-05-07T20:08:00,3.05
wf_0015,whole_foods,365 Unsalted Butter 4 sticks 16 oz,365 unsalted butter 4 sticks 16 oz,365,365,Dairy & Eggs,unknown,butter,butter,5.94,0.0928,Save $1,16.0,oz,4,16.0,oz,16.0,64.0,weight,oz,stick,False,True,True,"{""flavor"": ""unknown"", ""organic"": false, ""package_type"": ""stick""}","{""attributes"": 1.0, ""brand"": 1.0, ""needs_review"": false, ""overall"": 1.0, ""product_type"": 1.0, ""quantity"": 1.0, ""warnings"": []}",1.0,False,[],[],https://example.com/whole_foods/products/wf_0015,2026-05-07T19:00:00,3.44
wf_0016,whole_foods,365 Organic Black Beans 15 oz Can,365 organic black beans 15 oz can,365,365,Pantry,pantry,canned_beans,pantry,1.33,,Save $1,15.0,oz,1,15.0,oz,15.0,15.0,weight,oz,can,True,True,True,"{""flavor"": ""unknown"", ""organic"": true, ""package_type"": ""can""}","{""attributes"": 1.0, ""brand"": 1.0, ""needs_review"": false, ""overall"": 1.0, ""product_type"": 1.0, ""quantity"": 1.0, ""warnings"": []}",1.0,False,[],[],https://example.com/whole_foods/products/wf_0016,2026-05-07T17:01:00,0.76
wf_0017,whole_foods,365 Spaghetti Pasta 16 oz,365 spaghetti pasta 16 oz,365,365,Pantry,pantry,pasta,pantry,1.75,,,16.0,oz,1,16.0,oz,16.0,16.0,weight,oz,unknown,False,True,True,"{""flavor"": ""unknown"", ""organic"": false, ""package_type"": ""unknown""}","{""attributes"": 1.0, ""brand"": 1.0, ""needs_review"": false, ""overall"": 0.92, ""product_type"": 1.0, ""quantity"": 1.0, ""warnings"": [""package_type is unknown""]}",0.92,False,[],"[""package_type is unknown""]",https://example.com/whole_foods/products/wf_0017,2026-05-07T14:11:00,1.24
wf_0018,whole_foods,365 Extra Virgin Olive Oil 17 fl oz,365 extra virgin olive oil 17 fl oz,365,365,Pantry,pantry,olive_oil,pantry,9.32,,Prime member deal,17.0,fl oz,1,17.0,fl_oz,17.0,17.0,volume,fl_oz,unknown,False,True,True,"{""flavor"": ""unknown"", ""organic"": false, ""package_type"": ""unknown""}","{""attributes"": 1.0, ""brand"": 1.0, ""needs_review"": false, ""overall"": 0.92, ""product_type"": 1.0, ""quantity"": 1.0, ""warnings"": [""package_type is unknown""]}",0.92,False,[],"[""package_type is unknown""]",https://example.com/whole_foods/products/wf_0018,2026-05-07T10:30:00,6.18
wf_0019,whole_foods,Prime member deal 365 Pure Honey 12 oz Squeeze Bottle,prime member deal 365 pure honey 12 oz squeeze bottle,365,365,Pantry,pantry,honey,pantry,6.14,0.5117,Prime member deal,12.0,oz,1,12.0,oz,12.0,12.0,weight,oz,bottle,False,True,True,"{""flavor"": ""unknown"", ""organic"": false, ""package_type"": ""bottle""}","{""attributes"": 1.0, ""brand"": 1.0, ""needs_review"": false, ""overall"": 1.0, ""product_type"": 1.0, ""quantity"": 1.0, ""warnings"": []}",1.0,False,[],[],https://example.com/whole_foods/products/wf_0019,2026-05-07T09:22:00,4.29
wf_0020,whole_foods,"Coca-Cola Zero Sugar, 12 x 12 fl oz cans",coca cola zero sugar 12 pack 12 fl oz cans,Coca-Cola,Coca-Cola,Beverages,beverages,soda,beverages,10.53,0.0731,Save $1,12.0,fl oz,12,12.0,fl_oz,12.0,144.0,volume,fl_oz,can,False,False,False,"{""caffeine"": ""caffeinated"", ""carbonated"": true, ""diet_type"": ""zero_sugar"", ""flavor"": ""zero_sugar"", ""package_type"": ""can""}","{""attributes"": 1.0, ""brand"": 1.0, ""needs_review"": false, ""overall"": 1.0, ""product_type"": 1.0, ""quantity"": 1.0, ""warnings"": []}",1.0,False,[],[],https://example.com/whole_foods/products/wf_0020,2026-05-07T08:31:00,7.82
wf_0021,whole_foods,"Coca-Cola CIassic, 12 x 12 fI oz cans",coca cola ciassic 12 pack 12 fl oz cans,Coca-Cola,Coca-Cola,Beverages,beverages,soda,beverages,9.54,,,12.0,fl oz,12,12.0,fl_oz,12.0,144.0,volume,fl_oz,can,False,False,False,"{""caffeine"": ""caffeinated"", ""carbonated"": true, ""diet_type"": ""regular"", ""flavor"": ""classic"", ""package_type"": ""can""}","{""attributes"": 1.0, ""brand"": 1.0, ""needs_review"": false, ""overall"": 1.0, ""product_type"": 1.0, ""quantity"": 1.0, ""warnings"": []}",1.0,False,[],[],https://example.com/whole_foods/products/wf_0021,2026-05-07T06:32:00,5.78
wf_0022,whole_foods,"LaCroix Sparkling Water, Lime, 8 x 12 fl oz cans",lacroix sparkling water lime 8 pack 12 fl oz cans,LaCroix,LaCroix,Beverages,beverages,sparkling_water,beverages,5.12,,Save $1,12.0,fl oz,8,12.0,fl_oz,12.0,96.0,volume,fl_oz,can,False,False,False,"{""caffeine"": ""unknown"", ""carbonated"": true, ""diet_type"": ""regular"", ""flavor"": ""lime"", ""package_type"": ""can""}","{""attributes"": 1.0, ""brand"": 1.0, ""needs_review"": false, ""overall"": 1.0, ""product_type"": 1.0, ""quantity"": 1.0, ""warnings"": []}",1.0,False,[],[],https://example.com/whole_foods/products/wf_0022,2026-05-07T02:00:00,3.97
wf_0023,whole_foods,"LaCroix Sparkling Water, Pamplemousse (Grapefruit), 8 x 12 fl oz cans",lacroix sparkling water pamplemousse grapefruit 8 pack 12 fl oz cans,LaCroix,LaCroix,Beverages,beverages,sparkling_water,beverages,4.95,,Prime member deal,12.0,fl oz,8,12.0,fl_oz,12.0,96.0,volume,fl_oz,can,False,False,False,"{""caffeine"": ""unknown"", ""carbonated"": true, ""diet_type"": ""regular"", ""flavor"": ""grapefruit"", ""package_type"": ""can""}","{""attributes"": 1.0, ""brand"": 1.0, ""needs_review"": false, ""overall"": 1.0, ""product_type"": 1.0, ""quantity"": 1.0, ""warnings"": []}",1.0,False,[],[],https://example.com/whole_foods/products/wf_0023,2026-05-07T00:01:00,3.21
wf_0024,whole_foods,Silk Unsweetened Almondmilk 64 fl oz,silk unsweetened almondmilk 64 fl oz,Silk,Silk,Plant-Based,plant_based_milk,almond_milk,plant_based_milk,5.69,,,64.0,fl oz,1,64.0,fl_oz,64.0,64.0,volume,fl_oz,unknown,False,False,False,"{""barista_style"": false, ""base"": ""almond"", ""package_type"": ""unknown"", ""sweetness"": ""unsweetened""}","{""attributes"": 1.0, ""brand"": 1.0, ""needs_review"": false, ""overall"": 0.92, ""product_type"": 1.0, ""quantity"": 1.0, ""warnings"": [""package_type is unknown""]}",0.92,False,[],"[""package_type is unknown""]",https://example.com/whole_foods/products/wf_0024,2026-05-06T23:10:00,3.41
wf_0025,whole_foods,0atly Orig1nal Oatmilk 64 fl 0z,oatly original oatmilk 64 fl oz,Oatly,Oatly,Plant-Based,plant_based_milk,oat_milk,plant_based_milk,5.76,0.09,,64.0,fl oz,1,64.0,fl_oz,64.0,64.0,volume,fl_oz,unknown,False,False,False,"{""barista_style"": false, ""base"": ""oat"", ""package_type"": ""unknown"", ""sweetness"": ""original""}","{""attributes"": 1.0, ""brand"": 1.0, ""needs_review"": false, ""overall"": 0.92, ""product_type"": 1.0, ""quantity"": 1.0, ""warnings"": [""package_type is unknown""]}",0.92,False,[],"[""package_type is unknown""]",https://example.com/whole_foods/products/wf_0025,2026-05-06T21:11:00,3.97
wf_0026,whole_foods,Oatly Barista Edition Oatmilk 32 fl oz,oatly barista edition oatmilk 32 fl oz,Oatly,Oatly,Plant-Based,plant_based_milk,oat_milk,plant_based_milk,5.95,0.1859,,32.0,fl oz,1,32.0,fl_oz,32.0,32.0,volume,fl_oz,unknown,False,False,False,"{""barista_style"": true, ""base"": ""oat"", ""package_type"": ""unknown"", ""sweetness"": ""unknown""}","{""attributes"": 1.0, ""brand"": 1.0, ""needs_review"": false, ""overall"": 0.92, ""product_type"": 1.0, ""quantity"": 1.0, ""warnings"": [""package_type is unknown""]}",0.92,False,[],"[""package_type is unknown""]",https://example.com/whole_foods/products/wf_0026,2026-05-06T20:20:00,3.45
wf_0027,whole_foods,Horizn 0rganic Whole Milk 64 fl oz,horizn organic whole milk 64 fl oz,Horizon Organic,Horizon Organic,Dairy & Eggs,unknown,milk,dairy_milk,5.41,,,64.0,fl oz,1,64.0,fl_oz,64.0,64.0,volume,fl_oz,unknown,True,False,False,"{""fat_content"": ""whole"", ""lactose_free"": false, ""organic"": true, ""package_type"": ""unknown""}","{""attributes"": 1.0, ""brand"": 1.0, ""needs_review"": false, ""overall"": 0.92, ""product_type"": 1.0, ""quantity"": 1.0, ""warnings"": [""package_type is unknown""]}",0.92,False,[],"[""package_type is unknown""]",https://example.com/whole_foods/products/wf_0027,2026-05-06T19:29:00,3.79
wf_0028,whole_foods,"Chobani Greek Yogurt, Blueberry on the Bottom, 5.3 oz",chobani greek yogurt blueberry on the bottom 5.3 oz,Chobani,Chobani,Dairy & Eggs,unknown,greek_yogurt,yogurt,1.6,,Save $1,5.3,oz,1,5.3,oz,5.3,5.3,weight,oz,unknown,False,False,False,"{""fat_content"": ""unknown"", ""flavor"": ""blueberry"", ""multi_pack"": false, ""organic"": false, ""package_type"": ""unknown"", ""style"": ""greek""}","{""attributes"": 1.0, ""brand"": 1.0, ""needs_review"": false, ""overall"": 0.92, ""product_type"": 1.0, ""quantity"": 1.0, ""warnings"": [""package_type is unknown""]}",0.92,False,[],"[""package_type is unknown""]",https://example.com/whole_foods/products/wf_0028,2026-05-06T16:39:00,0.93
wf_0029,whole_foods,"Chobani Greek Yogurt, Strawberry on the Bottom, 5.3 oz",chobani greek yogurt strawberry on the bottom 5.3 oz,Chobani,Chobani,Dairy & Eggs,unknown,greek_yogurt,yogurt,1.58,0.2981,Save $1,5.3,oz,1,5.3,oz,5.3,5.3,weight,oz,unknown,False,False,False,"{""fat_content"": ""unknown"", ""flavor"": ""strawberry"", ""multi_pack"": false, ""organic"": false, ""package_type"": ""unknown"", ""style"": ""greek""}","{""attributes"": 1.0, ""brand"": 1.0, ""needs_review"": false, ""overall"": 0.92, ""product_type"": 1.0, ""quantity"": 1.0, ""warnings"": [""package_type is unknown""]}",0.92,False,[],"[""package_type is unknown""]",https://example.com/whole_foods/products/wf_0029,2026-05-06T14:40:00,1.17
wf_0030,whole_foods,FAGE Total Plain Whole Milk Greek Yogurt 35.3 oz,fage total plain whole milk greek yogurt 35.3 oz,FAGE,FAGE,Dairy & Eggs,unknown,greek_yogurt,yogurt,7.5,,Save $1,35.3,oz,1,35.3,oz,35.3,35.3,weight,oz,unknown,False,False,False,"{""fat_content"": ""whole"", ""flavor"": ""plain"", ""multi_pack"": false, ""organic"": false, ""package_type"": ""unknown"", ""style"": ""greek""}","{""attributes"": 1.0, ""brand"": 1.0, ""needs_review"": false, ""overall"": 0.92, ""product_type"": 1.0, ""quantity"": 1.0, ""warnings"": [""package_type is unknown""]}",0.92,False,[],"[""package_type is unknown""]",https://example.com/whole_foods/products/wf_0030,2026-05-06T13:32:00,5.25
wf_0031,whole_foods,General Mills Cheerios Original 12 oz,general mills cheerios original 12 oz,Cheerios,Cheerios,Breakfast,pantry,cereal,pantry,4.84,0.4033,,12.0,oz,1,12.0,oz,12.0,12.0,weight,oz,unknown,False,False,False,"{""flavor"": ""original"", ""organic"": false, ""package_type"": ""unknown""}","{""attributes"": 1.0, ""brand"": 1.0, ""needs_review"": false, ""overall"": 0.92, ""product_type"": 1.0, ""quantity"": 1.0, ""warnings"": [""package_type is unknown""]}",0.92,False,[],"[""package_type is unknown""]",https://example.com/whole_foods/products/wf_0031,2026-05-06T12:41:00,3.36
wf_0032,whole_foods,Quaker Old Fashioned Oats 42 oz,quaker old fashioned oats 42 oz,Quaker,Quaker,Breakfast,pantry,cereal,pantry,7.86,0.1871,Prime member deal,42.0,oz,1,42.0,oz,42.0,42.0,weight,oz,unknown,False,False,False,"{""flavor"": ""unknown"", ""organic"": false, ""package_type"": ""unknown""}","{""attributes"": 1.0, ""brand"": 1.0, ""needs_review"": false, ""overall"": 0.92, ""product_type"": 1.0, ""quantity"": 1.0, ""warnings"": [""package_type is unknown""]}",0.92,False,[],"[""package_type is unknown""]",https://example.com/whole_foods/products/wf_0032,2026-05-06T09:51:00,5.74
wf_0033,whole_foods,Jif Creamy Peanut Butter 16 oz,jif creamy peanut butter 16 oz,Jif,Jif,Pantry,pantry,peanut_butter,pantry,4.23,,,16.0,oz,1,16.0,oz,16.0,16.0,weight,oz,unknown,False,False,False,"{""flavor"": ""unknown"", ""organic"": false, ""package_type"": ""unknown""}","{""attributes"": 1.0, ""brand"": 1.0, ""needs_review"": false, ""overall"": 0.92, ""product_type"": 1.0, ""quantity"": 1.0, ""warnings"": [""package_type is unknown""]}",0.92,False,[],"[""package_type is unknown""]",https://example.com/whole_foods/products/wf_0033,2026-05-06T03:03:00,3.1
wf_0034,whole_foods,Barilla Spaghetti Pasta 16 oz,barilla spaghetti pasta 16 oz,Barilla,Barilla,Pantry,pantry,pasta,pantry,2.53,,,16.0,oz,1,16.0,oz,16.0,16.0,weight,oz,unknown,False,False,False,"{""flavor"": ""unknown"", ""organic"": false, ""package_type"": ""unknown""}","{""attributes"": 1.0, ""brand"": 1.0, ""needs_review"": false, ""overall"": 0.92, ""product_type"": 1.0, ""quantity"": 1.0, ""warnings"": [""package_type is unknown""]}",0.92,False,[],"[""package_type is unknown""]",https://example.com/whole_foods/products/wf_0034,2026-05-05T23:22:00,1.51
wf_0035,whole_foods,Rao's Homemade Marinara Sauce 24 oz,rao s homemade marinara sauce 24 oz,Rao's,Rao's,Pantry,pantry,unknown,pantry,11.41,0.4754,Prime member deal,24.0,oz,1,24.0,oz,24.0,24.0,weight,oz,unknown,False,False,False,"{""flavor"": ""unknown"", ""organic"": false, ""package_type"": ""unknown""}","{""attributes"": 1.0, ""brand"": 1.0, ""needs_review"": true, ""overall"": 0.745, ""product_type"": 0.3, ""quantity"": 1.0, ""warnings"": [""product_type is unknown"", ""package_type is unknown""]}",0.745,True,"[""product_type""]","[""product_type is unknown"", ""package_type is unknown""]",https://example.com/whole_foods/products/wf_0035,2026-05-05T22:14:00,8.74
wf_0036,whole_foods,Ben & Jerry's Cherry Garcia Ice Cream 1 Pint,ben and jerry s cherry garcia ice cream 1 pint,Ben & Jerry's,Ben Jerry S,Frozen Foods,frozen,ice_cream,frozen,6.91,0.4319,,16.0,fl oz,1,16.0,fl_oz,16.0,16.0,volume,fl_oz,unknown,False,False,False,"{""flavor"": ""unknown"", ""organic"": false, ""package_type"": ""unknown""}","{""attributes"": 1.0, ""brand"": 1.0, ""needs_review"": false, ""overall"": 0.92, ""product_type"": 1.0, ""quantity"": 1.0, ""warnings"": [""package_type is unknown""]}",0.92,False,[],"[""package_type is unknown""]",https://example.com/whole_foods/products/wf_0036,2026-05-05T19:58:00,4.6
wf_0037,whole_foods,Tropicana Pure Premium Orange Juice No Pulp 52 fl oz,tropicana pure premium orange juice no pulp 52 fl oz,Tropicana,Tropicana,Beverages,beverages,orange_juice,beverages,6.23,0.1198,,52.0,fl oz,1,52.0,fl_oz,52.0,52.0,volume,fl_oz,unknown,False,False,False,"{""caffeine"": ""unknown"", ""carbonated"": false, ""diet_type"": ""regular"", ""flavor"": ""orange"", ""package_type"": ""unknown""}","{""attributes"": 1.0, ""brand"": 1.0, ""needs_review"": false, ""overall"": 0.92, ""product_type"": 1.0, ""quantity"": 1.0, ""warnings"": [""package_type is unknown""]}",0.92,False,[],"[""package_type is unknown""]",https://example.com/whole_foods/products/wf_0037,2026-05-05T17:59:00,4.83
wf_0038,whole_foods,Starbucks Pike Place Roast Whole Bean Coffee 12 oz,starbucks pike place roast whole bean coffee 12 oz,Starbucks,Starbucks,Beverages,beverages,coffee,beverages,15.82,1.3183,,12.0,oz,1,12.0,oz,12.0,12.0,weight,oz,unknown,False,False,False,"{""caffeine"": ""caffeinated"", ""carbonated"": false, ""diet_type"": ""regular"", ""flavor"": ""classic"", ""package_type"": ""unknown""}","{""attributes"": 1.0, ""brand"": 1.0, ""needs_review"": false, ""overall"": 0.92, ""product_type"": 1.0, ""quantity"": 1.0, ""warnings"": [""package_type is unknown""]}",0.92,False,[],"[""package_type is unknown""]",https://example.com/whole_foods/products/wf_0038,2026-05-05T15:26:00,9.39
wf_0039,whole_foods,KIND Dark Chocolate Nuts & Sea Salt Bars 6 ct,kind dark chocolate nuts and sea salt bars 6 count,KIND,Kind,Snacks,snacks,unknown,snacks,8.16,0.9714,,1.4,oz,6,1.4,oz,1.4,8.399999999999999,weight,oz,unknown,False,False,False,"{""flavor"": ""unknown"", ""organic"": false, ""package_type"": ""unknown""}","{""attributes"": 1.0, ""brand"": 1.0, ""needs_review"": true, ""overall"": 0.745, ""product_type"": 0.3, ""quantity"": 1.0, ""warnings"": [""product_type is unknown"", ""package_type is unknown""]}",0.745,True,"[""product_type""]","[""product_type is unknown"", ""package_type is unknown""]",https://example.com/whole_foods/products/wf_0039,2026-05-05T14:18:00,5.16
wf_0040,whole_foods,Organ1c Fuj1 AppIs (each),organic fuj1 appis each,,unknown,Produce,produce,unknown,produce,3.18,3.18,Save $1,1.0,each,1,1.0,count,1.0,1.0,count,count,each,True,False,False,"{""organic"": true, ""package_type"": ""each"", ""produce_form"": ""loose"", ""unit_basis"": ""each"", ""variety"": ""unknown""}","{""attributes"": 1.0, ""brand"": 0.4, ""needs_review"": true, ""overall"": 0.675, ""product_type"": 0.3, ""quantity"": 1.0, ""warnings"": [""canonical_brand is unknown"", ""product_type is unknown""]}",0.675,True,"[""product_type""]","[""canonical_brand is unknown"", ""product_type is unknown""]",https://example.com/whole_foods/products/wf_0040,2026-05-05T10:54:00,1.78
wf_0041,whole_foods,Organic Bananas (each),organic bananas each,,unknown,Produce,produce,bananas,produce,0.7,,,1.0,each,1,1.0,count,1.0,1.0,count,count,each,True,False,False,"{""organic"": true, ""package_type"": ""each"", ""produce_form"": ""loose"", ""unit_basis"": ""each"", ""variety"": ""unknown""}","{""attributes"": 1.0, ""brand"": 0.4, ""needs_review"": false, ""overall"": 0.85, ""product_type"": 1.0, ""quantity"": 1.0, ""warnings"": [""canonical_brand is unknown""]}",0.85,False,[],"[""canonical_brand is unknown""]",https://example.com/whole_foods/products/wf_0041,2026-05-05T10:03:00,0.49
wf_0042,whole_foods,Boneless Skinless Chicken Breasts per lb,boneless skinless chicken breasts per lb,,unknown,Meat & Seafood,meat_seafood,unknown,meat_seafood,6.39,,,1.0,lb,1,1.0,lb,16.0,16.0,weight,oz,unknown,False,False,False,"{""animal"": ""chicken"", ""bone_status"": ""boneless"", ""cut"": ""unknown"", ""fresh_or_frozen"": ""unknown"", ""organic"": false, ""package_type"": ""unknown"", ""skin_status"": ""skinless""}","{""attributes"": 0.75, ""brand"": 0.4, ""needs_review"": true, ""overall"": 0.613, ""product_type"": 0.3, ""quantity"": 1.0, ""warnings"": [""canonical_brand is unknown"", ""product_type is unknown"", ""missing required attributes: cut""]}",0.613,True,"[""product_type"", ""cut""]","[""canonical_brand is unknown"", ""product_type is unknown"", ""missing required attributes: cut""]",https://example.com/whole_foods/products/wf_0042,2026-05-05T08:55:00,4.6
wf_0043,whole_foods,Atlantic Salmon Fillet per lb,atlantic salmon fillet per lb,,unknown,Meat & Seafood,meat_seafood,salmon,meat_seafood,14.57,,,1.0,lb,1,1.0,lb,16.0,16.0,weight,oz,unknown,False,False,False,"{""animal"": ""salmon"", ""bone_status"": ""unknown"", ""cut"": ""fillet"", ""fresh_or_frozen"": ""unknown"", ""organic"": false, ""package_type"": ""unknown"", ""skin_status"": ""unknown""}","{""attributes"": 1.0, ""brand"": 0.4, ""needs_review"": false, ""overall"": 0.85, ""product_type"": 1.0, ""quantity"": 1.0, ""warnings"": [""canonical_brand is unknown""]}",0.85,False,[],"[""canonical_brand is unknown""]",https://example.com/whole_foods/products/wf_0043,2026-05-05T06:56:00,11.14
wf_0044,whole_foods,Bulk Organic Gala Apples (each),bulk organic gala apples each,365,365,Produce,produce,apples,produce,6.85,,Prime member deal,1.0,each,1,1.0,count,1.0,1.0,count,count,each,True,True,True,"{""organic"": true, ""package_type"": ""each"", ""produce_form"": ""loose"", ""unit_basis"": ""per_lb"", ""variety"": ""gala""}","{""attributes"": 1.0, ""brand"": 1.0, ""needs_review"": false, ""overall"": 1.0, ""product_type"": 1.0, ""quantity"": 1.0, ""warnings"": []}",1.0,False,[],[],https://example.com/whole_foods/products/wf_0044,2026-05-05T04:40:00,5.08
wf_0045,whole_foods,Allegro Coffee Organic French Roast 12 oz,allegro coffee organic french roast 12 oz,Allegro,Allegro,Beverages,beverages,coffee,beverages,14.17,1.1808,,12.0,oz,1,12.0,oz,12.0,12.0,weight,oz,unknown,True,False,False,"{""caffeine"": ""caffeinated"", ""carbonated"": false, ""diet_type"": ""regular"", ""flavor"": ""classic"", ""package_type"": ""unknown""}","{""attributes"": 1.0, ""brand"": 1.0, ""needs_review"": false, ""overall"": 0.92, ""product_type"": 1.0, ""quantity"": 1.0, ""warnings"": [""package_type is unknown""]}",0.92,False,[],"[""package_type is unknown""]",https://example.com/whole_foods/products/wf_0045,2026-05-05T03:49:00,10.79
wf_0046,whole_foods,365 Organic Coconut Oil 14 oz,365 organic coconut oil 14 oz,365,365,Pantry,pantry,unknown,pantry,7.75,0.5536,,14.0,oz,1,14.0,oz,14.0,14.0,weight,oz,unknown,True,True,True,"{""flavor"": ""unknown"", ""organic"": true, ""package_type"": ""unknown""}","{""attributes"": 1.0, ""brand"": 1.0, ""needs_review"": true, ""overall"": 0.745, ""product_type"": 0.3, ""quantity"": 1.0, ""warnings"": [""product_type is unknown"", ""package_type is unknown""]}",0.745,True,"[""product_type""]","[""product_type is unknown"", ""package_type is unknown""]",https://example.com/whole_foods/products/wf_0046,2026-05-05T03:32:00,5.07
wf_0047,whole_foods,365 Organic Maple Syrup Grade A 12 fl oz,365 organic maple syrup grade a 12 fl oz,365,365,Pantry,pantry,unknown,pantry,10.58,,,12.0,fl oz,1,12.0,fl_oz,12.0,12.0,volume,fl_oz,unknown,True,True,True,"{""flavor"": ""unknown"", ""organic"": true, ""package_type"": ""unknown""}","{""attributes"": 1.0, ""brand"": 1.0, ""needs_review"": true, ""overall"": 0.745, ""product_type"": 0.3, ""quantity"": 1.0, ""warnings"": [""product_type is unknown"", ""package_type is unknown""]}",0.745,True,"[""product_type""]","[""product_type is unknown"", ""package_type is unknown""]",https://example.com/whole_foods/products/wf_0047,2026-05-05T03:15:00,6.23
wf_0048,whole_foods,Vital Farms Pasture-Raised Eggs Dozen,vital farms pasture raised eggs dozen,Vital Farms,Vital Farms,Dairy & Eggs,unknown,eggs,eggs,8.92,0.7433,,12.0,ct,1,12.0,count,12.0,12.0,count,count,unknown,False,False,False,"{""cage_claim"": ""pasture_raised"", ""color"": ""unknown"", ""egg_size"": ""unknown"", ""organic"": false, ""package_type"": ""unknown""}","{""attributes"": 1.0, ""brand"": 1.0, ""needs_review"": false, ""overall"": 0.92, ""product_type"": 1.0, ""quantity"": 1.0, ""warnings"": [""package_type is unknown""]}",0.92,False,[],"[""package_type is unknown""]",https://example.com/whole_foods/products/wf_0048,2026-05-05T02:58:00,5.84
wf_0049,whole_foods,365 Organic Quinoa 16 oz,365 organic quinoa 16 oz,365,365,Pantry,pantry,unknown,pantry,5.3,,Save $1,16.0,oz,1,16.0,oz,16.0,16.0,weight,oz,unknown,True,True,True,"{""flavor"": ""unknown"", ""organic"": true, ""package_type"": ""unknown""}","{""attributes"": 1.0, ""brand"": 1.0, ""needs_review"": true, ""overall"": 0.745, ""product_type"": 0.3, ""quantity"": 1.0, ""warnings"": [""product_type is unknown"", ""package_type is unknown""]}",0.745,True,"[""product_type""]","[""product_type is unknown"", ""package_type is unknown""]",https://example.com/whole_foods/products/wf_0049,2026-05-05T02:41:00,3.36
wf_0050,whole_foods,Whole Foods Bakery Sourdough Boule 24 oz,whole foods bakery sourdough boule 24 oz,Whole Foods Bakery,Whole Foods Bakery,Bakery,bakery,unknown,bakery,8.44,0.3517,,24.0,oz,1,24.0,oz,24.0,24.0,weight,oz,unknown,False,True,False,"{""flavor"": ""unknown"", ""organic"": false, ""package_type"": ""unknown""}","{""attributes"": 1.0, ""brand"": 1.0, ""needs_review"": true, ""overall"": 0.825, ""product_type"": 0.3, ""quantity"": 1.0, ""warnings"": [""product_type is unknown""]}",0.825,True,"[""product_type""]","[""product_type is unknown""]",https://example.com/whole_foods/products/wf_0050,2026-05-05T02:24:00,6.07
wf_0051,whole_foods,Siggi's Plain Skyr Yogurt 24 oz,siggi s plain skyr yogurt 24 oz,Siggi's,Siggi S,Dairy & Eggs,unknown,yogurt,yogurt,7.63,0.3179,,24.0,oz,1,24.0,oz,24.0,24.0,weight,oz,unknown,False,False,False,"{""fat_content"": ""unknown"", ""flavor"": ""plain"", ""multi_pack"": false, ""organic"": false, ""package_type"": ""unknown"", ""style"": ""skyr""}","{""attributes"": 1.0, ""brand"": 1.0, ""needs_review"": false, ""overall"": 0.92, ""product_type"": 1.0, ""quantity"": 1.0, ""warnings"": [""package_type is unknown""]}",0.92,False,[],"[""package_type is unknown""]",https://example.com/whole_foods/products/wf_0051,2026-05-05T02:07:00,5.63
wf_0052,whole_foods,365 Organic Tomato Paste 6 oz Can,365 organic tomato paste 6 oz can,365,365,Pantry,pantry,unknown,pantry,1.73,,,6.0,oz,1,6.0,oz,6.0,6.0,weight,oz,can,True,True,True,"{""flavor"": ""unknown"", ""organic"": true, ""package_type"": ""can""}","{""attributes"": 1.0, ""brand"": 1.0, ""needs_review"": true, ""overall"": 0.825, ""product_type"": 0.3, ""quantity"": 1.0, ""warnings"": [""product_type is unknown""]}",0.825,True,"[""product_type""]","[""product_type is unknown""]",https://example.com/whole_foods/products/wf_0052,2026-05-05T01:50:00,1.09
wf_0053,whole_foods,Save $1 Mary's Free Range Whole Chicken per lb,save 1 mary s free range whole chicken per lb,Mary's,Mary S,Meat & Seafood,meat_seafood,unknown,meat_seafood,5.45,5.45,Save $1,1.0,lb,1,1.0,lb,16.0,16.0,weight,oz,unknown,False,False,False,"{""animal"": ""chicken"", ""bone_status"": ""unknown"", ""cut"": ""unknown"", ""fresh_or_frozen"": ""unknown"", ""organic"": false, ""package_type"": ""unknown"", ""skin_status"": ""unknown""}","{""attributes"": 0.75, ""brand"": 1.0, ""needs_review"": true, ""overall"": 0.762, ""product_type"": 0.3, ""quantity"": 1.0, ""warnings"": [""product_type is unknown"", ""missing required attributes: cut""]}",0.762,True,"[""product_type"", ""cut""]","[""product_type is unknown"", ""missing required attributes: cut""]",https://example.com/whole_foods/products/wf_0053,2026-05-05T01:33:00,3.35
wf_0054,whole_foods,Manchego Cheese 1/4 lb wedge,manchego cheese 1/4 lb wedge,Whole Foods,Whole Foods,Dairy & Eggs,unknown,cheese,cheese,9.58,,,0.25,lb,1,0.25,lb,4.0,4.0,weight,oz,unknown,False,False,False,"{""flavor"": ""unknown"", ""organic"": false, ""package_type"": ""unknown""}","{""attributes"": 1.0, ""brand"": 1.0, ""needs_review"": false, ""overall"": 1.0, ""product_type"": 1.0, ""quantity"": 1.0, ""warnings"": []}",1.0,False,[],[],https://example.com/whole_foods/products/wf_0054,2026-05-05T01:16:00,6.4
wf_0055,whole_foods,Burrata Cheese 8 oz tub,burrata cheese 8 oz tub,Belgioioso,Belgioioso,Dairy & Eggs,unknown,cheese,cheese,8.39,1.0488,,8.0,oz,1,8.0,oz,8.0,8.0,weight,oz,tub,False,False,False,"{""flavor"": ""unknown"", ""organic"": false, ""package_type"": ""tub""}","{""attributes"": 1.0, ""brand"": 1.0, ""needs_review"": false, ""overall"": 1.0, ""product_type"": 1.0, ""quantity"": 1.0, ""warnings"": []}",1.0,False,[],[],https://example.com/whole_foods/products/wf_0055,2026-05-05T00:59:00,5.15
wf_0056,whole_foods,Whole Foods Prepared Caesar Salad 8 oz,whole foods prepared caesar salad 8 oz,Whole Foods,Whole Foods,Produce,produce,unknown,produce,9.63,,,8.0,oz,1,8.0,oz,8.0,8.0,weight,oz,unknown,False,True,False,"{""organic"": false, ""package_type"": ""unknown"", ""produce_form"": ""unknown"", ""unit_basis"": ""unknown"", ""variety"": ""unknown""}","{""attributes"": 0.5, ""brand"": 1.0, ""needs_review"": true, ""overall"": 0.7, ""product_type"": 0.3, ""quantity"": 1.0, ""warnings"": [""product_type is unknown"", ""missing required attributes: produce_form, unit_basis""]}",0.7,True,"[""product_type"", ""produce_form"", ""unit_basis""]","[""product_type is unknown"", ""missing required attributes: produce_form, unit_basis""]",https://example.com/whole_foods/products/wf_0056,2026-05-05T00:42:00,6.79
wf_0057,whole_foods,Bulk Pistachios per lb,bulk pistachios per lb,,unknown,Snacks,snacks,unknown,snacks,17.65,17.65,Prime member deal,1.0,lb,1,1.0,lb,16.0,16.0,weight,oz,bulk,False,False,False,"{""flavor"": ""unknown"", ""organic"": false, ""package_type"": ""bulk""}","{""attributes"": 1.0, ""brand"": 0.4, ""needs_review"": true, ""overall"": 0.675, ""product_type"": 0.3, ""quantity"": 1.0, ""warnings"": [""canonical_brand is unknown"", ""product_type is unknown""]}",0.675,True,"[""canonical_brand"", ""product_type""]","[""canonical_brand is unknown"", ""product_type is unknown""]",https://example.com/whole_foods/products/wf_0057,2026-05-05T00:25:00,12.83
wf_0058,whole_foods,365 Organic Hummus Classic 10 oz,365 organic hummus classic 10 oz,365,365,Snacks,snacks,unknown,snacks,5.18,0.518,,10.0,oz,1,10.0,oz,10.0,10.0,weight,oz,unknown,True,True,True,"{""flavor"": ""classic"", ""organic"": true, ""package_type"": ""unknown""}","{""attributes"": 1.0, ""brand"": 1.0, ""needs_review"": true, ""overall"": 0.745, ""product_type"": 0.3, ""quantity"": 1.0, ""warnings"": [""product_type is unknown"", ""package_type is unknown""]}",0.745,True,"[""product_type""]","[""product_type is unknown"", ""package_type is unknown""]",https://example.com/whole_foods/products/wf_0058,2026-05-05T00:08:00,3.54
wf_0059,whole_foods,Honeycrisp Apples per lb,honeycrisp apples per lb,,unknown,Produce,produce,apples,produce,4.22,,,1.0,lb,1,1.0,lb,16.0,16.0,weight,oz,unknown,False,False,False,"{""organic"": false, ""package_type"": ""unknown"", ""produce_form"": ""unknown"", ""unit_basis"": ""unknown"", ""variety"": ""unknown""}","{""attributes"": 0.5, ""brand"": 0.4, ""needs_review"": true, ""overall"": 0.725, ""product_type"": 1.0, ""quantity"": 1.0, ""warnings"": [""canonical_brand is unknown"", ""missing required attributes: produce_form, unit_basis""]}",0.725,True,"[""produce_form"", ""unit_basis""]","[""canonical_brand is unknown"", ""missing required attributes: produce_form, unit_basis""]",https://example.com/whole_foods/products/wf_0059,2026-05-04T23:51:00,2.38
wf_0060,whole_foods,Organic Heirloom Tomatoes per lb,organic heirloom tomatoes per lb,,unknown,Produce,produce,unknown,produce,7.91,7.91,,1.0,lb,1,1.0,lb,16.0,16.0,weight,oz,unknown,True,False,False,"{""organic"": true, ""package_type"": ""unknown"", ""produce_form"": ""unknown"", ""unit_basis"": ""unknown"", ""variety"": ""unknown""}","{""attributes"": 0.5, ""brand"": 0.4, ""needs_review"": true, ""overall"": 0.55, ""product_type"": 0.3, ""quantity"": 1.0, ""warnings"": [""canonical_brand is unknown"", ""product_type is unknown"", ""missing required attributes: produce_form, unit_basis""]}",0.55,True,"[""product_type"", ""produce_form"", ""unit_basis""]","[""canonical_brand is unknown"", ""product_type is unknown"", ""missing required attributes: produce_form, unit_basis""]",https://example.com/whole_foods/products/wf_0060,2026-05-04T23:34:00,4.87
wf_0061,whole_foods,Whole Foods Sushi California Roll 8 pc,whole foods sushi california roll 8 pc,Whole Foods,Whole Foods,Meat & Seafood,meat_seafood,unknown,meat_seafood,11.93,1.4912,,8.0,ct,1,8.0,count,8.0,8.0,count,count,unknown,False,True,False,"{""animal"": ""unknown"", ""bone_status"": ""unknown"", ""cut"": ""unknown"", ""fresh_or_frozen"": ""unknown"", ""organic"": false, ""package_type"": ""unknown"", ""skin_status"": ""unknown""}","{""attributes"": 0.5, ""brand"": 1.0, ""needs_review"": true, ""overall"": 0.7, ""product_type"": 0.3, ""quantity"": 1.0, ""warnings"": [""product_type is unknown"", ""missing required attributes: animal, cut""]}",0.7,True,"[""product_type"", ""animal"", ""cut""]","[""product_type is unknown"", ""missing required attributes: animal, cut""]",https://example.com/whole_foods/products/wf_0061,2026-05-04T23:17:00,6.69
wf_0062,whole_foods,0rganic Avocados 4 ct bag,organic avocados 4 count bag,,unknown,Produce,produce,avocados,produce,8.32,,Save $1,4.0,ct,1,4.0,count,4.0,4.0,count,count,bag,True,False,False,"{""organic"": true, ""package_type"": ""bag"", ""produce_form"": ""bagged"", ""unit_basis"": ""package"", ""variety"": ""unknown""}","{""attributes"": 1.0, ""brand"": 0.4, ""needs_review"": false, ""overall"": 0.85, ""product_type"": 1.0, ""quantity"": 1.0, ""warnings"": [""canonical_brand is unknown""]}",0.85,False,[],"[""canonical_brand is unknown""]",https://example.com/whole_foods/products/wf_0062,2026-05-04T23:00:00,4.75
wf_0063,whole_foods,365 Organic Black Pepper Ground 2.5 oz,365 organic black pepper ground 2.5 oz,365,365,Pantry,pantry,unknown,pantry,5.67,2.268,,2.5,oz,1,2.5,oz,2.5,2.5,weight,oz,unknown,True,True,True,"{""flavor"": ""unknown"", ""organic"": true, ""package_type"": ""unknown""}","{""attributes"": 1.0, ""brand"": 1.0, ""needs_review"": true, ""overall"": 0.745, ""product_type"": 0.3, ""quantity"": 1.0, ""warnings"": [""product_type is unknown"", ""package_type is unknown""]}",0.745,True,"[""product_type""]","[""product_type is unknown"", ""package_type is unknown""]",https://example.com/whole_foods/products/wf_0063,2026-05-04T22:43:00,3.52
wf_0064,whole_foods,365 Organic Vegetable Broth 32 fl oz,365 organic vegetable broth 32 fl oz,365,365,Pantry,pantry,unknown,pantry,3.81,0.1191,,32.0,fl oz,1,32.0,fl_oz,32.0,32.0,volume,fl_oz,unknown,True,True,True,"{""flavor"": ""unknown"", ""organic"": true, ""package_type"": ""unknown""}","{""attributes"": 1.0, ""brand"": 1.0, ""needs_review"": true, ""overall"": 0.745, ""product_type"": 0.3, ""quantity"": 1.0, ""warnings"": [""product_type is unknown"", ""package_type is unknown""]}",0.745,True,"[""product_type""]","[""product_type is unknown"", ""package_type is unknown""]",https://example.com/whole_foods/products/wf_0064,2026-05-04T22:26:00,2.16
wf_0065,whole_foods,Whole Foods Rotisserie Chicken each,whole foods rotisserie chicken each,Whole Foods,Whole Foods,Meat & Seafood,meat_seafood,unknown,meat_seafood,11.71,,Prime member deal,1.0,each,1,1.0,count,1.0,1.0,count,count,each,False,True,False,"{""animal"": ""chicken"", ""bone_status"": ""unknown"", ""cut"": ""unknown"", ""fresh_or_frozen"": ""unknown"", ""organic"": false, ""package_type"": ""each"", ""skin_status"": ""unknown""}","{""attributes"": 0.75, ""brand"": 1.0, ""needs_review"": true, ""overall"": 0.762, ""product_type"": 0.3, ""quantity"": 1.0, ""warnings"": [""product_type is unknown"", ""missing required attributes: cut""]}",0.762,True,"[""product_type"", ""cut""]","[""product_type is unknown"", ""missing required attributes: cut""]",https://example.com/whole_foods/products/wf_0065,2026-05-04T22:09:00,7.58
wf_0066,whole_foods,Stonyfield Organic Whole Milk Yogurt 32 oz,stonyfield organic whole milk yogurt 32 oz,Stonyfield,Stonyfield,Dairy & Eggs,unknown,milk,dairy_milk,6.41,,,32.0,oz,1,32.0,oz,32.0,32.0,weight,oz,unknown,True,False,False,"{""fat_content"": ""whole"", ""lactose_free"": false, ""organic"": true, ""package_type"": ""unknown""}","{""attributes"": 1.0, ""brand"": 1.0, ""needs_review"": false, ""overall"": 0.92, ""product_type"": 1.0, ""quantity"": 1.0, ""warnings"": [""package_type is unknown""]}",0.92,False,[],"[""package_type is unknown""]",https://example.com/whole_foods/products/wf_0066,2026-05-04T21:52:00,4.07
wf_0067,whole_foods,365 Organic Frozen Wild Blueberries 10 oz,365 organic frozen wild blueberries 10 oz,365,365,Frozen Foods,frozen,berries,produce,5.68,,Save $1,10.0,oz,1,10.0,oz,10.0,10.0,weight,oz,unknown,True,True,True,"{""organic"": true, ""package_type"": ""unknown"", ""produce_form"": ""unknown"", ""unit_basis"": ""unknown"", ""variety"": ""unknown""}","{""attributes"": 0.5, ""brand"": 1.0, ""needs_review"": true, ""overall"": 0.725, ""product_type"": 1.0, ""quantity"": 1.0, ""warnings"": [""missing required attributes: produce_form, unit_basis"", ""raw category family frozen conflicts with inferred family produce""]}",0.725,True,"[""produce_form"", ""unit_basis""]","[""missing required attributes: produce_form, unit_basis"", ""raw category family frozen conflicts with inferred family produce""]",https://example.com/whole_foods/products/wf_0067,2026-05-04T21:35:00,3.82
wf_0068,whole_foods,Organic Kal Bunch each,organic kal bunch each,,unknown,Produce,produce,unknown,produce,3.56,3.56,,1.0,each,1,1.0,count,1.0,1.0,count,count,bunch,True,False,False,"{""organic"": true, ""package_type"": ""bunch"", ""produce_form"": ""bunch"", ""unit_basis"": ""each"", ""variety"": ""unknown""}","{""attributes"": 1.0, ""brand"": 0.4, ""needs_review"": true, ""overall"": 0.675, ""product_type"": 0.3, ""quantity"": 1.0, ""warnings"": [""canonical_brand is unknown"", ""product_type is unknown""]}",0.675,True,"[""product_type""]","[""canonical_brand is unknown"", ""product_type is unknown""]",https://example.com/whole_foods/products/wf_0068,2026-05-04T21:18:00,2.07
wf_0069,whole_foods,La Colombe Triple Draft Latte 9 fl oz can,la colombe triple draft latte 9 fl oz can,La Colombe,La Colombe,Beverages,beverages,unknown,beverages,4.97,0.5522,Save $1,9.0,fl oz,1,9.0,fl_oz,9.0,9.0,volume,fl_oz,can,False,False,False,"{""caffeine"": ""unknown"", ""carbonated"": ""unknown"", ""diet_type"": ""regular"", ""flavor"": ""classic"", ""package_type"": ""can""}","{""attributes"": 1.0, ""brand"": 1.0, ""needs_review"": true, ""overall"": 0.825, ""product_type"": 0.3, ""quantity"": 1.0, ""warnings"": [""product_type is unknown""]}",0.825,True,"[""product_type""]","[""product_type is unknown""]",https://example.com/whole_foods/products/wf_0069,2026-05-04T21:01:00,3.02
wf_0070,whole_foods,365 Organic Almonds Raw 16 oz,365 organic almonds raw 16 oz,365,365,Snacks,snacks,unknown,snacks,11.33,,Prime member deal,16.0,oz,1,16.0,oz,16.0,16.0,weight,oz,unknown,True,True,True,"{""flavor"": ""unknown"", ""organic"": true, ""package_type"": ""unknown""}","{""attributes"": 1.0, ""brand"": 1.0, ""needs_review"": true, ""overall"": 0.745, ""product_type"": 0.3, ""quantity"": 1.0, ""warnings"": [""product_type is unknown"", ""package_type is unknown""]}",0.745,True,"[""product_type""]","[""product_type is unknown"", ""package_type is unknown""]",https://example.com/whole_foods/products/wf_0070,2026-05-04T20:44:00,6.77
wf_0071,whole_foods,Bulk Organic Quinoa per lb,bulk organic quinoa per lb,,unknown,Pantry,pantry,unknown,pantry,7.03,7.03,,1.0,lb,1,1.0,lb,16.0,16.0,weight,oz,bulk,True,False,False,"{""flavor"": ""unknown"", ""organic"": true, ""package_type"": ""bulk""}","{""attributes"": 1.0, ""brand"": 0.4, ""needs_review"": true, ""overall"": 0.675, ""product_type"": 0.3, ""quantity"": 1.0, ""warnings"": [""canonical_brand is unknown"", ""product_type is unknown""]}",0.675,True,"[""canonical_brand"", ""product_type""]","[""canonical_brand is unknown"", ""product_type is unknown""]",https://example.com/whole_foods/products/wf_0071,2026-05-04T20:27:00,5.41
wf_0072,whole_foods,Hu Dark Chocolate Bar 2.1 oz,hu dark chocolate bar 2.1 oz,Hu,Hu,Snacks,snacks,unknown,snacks,6.53,3.1095,,2.1,oz,1,2.1,oz,2.1,2.1,weight,oz,unknown,False,False,False,"{""flavor"": ""unknown"", ""organic"": false, ""package_type"": ""unknown""}","{""attributes"": 1.0, ""brand"": 1.0, ""needs_review"": true, ""overall"": 0.745, ""product_type"": 0.3, ""quantity"": 1.0, ""warnings"": [""product_type is unknown"", ""package_type is unknown""]}",0.745,True,"[""product_type""]","[""product_type is unknown"", ""package_type is unknown""]",https://example.com/whole_foods/products/wf_0072,2026-05-04T20:10:00,3.61
wf_0073,whole_foods,365 Organic Coconut Milk Can 13.5 fl oz,365 organic coconut milk can 13.5 fl oz,365,365,Pantry,pantry,milk,dairy_milk,3.66,,,13.5,fl oz,1,13.5,fl_oz,13.5,13.5,volume,fl_oz,can,True,True,True,"{""fat_content"": ""unknown"", ""lactose_free"": false, ""organic"": true, ""package_type"": ""can""}","{""attributes"": 0.75, ""brand"": 1.0, ""needs_review"": true, ""overall"": 0.787, ""product_type"": 1.0, ""quantity"": 1.0, ""warnings"": [""missing required attributes: fat_content"", ""raw category family pantry conflicts with inferred family dairy_milk""]}",0.787,True,"[""fat_content""]","[""missing required attributes: fat_content"", ""raw category family pantry conflicts with inferred family dairy_milk""]",https://example.com/whole_foods/products/wf_0073,2026-05-04T19:53:00,2.59
wf_0074,whole_foods,Whole Foods Garlic Naan 4 ct,whole foods garlic naan 4 count,Whole Foods,Whole Foods,Bakery,bakery,unknown,bakery,5.2,1.3,,4.0,ct,1,4.0,count,4.0,4.0,count,count,unknown,False,True,False,"{""flavor"": ""unknown"", ""organic"": false, ""package_type"": ""unknown""}","{""attributes"": 1.0, ""brand"": 1.0, ""needs_review"": true, ""overall"": 0.825, ""product_type"": 0.3, ""quantity"": 1.0, ""warnings"": [""product_type is unknown""]}",0.825,True,"[""product_type""]","[""product_type is unknown""]",https://example.com/whole_foods/products/wf_0074,2026-05-04T19:36:00,4.82
wf_0075,whole_foods,365 All-Purpose Flour 5 lb,365 all purpose flour 5 lb,365,365,Pantry,pantry,unknown,pantry,6.16,,,5.0,lb,1,5.0,lb,80.0,80.0,weight,oz,unknown,False,True,True,"{""flavor"": ""unknown"", ""organic"": false, ""package_type"": ""unknown""}","{""attributes"": 1.0, ""brand"": 1.0, ""needs_review"": true, ""overall"": 0.745, ""product_type"": 0.3, ""quantity"": 1.0, ""warnings"": [""product_type is unknown"", ""package_type is unknown""]}",0.745,True,"[""product_type""]","[""product_type is unknown"", ""package_type is unknown""]",https://example.com/whole_foods/products/wf_0075,2026-05-03T17:49:00,4.4
wf_0076,whole_foods,365 Granulated Sugar 4 lb,365 granulated sugar 4 lb,365,365,Pantry,pantry,unknown,pantry,10.8,,,4.0,lb,1,4.0,lb,64.0,64.0,weight,oz,unknown,False,True,True,"{""flavor"": ""unknown"", ""organic"": false, ""package_type"": ""unknown""}","{""attributes"": 1.0, ""brand"": 1.0, ""needs_review"": true, ""overall"": 0.745, ""product_type"": 0.3, ""quantity"": 1.0, ""warnings"": [""product_type is unknown"", ""package_type is unknown""]}",0.745,True,"[""product_type""]","[""product_type is unknown"", ""package_type is unknown""]",https://example.com/whole_foods/products/wf_0076,2026-05-03T17:32:00,6.39
wf_0077,whole_foods,365 Brown Sugar 16 oz,365 brown sugar 16 oz,365,365,Pantry,pantry,unknown,pantry,3.9,,,16.0,oz,1,16.0,oz,16.0,16.0,weight,oz,unknown,False,True,True,"{""flavor"": ""unknown"", ""organic"": false, ""package_type"": ""unknown""}","{""attributes"": 1.0, ""brand"": 1.0, ""needs_review"": true, ""overall"": 0.745, ""product_type"": 0.3, ""quantity"": 1.0, ""warnings"": [""product_type is unknown"", ""package_type is unknown""]}",0.745,True,"[""product_type""]","[""product_type is unknown"", ""package_type is unknown""]",https://example.com/whole_foods/products/wf_0077,2026-05-03T17:15:00,2.95
wf_0078,whole_foods,365 Baking Soda 16 oz,365 baking soda 16 oz,365,365,Pantry,pantry,unknown,pantry,1.43,,,16.0,oz,1,16.0,oz,16.0,16.0,weight,oz,unknown,False,True,True,"{""flavor"": ""unknown"", ""organic"": false, ""package_type"": ""unknown""}","{""attributes"": 1.0, ""brand"": 1.0, ""needs_review"": true, ""overall"": 0.745, ""product_type"": 0.3, ""quantity"": 1.0, ""warnings"": [""product_type is unknown"", ""package_type is unknown""]}",0.745,True,"[""product_type""]","[""product_type is unknown"", ""package_type is unknown""]",https://example.com/whole_foods/products/wf_0078,2026-05-03T16:58:00,0.87
wf_0079,whole_foods,365 Baking Powder 8 oz,365 baking powder 8 oz,365,365,Pantry,pantry,unknown,pantry,3.7,,,8.0,oz,1,8.0,oz,8.0,8.0,weight,oz,unknown,False,True,True,"{""flavor"": ""unknown"", ""organic"": false, ""package_type"": ""unknown""}","{""attributes"": 1.0, ""brand"": 1.0, ""needs_review"": true, ""overall"": 0.745, ""product_type"": 0.3, ""quantity"": 1.0, ""warnings"": [""product_type is unknown"", ""package_type is unknown""]}",0.745,True,"[""product_type""]","[""product_type is unknown"", ""package_type is unknown""]",https://example.com/whole_foods/products/wf_0079,2026-05-03T16:41:00,2.1
wf_0080,whole_foods,365 Active Dry Yeast 0.75 oz 3 ct,365 active dry yeast 0.75 oz 3 count,365,365,Pantry,pantry,unknown,pantry,4.72,6.2933,Save $1,0.25,oz,3,0.25,oz,0.25,0.75,weight,oz,unknown,False,True,True,"{""flavor"": ""unknown"", ""organic"": false, ""package_type"": ""unknown""}","{""attributes"": 1.0, ""brand"": 1.0, ""needs_review"": true, ""overall"": 0.745, ""product_type"": 0.3, ""quantity"": 1.0, ""warnings"": [""product_type is unknown"", ""package_type is unknown""]}",0.745,True,"[""product_type""]","[""product_type is unknown"", ""package_type is unknown""]",https://example.com/whole_foods/products/wf_0080,2026-05-03T16:24:00,2.97
wf_0081,whole_foods,365 Vanilla Extract 2 fl oz,365 vanilla extract 2 fl oz,365,365,Pantry,pantry,unknown,pantry,5.92,,,2.0,fl oz,1,2.0,fl_oz,2.0,2.0,volume,fl_oz,unknown,False,True,True,"{""flavor"": ""unknown"", ""organic"": false, ""package_type"": ""unknown""}","{""attributes"": 1.0, ""brand"": 1.0, ""needs_review"": true, ""overall"": 0.745, ""product_type"": 0.3, ""quantity"": 1.0, ""warnings"": [""product_type is unknown"", ""package_type is unknown""]}",0.745,True,"[""product_type""]","[""product_type is unknown"", ""package_type is unknown""]",https://example.com/whole_foods/products/wf_0081,2026-05-03T16:07:00,4.12
wf_0082,whole_foods,365 Ground Cinnamon 2 oz,365 ground cinnamon 2 oz,365,365,Pantry,pantry,unknown,pantry,4.15,,,2.0,oz,1,2.0,oz,2.0,2.0,weight,oz,unknown,False,True,True,"{""flavor"": ""unknown"", ""organic"": false, ""package_type"": ""unknown""}","{""attributes"": 1.0, ""brand"": 1.0, ""needs_review"": true, ""overall"": 0.745, ""product_type"": 0.3, ""quantity"": 1.0, ""warnings"": [""product_type is unknown"", ""package_type is unknown""]}",0.745,True,"[""product_type""]","[""product_type is unknown"", ""package_type is unknown""]",https://example.com/whole_foods/products/wf_0082,2026-05-03T15:50:00,3.01
wf_0083,whole_foods,365 Paprika 2 oz,365 paprika 2 oz,365,365,Pantry,pantry,unknown,pantry,2.88,1.44,Save $1,2.0,oz,1,2.0,oz,2.0,2.0,weight,oz,unknown,False,True,True,"{""flavor"": ""unknown"", ""organic"": false, ""package_type"": ""unknown""}","{""attributes"": 1.0, ""brand"": 1.0, ""needs_review"": true, ""overall"": 0.745, ""product_type"": 0.3, ""quantity"": 1.0, ""warnings"": [""product_type is unknown"", ""package_type is unknown""]}",0.745,True,"[""product_type""]","[""product_type is unknown"", ""package_type is unknown""]",https://example.com/whole_foods/products/wf_0083,2026-05-03T15:33:00,2.71
wf_0084,whole_foods,365 Ground Cumin 2 oz,365 ground cumin 2 oz,365,365,Pantry,pantry,unknown,pantry,5.97,2.985,,2.0,oz,1,2.0,oz,2.0,2.0,weight,oz,unknown,False,True,True,"{""flavor"": ""unknown"", ""organic"": false, ""package_type"": ""unknown""}","{""attributes"": 1.0, ""brand"": 1.0, ""needs_review"": true, ""overall"": 0.745, ""product_type"": 0.3, ""quantity"": 1.0, ""warnings"": [""product_type is unknown"", ""package_type is unknown""]}",0.745,True,"[""product_type""]","[""product_type is unknown"", ""package_type is unknown""]",https://example.com/whole_foods/products/wf_0084,2026-05-03T15:16:00,5.93
wf_0085,whole_foods,365 Italian Seasoning 0.75 oz,365 italian seasoning 0.75 oz,365,365,Pantry,pantry,unknown,pantry,3.49,4.6533,,0.75,oz,1,0.75,oz,0.75,0.75,weight,oz,unknown,False,True,True,"{""flavor"": ""unknown"", ""organic"": false, ""package_type"": ""unknown""}","{""attributes"": 1.0, ""brand"": 1.0, ""needs_review"": true, ""overall"": 0.745, ""product_type"": 0.3, ""quantity"": 1.0, ""warnings"": [""product_type is unknown"", ""package_type is unknown""]}",0.745,True,"[""product_type""]","[""product_type is unknown"", ""package_type is unknown""]",https://example.com/whole_foods/products/wf_0085,2026-05-03T14:59:00,1.97
wf_0086,whole_foods,365 Garlic Powder 3 oz,365 garlic powder 3 oz,365,365,Pantry,pantry,unknown,pantry,3.25,1.0833,,3.0,oz,1,3.0,oz,3.0,3.0,weight,oz,unknown,False,True,True,"{""flavor"": ""unknown"", ""organic"": false, ""package_type"": ""unknown""}","{""attributes"": 1.0, ""brand"": 1.0, ""needs_review"": true, ""overall"": 0.745, ""product_type"": 0.3, ""quantity"": 1.0, ""warnings"": [""product_type is unknown"", ""package_type is unknown""]}",0.745,True,"[""product_type""]","[""product_type is unknown"", ""package_type is unknown""]",https://example.com/whole_foods/products/wf_0086,2026-05-03T14:42:00,2.3
wf_0087,whole_foods,365 Black Pepper Ground 3 oz,365 black pepper ground 3 oz,365,365,Pantry,pantry,unknown,pantry,5.02,,Save $1,3.0,oz,1,3.0,oz,3.0,3.0,weight,oz,unknown,False,True,True,"{""flavor"": ""unknown"", ""organic"": false, ""package_type"": ""unknown""}","{""attributes"": 1.0, ""brand"": 1.0, ""needs_review"": true, ""overall"": 0.745, ""product_type"": 0.3, ""quantity"": 1.0, ""warnings"": [""product_type is unknown"", ""package_type is unknown""]}",0.745,True,"[""product_type""]","[""product_type is unknown"", ""package_type is unknown""]",https://example.com/whole_foods/products/wf_0087,2026-05-03T14:25:00,3.02
wf_0088,whole_foods,365 Iodized Salt 26 oz,365 iodized salt 26 oz,365,365,Pantry,pantry,unknown,pantry,1.18,0.0454,,26.0,oz,1,26.0,oz,26.0,26.0,weight,oz,unknown,False,True,True,"{""flavor"": ""unknown"", ""organic"": false, ""package_type"": ""unknown""}","{""attributes"": 1.0, ""brand"": 1.0, ""needs_review"": true, ""overall"": 0.745, ""product_type"": 0.3, ""quantity"": 1.0, ""warnings"": [""product_type is unknown"", ""package_type is unknown""]}",0.745,True,"[""product_type""]","[""product_type is unknown"", ""package_type is unknown""]",https://example.com/whole_foods/products/wf_0088,2026-05-03T14:08:00,0.66
wf_0089,whole_foods,365 Sea Salt 17.6 oz,365 sea salt 17.6 oz,365,365,Pantry,pantry,unknown,pantry,4.87,0.2767,Prime member deal,17.6,oz,1,17.6,oz,17.6,17.6,weight,oz,unknown,False,True,True,"{""flavor"": ""unknown"", ""organic"": false, ""package_type"": ""unknown""}","{""attributes"": 1.0, ""brand"": 1.0, ""needs_review"": true, ""overall"": 0.745, ""product_type"": 0.3, ""quantity"": 1.0, ""warnings"": [""product_type is unknown"", ""package_type is unknown""]}",0.745,True,"[""product_type""]","[""product_type is unknown"", ""package_type is unknown""]",https://example.com/whole_foods/products/wf_0089,2026-05-03T13:51:00,3.15
wf_0090,whole_foods,365 Soy Sauce 10 fl oz,365 soy sauce 10 fl oz,365,365,Pantry,pantry,unknown,pantry,2.62,,,10.0,fl oz,1,10.0,fl_oz,10.0,10.0,volume,fl_oz,unknown,False,True,True,"{""flavor"": ""unknown"", ""organic"": false, ""package_type"": ""unknown""}","{""attributes"": 1.0, ""brand"": 1.0, ""needs_review"": true, ""overall"": 0.745, ""product_type"": 0.3, ""quantity"": 1.0, ""warnings"": [""product_type is unknown"", ""package_type is unknown""]}",0.745,True,"[""product_type""]","[""product_type is unknown"", ""package_type is unknown""]",https://example.com/whole_foods/products/wf_0090,2026-05-03T13:34:00,1.62
wf_0091,whole_foods,365 Apple Cider Vinegar 16 fl oz,365 apple cider vinegar 16 fl oz,365,365,Pantry,pantry,apples,produce,6.01,0.3756,,16.0,fl oz,1,16.0,fl_oz,16.0,16.0,volume,fl_oz,unknown,False,True,True,"{""organic"": false, ""package_type"": ""unknown"", ""produce_form"": ""unknown"", ""unit_basis"": ""unknown"", ""variety"": ""unknown""}","{""attributes"": 0.5, ""brand"": 1.0, ""needs_review"": true, ""overall"": 0.725, ""product_type"": 1.0, ""quantity"": 1.0, ""warnings"": [""missing required attributes: produce_form, unit_basis"", ""raw category family pantry conflicts with inferred family produce""]}",0.725,True,"[""produce_form"", ""unit_basis""]","[""missing required attributes: produce_form, unit_basis"", ""raw category family pantry conflicts with inferred family produce""]",https://example.com/whole_foods/products/wf_0091,2026-05-03T13:17:00,4.01
wf_0092,whole_foods,365 White Vinegar 32 fl oz,365 white vinegar 32 fl oz,365,365,Pantry,pantry,unknown,pantry,3.88,,,32.0,fl oz,1,32.0,fl_oz,32.0,32.0,volume,fl_oz,unknown,False,True,True,"{""flavor"": ""unknown"", ""organic"": false, ""package_type"": ""unknown""}","{""attributes"": 1.0, ""brand"": 1.0, ""needs_review"": true, ""overall"": 0.745, ""product_type"": 0.3, ""quantity"": 1.0, ""warnings"": [""product_type is unknown"", ""package_type is unknown""]}",0.745,True,"[""product_type""]","[""product_type is unknown"", ""package_type is unknown""]",https://example.com/whole_foods/products/wf_0092,2026-05-03T13:00:00,3.0
wf_0093,whole_foods,365 Yellow Mustard 8 oz,365 yellow mustard 8 oz,365,365,Pantry,pantry,unknown,pantry,2.37,,,8.0,oz,1,8.0,oz,8.0,8.0,weight,oz,unknown,False,True,True,"{""flavor"": ""unknown"", ""organic"": false, ""package_type"": ""unknown""}","{""attributes"": 1.0, ""brand"": 1.0, ""needs_review"": true, ""overall"": 0.745, ""product_type"": 0.3, ""quantity"": 1.0, ""warnings"": [""product_type is unknown"", ""package_type is unknown""]}",0.745,True,"[""product_type""]","[""product_type is unknown"", ""package_type is unknown""]",https://example.com/whole_foods/products/wf_0093,2026-05-03T12:43:00,1.57
wf_0094,whole_foods,365 Dijon Mustard 8 oz,365 dijon mustard 8 oz,365,365,Pantry,pantry,unknown,pantry,2.63,,,8.0,oz,1,8.0,oz,8.0,8.0,weight,oz,unknown,False,True,True,"{""flavor"": ""unknown"", ""organic"": false, ""package_type"": ""unknown""}","{""attributes"": 1.0, ""brand"": 1.0, ""needs_review"": true, ""overall"": 0.745, ""product_type"": 0.3, ""quantity"": 1.0, ""warnings"": [""product_type is unknown"", ""package_type is unknown""]}",0.745,True,"[""product_type""]","[""product_type is unknown"", ""package_type is unknown""]",https://example.com/whole_foods/products/wf_0094,2026-05-03T12:26:00,1.5
wf_0095,whole_foods,365 BBQ Sauce Original 18 oz,365 bbq sauce original 18 oz,365,365,Pantry,pantry,unknown,pantry,4.83,0.2683,,18.0,oz,1,18.0,oz,18.0,18.0,weight,oz,unknown,False,True,True,"{""flavor"": ""original"", ""organic"": false, ""package_type"": ""unknown""}","{""attributes"": 1.0, ""brand"": 1.0, ""needs_review"": true, ""overall"": 0.745, ""product_type"": 0.3, ""quantity"": 1.0, ""warnings"": [""product_type is unknown"", ""package_type is unknown""]}",0.745,True,"[""product_type""]","[""product_type is unknown"", ""package_type is unknown""]",https://example.com/whole_foods/products/wf_0095,2026-05-03T12:09:00,2.95
wf_0096,whole_foods,365 Hot Sauce 5 fl oz,365 hot sauce 5 fl oz,365,365,Pantry,pantry,unknown,pantry,3.14,0.628,,5.0,fl oz,1,5.0,fl_oz,5.0,5.0,volume,fl_oz,unknown,False,True,True,"{""flavor"": ""unknown"", ""organic"": false, ""package_type"": ""unknown""}","{""attributes"": 1.0, ""brand"": 1.0, ""needs_review"": true, ""overall"": 0.745, ""product_type"": 0.3, ""quantity"": 1.0, ""warnings"": [""product_type is unknown"", ""package_type is unknown""]}",0.745,True,"[""product_type""]","[""product_type is unknown"", ""package_type is unknown""]",https://example.com/whole_foods/products/wf_0096,2026-05-03T11:52:00,2.03
wf_0097,whole_foods,365 Sriracha 17 fl oz,365 sriracha 17 fl oz,365,365,Pantry,pantry,unknown,pantry,5.09,,,17.0,fl oz,1,17.0,fl_oz,17.0,17.0,volume,fl_oz,unknown,False,True,True,"{""flavor"": ""unknown"", ""organic"": false, ""package_type"": ""unknown""}","{""attributes"": 1.0, ""brand"": 1.0, ""needs_review"": true, ""overall"": 0.745, ""product_type"": 0.3, ""quantity"": 1.0, ""warnings"": [""product_type is unknown"", ""package_type is unknown""]}",0.745,True,"[""product_type""]","[""product_type is unknown"", ""package_type is unknown""]",https://example.com/whole_foods/products/wf_0097,2026-05-03T11:35:00,3.85
wf_0098,whole_foods,365 Strawberry Jam 12 oz,365 strawberry jam 12 oz,365,365,Pantry,pantry,unknown,pantry,5.35,0.4458,,12.0,oz,1,12.0,oz,12.0,12.0,weight,oz,unknown,False,True,True,"{""flavor"": ""unknown"", ""organic"": false, ""package_type"": ""unknown""}","{""attributes"": 1.0, ""brand"": 1.0, ""needs_review"": true, ""overall"": 0.745, ""product_type"": 0.3, ""quantity"": 1.0, ""warnings"": [""product_type is unknown"", ""package_type is unknown""]}",0.745,True,"[""product_type""]","[""product_type is unknown"", ""package_type is unknown""]",https://example.com/whole_foods/products/wf_0098,2026-05-03T11:18:00,3.5
wf_0099,whole_foods,365 Grape Jelly 18 oz,365 grape jelly 18 oz,365,365,Pantry,pantry,unknown,pantry,5.37,0.2983,Save $1,18.0,oz,1,18.0,oz,18.0,18.0,weight,oz,unknown,False,True,True,"{""flavor"": ""unknown"", ""organic"": false, ""package_type"": ""unknown""}","{""attributes"": 1.0, ""brand"": 1.0, ""needs_review"": true, ""overall"": 0.745, ""product_type"": 0.3, ""quantity"": 1.0, ""warnings"": [""product_type is unknown"", ""package_type is unknown""]}",0.745,True,"[""product_type""]","[""product_type is unknown"", ""package_type is unknown""]",https://example.com/whole_foods/products/wf_0099,2026-05-03T11:01:00,3.03
wf_0100,whole_foods,365 Maple Syrup Pure 8 fl oz,365 maple syrup pure 8 fl oz,365,365,Pantry,pantry,unknown,pantry,7.96,,Prime member deal,8.0,fl oz,1,8.0,fl_oz,8.0,8.0,volume,fl_oz,unknown,False,True,True,"{""flavor"": ""unknown"", ""organic"": false, ""package_type"": ""unknown""}","{""attributes"": 1.0, ""brand"": 1.0, ""needs_review"": true, ""overall"": 0.745, ""product_type"": 0.3, ""quantity"": 1.0, ""warnings"": [""product_type is unknown"", ""package_type is unknown""]}",0.745,True,"[""product_type""]","[""product_type is unknown"", ""package_type is unknown""]",https://example.com/whole_foods/products/wf_0100,2026-05-03T10:44:00,5.5
wf_0101,whole_foods,Save $1 365 Pancake Syrup 24 fl oz,save 1 365 pancake syrup 24 fl oz,365,365,Pantry,pantry,unknown,pantry,4.56,0.19,Save $1,24.0,fl oz,1,24.0,fl_oz,24.0,24.0,volume,fl_oz,unknown,False,True,True,"{""flavor"": ""unknown"", ""organic"": false, ""package_type"": ""unknown""}","{""attributes"": 1.0, ""brand"": 1.0, ""needs_review"": true, ""overall"": 0.745, ""product_type"": 0.3, ""quantity"": 1.0, ""warnings"": [""product_type is unknown"", ""package_type is unknown""]}",0.745,True,"[""product_type""]","[""product_type is unknown"", ""package_type is unknown""]",https://example.com/whole_foods/products/wf_0101,2026-05-03T10:27:00,3.22
wf_0102,whole_foods,365 Olive Oil 17 fl oz,365 olive oil 17 fl oz,365,365,Pantry,pantry,olive_oil,pantry,15.84,,,17.0,fl oz,1,17.0,fl_oz,17.0,17.0,volume,fl_oz,unknown,False,True,True,"{""flavor"": ""unknown"", ""organic"": false, ""package_type"": ""unknown""}","{""attributes"": 1.0, ""brand"": 1.0, ""needs_review"": false, ""overall"": 0.92, ""product_type"": 1.0, ""quantity"": 1.0, ""warnings"": [""package_type is unknown""]}",0.92,False,[],"[""package_type is unknown""]",https://example.com/whole_foods/products/wf_0102,2026-05-03T10:10:00,11.36
wf_0103,whole_foods,365 Canola Oil 48 fl oz,365 canola oil 48 fl oz,365,365,Pantry,pantry,unknown,pantry,5.5,0.1146,Save $1,48.0,fl oz,1,48.0,fl_oz,48.0,48.0,volume,fl_oz,unknown,False,True,True,"{""flavor"": ""unknown"", ""organic"": false, ""package_type"": ""unknown""}","{""attributes"": 1.0, ""brand"": 1.0, ""needs_review"": true, ""overall"": 0.745, ""product_type"": 0.3, ""quantity"": 1.0, ""warnings"": [""product_type is unknown"", ""package_type is unknown""]}",0.745,True,"[""product_type""]","[""product_type is unknown"", ""package_type is unknown""]",https://example.com/whole_foods/products/wf_0103,2026-05-03T09:53:00,3.66
wf_0104,whole_foods,365 Vegetable Oil 48 fl oz,365 vegetable oil 48 fl oz,365,365,Pantry,pantry,unknown,pantry,6.39,0.1331,,48.0,fl oz,1,48.0,fl_oz,48.0,48.0,volume,fl_oz,unknown,False,True,True,"{""flavor"": ""unknown"", ""organic"": false, ""package_type"": ""unknown""}","{""attributes"": 1.0, ""brand"": 1.0, ""needs_review"": true, ""overall"": 0.745, ""product_type"": 0.3, ""quantity"": 1.0, ""warnings"": [""product_type is unknown"", ""package_type is unknown""]}",0.745,True,"[""product_type""]","[""product_type is unknown"", ""package_type is unknown""]",https://example.com/whole_foods/products/wf_0104,2026-05-03T09:36:00,3.59
wf_0105,whole_foods,365 Chunk Light Tuna in Water 5 oz can,365 chunk light tuna in water 5 oz can,365,365,Pantry,pantry,unknown,pantry,2.3,,Save $1,5.0,oz,1,5.0,oz,5.0,5.0,weight,oz,can,False,True,True,"{""flavor"": ""unknown"", ""organic"": false, ""package_type"": ""can""}","{""attributes"": 1.0, ""brand"": 1.0, ""needs_review"": true, ""overall"": 0.825, ""product_type"": 0.3, ""quantity"": 1.0, ""warnings"": [""product_type is unknown""]}",0.825,True,"[""product_type""]","[""product_type is unknown""]",https://example.com/whole_foods/products/wf_0105,2026-05-03T09:19:00,1.72
wf_0106,whole_foods,365 Albacore Tuna in Water 5 oz can,365 albacore tuna in water 5 oz can,365,365,Pantry,pantry,unknown,pantry,2.92,0.584,Save $1,5.0,oz,1,5.0,oz,5.0,5.0,weight,oz,can,False,True,True,"{""flavor"": ""unknown"", ""organic"": false, ""package_type"": ""can""}","{""attributes"": 1.0, ""brand"": 1.0, ""needs_review"": true, ""overall"": 0.825, ""product_type"": 0.3, ""quantity"": 1.0, ""warnings"": [""product_type is unknown""]}",0.825,True,"[""product_type""]","[""product_type is unknown""]",https://example.com/whole_foods/products/wf_0106,2026-05-03T09:02:00,2.16
wf_0107,whole_foods,365 Diced Tomatoes 14.5 oz can,365 diced tomatoes 14.5 oz can,365,365,Pantry,pantry,unknown,pantry,3.36,0.2317,Prime member deal,14.5,oz,1,14.5,oz,14.5,14.5,weight,oz,can,False,True,True,"{""flavor"": ""unknown"", ""organic"": false, ""package_type"": ""can""}","{""attributes"": 1.0, ""brand"": 1.0, ""needs_review"": true, ""overall"": 0.825, ""product_type"": 0.3, ""quantity"": 1.0, ""warnings"": [""product_type is unknown""]}",0.825,True,"[""product_type""]","[""product_type is unknown""]",https://example.com/whole_foods/products/wf_0107,2026-05-03T08:45:00,2.2
wf_0108,whole_foods,365 Tomato Sauce 8 oz can,365 tomato sauce 8 oz can,365,365,Pantry,pantry,unknown,pantry,1.39,,,8.0,oz,1,8.0,oz,8.0,8.0,weight,oz,can,False,True,True,"{""flavor"": ""unknown"", ""organic"": false, ""package_type"": ""can""}","{""attributes"": 1.0, ""brand"": 1.0, ""needs_review"": true, ""overall"": 0.825, ""product_type"": 0.3, ""quantity"": 1.0, ""warnings"": [""product_type is unknown""]}",0.825,True,"[""product_type""]","[""product_type is unknown""]",https://example.com/whole_foods/products/wf_0108,2026-05-03T08:28:00,0.87
wf_0109,whole_foods,365 Tomato Paste 6 oz can,365 tomato paste 6 oz can,365,365,Pantry,pantry,unknown,pantry,1.71,0.285,,6.0,oz,1,6.0,oz,6.0,6.0,weight,oz,can,False,True,True,"{""flavor"": ""unknown"", ""organic"": false, ""package_type"": ""can""}","{""attributes"": 1.0, ""brand"": 1.0, ""needs_review"": true, ""overall"": 0.825, ""product_type"": 0.3, ""quantity"": 1.0, ""warnings"": [""product_type is unknown""]}",0.825,True,"[""product_type""]","[""product_type is unknown""]",https://example.com/whole_foods/products/wf_0109,2026-05-03T08:11:00,1.22
wf_0110,whole_foods,Prime member deal 365 Sweet Corn Canned 15 oz can,prime member deal 365 sweet corn canned 15 oz can,365,365,Pantry,pantry,unknown,pantry,1.05,,Prime member deal,15.0,oz,1,15.0,oz,15.0,15.0,weight,oz,can,False,True,True,"{""flavor"": ""unknown"", ""organic"": false, ""package_type"": ""can""}","{""attributes"": 1.0, ""brand"": 1.0, ""needs_review"": true, ""overall"": 0.825, ""product_type"": 0.3, ""quantity"": 1.0, ""warnings"": [""product_type is unknown""]}",0.825,True,"[""product_type""]","[""product_type is unknown""]",https://example.com/whole_foods/products/wf_0110,2026-05-03T07:54:00,0.66
wf_0111,whole_foods,365 Green Beans Canned 14.5 oz can,365 green beans canned 14.5 oz can,365,365,Pantry,pantry,canned_beans,pantry,1.01,0.0697,Prime member deal,14.5,oz,1,14.5,oz,14.5,14.5,weight,oz,can,False,True,True,"{""flavor"": ""unknown"", ""organic"": false, ""package_type"": ""can""}","{""attributes"": 1.0, ""brand"": 1.0, ""needs_review"": false, ""overall"": 1.0, ""product_type"": 1.0, ""quantity"": 1.0, ""warnings"": []}",1.0,False,[],[],https://example.com/whole_foods/products/wf_0111,2026-05-03T07:37:00,0.56
wf_0112,whole_foods,365 Pinto Beans Canned 15 oz can,365 pinto beans canned 15 oz can,365,365,Pantry,pantry,canned_beans,pantry,1.6,,Save $1,15.0,oz,1,15.0,oz,15.0,15.0,weight,oz,can,False,True,True,"{""flavor"": ""unknown"", ""organic"": false, ""package_type"": ""can""}","{""attributes"": 1.0, ""brand"": 1.0, ""needs_review"": false, ""overall"": 1.0, ""product_type"": 1.0, ""quantity"": 1.0, ""warnings"": []}",1.0,False,[],[],https://example.com/whole_foods/products/wf_0112,2026-05-03T07:20:00,1.09
wf_0113,whole_foods,365 Kidney Beans Canned 15 oz can,365 kidney beans canned 15 oz can,365,365,Pantry,pantry,canned_beans,pantry,1.14,0.076,Prime member deal,15.0,oz,1,15.0,oz,15.0,15.0,weight,oz,can,False,True,True,"{""flavor"": ""unknown"", ""organic"": false, ""package_type"": ""can""}","{""attributes"": 1.0, ""brand"": 1.0, ""needs_review"": false, ""overall"": 1.0, ""product_type"": 1.0, ""quantity"": 1.0, ""warnings"": []}",1.0,False,[],[],https://example.com/whole_foods/products/wf_0113,2026-05-03T07:03:00,0.81
wf_0114,whole_foods,365 Garbanzo Beans Canned 15 oz can,365 garbanzo beans canned 15 oz can,365,365,Pantry,pantry,canned_beans,pantry,1.73,0.1153,,15.0,oz,1,15.0,oz,15.0,15.0,weight,oz,can,False,True,True,"{""flavor"": ""unknown"", ""organic"": false, ""package_type"": ""can""}","{""attributes"": 1.0, ""brand"": 1.0, ""needs_review"": false, ""overall"": 1.0, ""product_type"": 1.0, ""quantity"": 1.0, ""warnings"": []}",1.0,False,[],[],https://example.com/whole_foods/products/wf_0114,2026-05-03T06:46:00,1.23
wf_0115,whole_foods,365 Chicken Noodle Soup 10.5 oz can,365 chicken noodle soup 10.5 oz can,365,365,Pantry,pantry,soup,pantry,3.62,,Prime member deal,10.5,oz,1,10.5,oz,10.5,10.5,weight,oz,can,False,True,True,"{""flavor"": ""unknown"", ""organic"": false, ""package_type"": ""can""}","{""attributes"": 1.0, ""brand"": 1.0, ""needs_review"": false, ""overall"": 1.0, ""product_type"": 1.0, ""quantity"": 1.0, ""warnings"": []}",1.0,False,[],[],https://example.com/whole_foods/products/wf_0115,2026-05-03T06:29:00,2.51
wf_0116,whole_foods,365 Cream of Mushroom Soup 10.5 oz can,365 cream of mushroom soup 10.5 oz can,365,365,Pantry,pantry,soup,pantry,2.79,,,10.5,oz,1,10.5,oz,10.5,10.5,weight,oz,can,False,True,True,"{""flavor"": ""unknown"", ""organic"": false, ""package_type"": ""can""}","{""attributes"": 1.0, ""brand"": 1.0, ""needs_review"": false, ""overall"": 1.0, ""product_type"": 1.0, ""quantity"": 1.0, ""warnings"": []}",1.0,False,[],[],https://example.com/whole_foods/products/wf_0116,2026-05-03T06:12:00,1.98
wf_0117,whole_foods,365 Vegetable Broth 32 fl oz carton,365 vegetable broth 32 fl oz carton,365,365,Pantry,pantry,unknown,pantry,4.75,,,32.0,fl oz,1,32.0,fl_oz,32.0,32.0,volume,fl_oz,carton_or_jug,False,True,True,"{""flavor"": ""unknown"", ""organic"": false, ""package_type"": ""carton_or_jug""}","{""attributes"": 1.0, ""brand"": 1.0, ""needs_review"": true, ""overall"": 0.825, ""product_type"": 0.3, ""quantity"": 1.0, ""warnings"": [""product_type is unknown""]}",0.825,True,"[""product_type""]","[""product_type is unknown""]",https://example.com/whole_foods/products/wf_0117,2026-05-03T05:55:00,3.35
wf_0118,whole_foods,365 Chicken Broth 32 fl oz carton,365 chicken broth 32 fl oz carton,365,365,Pantry,pantry,unknown,pantry,4.62,0.1444,Save $1,32.0,fl oz,1,32.0,fl_oz,32.0,32.0,volume,fl_oz,carton_or_jug,False,True,True,"{""flavor"": ""unknown"", ""organic"": false, ""package_type"": ""carton_or_jug""}","{""attributes"": 1.0, ""brand"": 1.0, ""needs_review"": true, ""overall"": 0.825, ""product_type"": 0.3, ""quantity"": 1.0, ""warnings"": [""product_type is unknown""]}",0.825,True,"[""product_type""]","[""product_type is unknown""]",https://example.com/whole_foods/products/wf_0118,2026-05-03T05:38:00,2.75
wf_0119,whole_foods,365 Penne Pasta 16 oz,365 penne pasta 16 oz,365,365,Pantry,pantry,pasta,pantry,2.61,,,16.0,oz,1,16.0,oz,16.0,16.0,weight,oz,unknown,False,True,True,"{""flavor"": ""unknown"", ""organic"": false, ""package_type"": ""unknown""}","{""attributes"": 1.0, ""brand"": 1.0, ""needs_review"": false, ""overall"": 0.92, ""product_type"": 1.0, ""quantity"": 1.0, ""warnings"": [""package_type is unknown""]}",0.92,False,[],"[""package_type is unknown""]",https://example.com/whole_foods/products/wf_0119,2026-05-03T05:21:00,1.76
wf_0120,whole_foods,365 Rotini Pasta 16 oz,365 rotini pasta 16 oz,365,365,Pantry,pantry,pasta,pantry,2.86,,,16.0,oz,1,16.0,oz,16.0,16.0,weight,oz,unknown,False,True,True,"{""flavor"": ""unknown"", ""organic"": false, ""package_type"": ""unknown""}","{""attributes"": 1.0, ""brand"": 1.0, ""needs_review"": false, ""overall"": 0.92, ""product_type"": 1.0, ""quantity"": 1.0, ""warnings"": [""package_type is unknown""]}",0.92,False,[],"[""package_type is unknown""]",https://example.com/whole_foods/products/wf_0120,2026-05-03T05:04:00,2.0
wf_0121,whole_foods,365 Elbow Macaroni 16 oz,365 elbow macaroni 16 oz,365,365,Pantry,pantry,unknown,pantry,1.92,0.12,,16.0,oz,1,16.0,oz,16.0,16.0,weight,oz,unknown,False,True,True,"{""flavor"": ""unknown"", ""organic"": false, ""package_type"": ""unknown""}","{""attributes"": 1.0, ""brand"": 1.0, ""needs_review"": true, ""overall"": 0.745, ""product_type"": 0.3, ""quantity"": 1.0, ""warnings"": [""product_type is unknown"", ""package_type is unknown""]}",0.745,True,"[""product_type""]","[""product_type is unknown"", ""package_type is unknown""]",https://example.com/whole_foods/products/wf_0121,2026-05-03T04:47:00,1.4
wf_0122,whole_foods,365 Lasagna Noodles 16 oz,365 lasagna noodles 16 oz,365,365,Pantry,pantry,unknown,pantry,3.71,,,16.0,oz,1,16.0,oz,16.0,16.0,weight,oz,unknown,False,True,True,"{""flavor"": ""unknown"", ""organic"": false, ""package_type"": ""unknown""}","{""attributes"": 1.0, ""brand"": 1.0, ""needs_review"": true, ""overall"": 0.745, ""product_type"": 0.3, ""quantity"": 1.0, ""warnings"": [""product_type is unknown"", ""package_type is unknown""]}",0.745,True,"[""product_type""]","[""product_type is unknown"", ""package_type is unknown""]",https://example.com/whole_foods/products/wf_0122,2026-05-03T04:30:00,2.78
wf_0123,whole_foods,365 Marinara Sauce 24 oz,365 marinara sauce 24 oz,365,365,Pantry,pantry,unknown,pantry,5.25,,,24.0,oz,1,24.0,oz,24.0,24.0,weight,oz,unknown,False,True,True,"{""flavor"": ""unknown"", ""organic"": false, ""package_type"": ""unknown""}","{""attributes"": 1.0, ""brand"": 1.0, ""needs_review"": true, ""overall"": 0.745, ""product_type"": 0.3, ""quantity"": 1.0, ""warnings"": [""product_type is unknown"", ""package_type is unknown""]}",0.745,True,"[""product_type""]","[""product_type is unknown"", ""package_type is unknown""]",https://example.com/whole_foods/products/wf_0123,2026-05-03T04:13:00,4.05
wf_0124,whole_foods,365 Alfredo Sauce 15 oz,365 alfredo sauce 15 oz,365,365,Pantry,pantry,unknown,pantry,3.67,0.2447,,15.0,oz,1,15.0,oz,15.0,15.0,weight,oz,unknown,False,True,True,"{""flavor"": ""unknown"", ""organic"": false, ""package_type"": ""unknown""}","{""attributes"": 1.0, ""brand"": 1.0, ""needs_review"": true, ""overall"": 0.745, ""product_type"": 0.3, ""quantity"": 1.0, ""warnings"": [""product_type is unknown"", ""package_type is unknown""]}",0.745,True,"[""product_type""]","[""product_type is unknown"", ""package_type is unknown""]",https://example.com/whole_foods/products/wf_0124,2026-05-03T03:56:00,2.38
wf_0125,whole_foods,365 Jasmine Rice 2 lb,365 jasmine rice 2 lb,365,365,Pantry,pantry,rice,pantry,4.73,,Prime member deal,2.0,lb,1,2.0,lb,32.0,32.0,weight,oz,unknown,False,True,True,"{""flavor"": ""unknown"", ""organic"": false, ""package_type"": ""unknown""}","{""attributes"": 1.0, ""brand"": 1.0, ""needs_review"": false, ""overall"": 0.92, ""product_type"": 1.0, ""quantity"": 1.0, ""warnings"": [""package_type is unknown""]}",0.92,False,[],"[""package_type is unknown""]",https://example.com/whole_foods/products/wf_0125,2026-05-03T03:39:00,4.79
wf_0126,whole_foods,365 Basmati Rice 2 lb,365 basmati rice 2 lb,365,365,Pantry,pantry,rice,pantry,10.61,,Prime member deal,2.0,lb,1,2.0,lb,32.0,32.0,weight,oz,unknown,False,True,True,"{""flavor"": ""unknown"", ""organic"": false, ""package_type"": ""unknown""}","{""attributes"": 1.0, ""brand"": 1.0, ""needs_review"": false, ""overall"": 0.92, ""product_type"": 1.0, ""quantity"": 1.0, ""warnings"": [""package_type is unknown""]}",0.92,False,[],"[""package_type is unknown""]",https://example.com/whole_foods/products/wf_0126,2026-05-03T03:22:00,7.56
wf_0127,whole_foods,365 Brown Rice 2 lb,365 brown rice 2 lb,365,365,Pantry,pantry,rice,pantry,8.07,4.035,Prime member deal,2.0,lb,1,2.0,lb,32.0,32.0,weight,oz,unknown,False,True,True,"{""flavor"": ""unknown"", ""organic"": false, ""package_type"": ""unknown""}","{""attributes"": 1.0, ""brand"": 1.0, ""needs_review"": false, ""overall"": 0.92, ""product_type"": 1.0, ""quantity"": 1.0, ""warnings"": [""package_type is unknown""]}",0.92,False,[],"[""package_type is unknown""]",https://example.com/whole_foods/products/wf_0127,2026-05-03T03:05:00,4.83
wf_0128,whole_foods,365 Quinoa 12 oz,365 quinoa 12 oz,365,365,Pantry,pantry,unknown,pantry,6.43,0.5358,,12.0,oz,1,12.0,oz,12.0,12.0,weight,oz,unknown,False,True,True,"{""flavor"": ""unknown"", ""organic"": false, ""package_type"": ""unknown""}","{""attributes"": 1.0, ""brand"": 1.0, ""needs_review"": true, ""overall"": 0.745, ""product_type"": 0.3, ""quantity"": 1.0, ""warnings"": [""product_type is unknown"", ""package_type is unknown""]}",0.745,True,"[""product_type""]","[""product_type is unknown"", ""package_type is unknown""]",https://example.com/whole_foods/products/wf_0128,2026-05-03T02:48:00,4.75
wf_0129,whole_foods,365 Steel Cut Oats 24 oz,365 steel cut oats 24 oz,365,365,Breakfast,pantry,cereal,pantry,5.51,,,24.0,oz,1,24.0,oz,24.0,24.0,weight,oz,unknown,False,True,True,"{""flavor"": ""unknown"", ""organic"": false, ""package_type"": ""unknown""}","{""attributes"": 1.0, ""brand"": 1.0, ""needs_review"": false, ""overall"": 0.92, ""product_type"": 1.0, ""quantity"": 1.0, ""warnings"": [""package_type is unknown""]}",0.92,False,[],"[""package_type is unknown""]",https://example.com/whole_foods/products/wf_0129,2026-05-03T02:31:00,4.25
wf_0130,whole_foods,365 Instant Oatmeal Variety Pack 12 ct,365 instant oatmeal variety pack 12 count,365,365,Breakfast,pantry,unknown,pantry,5.27,0.4392,,12.0,ct,1,12.0,count,12.0,12.0,count,count,unknown,False,True,True,"{""flavor"": ""unknown"", ""organic"": false, ""package_type"": ""unknown""}","{""attributes"": 1.0, ""brand"": 1.0, ""needs_review"": true, ""overall"": 0.745, ""product_type"": 0.3, ""quantity"": 1.0, ""warnings"": [""product_type is unknown"", ""package_type is unknown""]}",0.745,True,"[""product_type""]","[""product_type is unknown"", ""package_type is unknown""]",https://example.com/whole_foods/products/wf_0130,2026-05-03T02:14:00,3.89
wf_0131,whole_foods,365 Pancake Mix Original 32 oz,365 pancake mix original 32 oz,365,365,Breakfast,pantry,unknown,pantry,4.6,0.1437,Prime member deal,32.0,oz,1,32.0,oz,32.0,32.0,weight,oz,unknown,False,True,True,"{""flavor"": ""original"", ""organic"": false, ""package_type"": ""unknown""}","{""attributes"": 1.0, ""brand"": 1.0, ""needs_review"": true, ""overall"": 0.745, ""product_type"": 0.3, ""quantity"": 1.0, ""warnings"": [""product_type is unknown"", ""package_type is unknown""]}",0.745,True,"[""product_type""]","[""product_type is unknown"", ""package_type is unknown""]",https://example.com/whole_foods/products/wf_0131,2026-05-03T01:57:00,3.53
wf_0132,whole_foods,365 Plain Bagels 6 ct,365 plain bagels 6 count,365,365,Bakery,bakery,unknown,bakery,5.61,,Prime member deal,6.0,ct,1,6.0,count,6.0,6.0,count,count,unknown,False,True,True,"{""flavor"": ""plain"", ""organic"": false, ""package_type"": ""unknown""}","{""attributes"": 1.0, ""brand"": 1.0, ""needs_review"": true, ""overall"": 0.825, ""product_type"": 0.3, ""quantity"": 1.0, ""warnings"": [""product_type is unknown""]}",0.825,True,"[""product_type""]","[""product_type is unknown""]",https://example.com/whole_foods/products/wf_0132,2026-05-03T01:40:00,3.97
wf_0133,whole_foods,365 Hamburger Buns 8 ct,365 hamburger buns 8 count,365,365,Bakery,bakery,unknown,bakery,2.47,0.3088,Save $1,8.0,ct,1,8.0,count,8.0,8.0,count,count,unknown,False,True,True,"{""flavor"": ""unknown"", ""organic"": false, ""package_type"": ""unknown""}","{""attributes"": 1.0, ""brand"": 1.0, ""needs_review"": true, ""overall"": 0.825, ""product_type"": 0.3, ""quantity"": 1.0, ""warnings"": [""product_type is unknown""]}",0.825,True,"[""product_type""]","[""product_type is unknown""]",https://example.com/whole_foods/products/wf_0133,2026-05-03T01:23:00,1.55
wf_0134,whole_foods,365 Hot Dog Buns 8 ct,365 hot dog buns 8 count,365,365,Bakery,bakery,unknown,bakery,2.03,,,8.0,ct,1,8.0,count,8.0,8.0,count,count,unknown,False,True,True,"{""flavor"": ""unknown"", ""organic"": false, ""package_type"": ""unknown""}","{""attributes"": 1.0, ""brand"": 1.0, ""needs_review"": true, ""overall"": 0.825, ""product_type"": 0.3, ""quantity"": 1.0, ""warnings"": [""product_type is unknown""]}",0.825,True,"[""product_type""]","[""product_type is unknown""]",https://example.com/whole_foods/products/wf_0134,2026-05-03T01:06:00,1.24
wf_0135,whole_foods,365 Flour Tortillas 10 ct,365 flour tortillas 10 count,365,365,Bakery,bakery,unknown,bakery,3.38,0.338,Save $1,10.0,ct,1,10.0,count,10.0,10.0,count,count,unknown,False,True,True,"{""flavor"": ""unknown"", ""organic"": false, ""package_type"": ""unknown""}","{""attributes"": 1.0, ""brand"": 1.0, ""needs_review"": true, ""overall"": 0.825, ""product_type"": 0.3, ""quantity"": 1.0, ""warnings"": [""product_type is unknown""]}",0.825,True,"[""product_type""]","[""product_type is unknown""]",https://example.com/whole_foods/products/wf_0135,2026-05-03T00:49:00,2.34
wf_0136,whole_foods,365 Corn Tortillas 30 ct,365 corn tortillas 30 count,365,365,Bakery,bakery,unknown,bakery,4.57,0.1523,,30.0,ct,1,30.0,count,30.0,30.0,count,count,unknown,False,True,True,"{""flavor"": ""unknown"", ""organic"": false, ""package_type"": ""unknown""}","{""attributes"": 1.0, ""brand"": 1.0, ""needs_review"": true, ""overall"": 0.825, ""product_type"": 0.3, ""quantity"": 1.0, ""warnings"": [""product_type is unknown""]}",0.825,True,"[""product_type""]","[""product_type is unknown""]",https://example.com/whole_foods/products/wf_0136,2026-05-03T00:32:00,3.15
wf_0137,whole_foods,365 Pita Bread 6 ct,365 pita bread 6 count,365,365,Bakery,bakery,bread,bakery,4.51,0.7517,Save $1,6.0,ct,1,6.0,count,6.0,6.0,count,count,unknown,False,True,True,"{""flavor"": ""unknown"", ""organic"": false, ""package_type"": ""unknown""}","{""attributes"": 1.0, ""brand"": 1.0, ""needs_review"": false, ""overall"": 1.0, ""product_type"": 1.0, ""quantity"": 1.0, ""warnings"": []}",1.0,False,[],[],https://example.com/whole_foods/products/wf_0137,2026-05-03T00:15:00,3.26
wf_0138,whole_foods,365 English Muffins 6 ct,365 english muffins 6 count,365,365,Bakery,bakery,unknown,bakery,4.89,,,6.0,ct,1,6.0,count,6.0,6.0,count,count,unknown,False,True,True,"{""flavor"": ""unknown"", ""organic"": false, ""package_type"": ""unknown""}","{""attributes"": 1.0, ""brand"": 1.0, ""needs_review"": true, ""overall"": 0.825, ""product_type"": 0.3, ""quantity"": 1.0, ""warnings"": [""product_type is unknown""]}",0.825,True,"[""product_type""]","[""product_type is unknown""]",https://example.com/whole_foods/products/wf_0138,2026-05-02T23:58:00,3.42
wf_0139,whole_foods,Prime member deal 365 Half and Half 1 pt,prime member deal 365 half and half 1 pt,365,365,Dairy & Eggs,unknown,unknown,unknown,4.55,0.2844,Prime member deal,16.0,fl oz,1,16.0,fl_oz,16.0,16.0,volume,fl_oz,unknown,False,True,True,{},"{""attributes"": 1.0, ""brand"": 1.0, ""needs_review"": true, ""overall"": 0.825, ""product_type"": 0.3, ""quantity"": 1.0, ""warnings"": [""product_type is unknown""]}",0.825,True,"[""product_type""]","[""product_type is unknown""]",https://example.com/whole_foods/products/wf_0139,2026-05-02T23:41:00,2.72
wf_0140,whole_foods,Prime member deal 365 Heavy Whipping Cream 1 pt,prime member deal 365 heavy whipping cream 1 pt,365,365,Dairy & Eggs,unknown,unknown,unknown,5.31,0.3319,Prime member deal,16.0,fl oz,1,16.0,fl_oz,16.0,16.0,volume,fl_oz,unknown,False,True,True,{},"{""attributes"": 1.0, ""brand"": 1.0, ""needs_review"": true, ""overall"": 0.825, ""product_type"": 0.3, ""quantity"": 1.0, ""warnings"": [""product_type is unknown""]}",0.825,True,"[""product_type""]","[""product_type is unknown""]",https://example.com/whole_foods/products/wf_0140,2026-05-02T23:24:00,3.61
wf_0141,whole_foods,365 Sour Cream 8 oz,365 sour cream 8 oz,365,365,Dairy & Eggs,unknown,unknown,unknown,3.67,0.4587,Prime member deal,8.0,oz,1,8.0,oz,8.0,8.0,weight,oz,unknown,False,True,True,{},"{""attributes"": 1.0, ""brand"": 1.0, ""needs_review"": true, ""overall"": 0.825, ""product_type"": 0.3, ""quantity"": 1.0, ""warnings"": [""product_type is unknown""]}",0.825,True,"[""product_type""]","[""product_type is unknown""]",https://example.com/whole_foods/products/wf_0141,2026-05-02T23:07:00,2.63
wf_0142,whole_foods,365 Cottage Cheese 16 oz,365 cottage cheese 16 oz,365,365,Dairy & Eggs,unknown,cheese,cheese,5.74,0.3588,,16.0,oz,1,16.0,oz,16.0,16.0,weight,oz,unknown,False,True,True,"{""flavor"": ""unknown"", ""organic"": false, ""package_type"": ""unknown""}","{""attributes"": 1.0, ""brand"": 1.0, ""needs_review"": false, ""overall"": 1.0, ""product_type"": 1.0, ""quantity"": 1.0, ""warnings"": []}",1.0,False,[],[],https://example.com/whole_foods/products/wf_0142,2026-05-02T22:50:00,4.35
wf_0143,whole_foods,365 Ricotta Cheese 15 oz,365 ricotta cheese 15 oz,365,365,Dairy & Eggs,unknown,cheese,cheese,4.6,,,15.0,oz,1,15.0,oz,15.0,15.0,weight,oz,unknown,False,True,True,"{""flavor"": ""unknown"", ""organic"": false, ""package_type"": ""unknown""}","{""attributes"": 1.0, ""brand"": 1.0, ""needs_review"": false, ""overall"": 1.0, ""product_type"": 1.0, ""quantity"": 1.0, ""warnings"": []}",1.0,False,[],[],https://example.com/whole_foods/products/wf_0143,2026-05-02T22:33:00,2.92
wf_0144,whole_foods,365 String Cheese Mozzarella 12 ct,365 string cheese mozzarella 12 count,365,365,Dairy & Eggs,unknown,cheese,cheese,8.43,0.7025,,12.0,ct,1,12.0,count,12.0,12.0,count,count,unknown,False,True,True,"{""flavor"": ""unknown"", ""organic"": false, ""package_type"": ""unknown""}","{""attributes"": 1.0, ""brand"": 1.0, ""needs_review"": false, ""overall"": 1.0, ""product_type"": 1.0, ""quantity"": 1.0, ""warnings"": []}",1.0,False,[],[],https://example.com/whole_foods/products/wf_0144,2026-05-02T22:16:00,5.48
wf_0145,whole_foods,365 Sliced Swiss Cheese 8 oz,365 sliced swiss cheese 8 oz,365,365,Dairy & Eggs,unknown,cheese,cheese,4.69,0.5863,,8.0,oz,1,8.0,oz,8.0,8.0,weight,oz,unknown,False,True,True,"{""flavor"": ""unknown"", ""organic"": false, ""package_type"": ""unknown""}","{""attributes"": 1.0, ""brand"": 1.0, ""needs_review"": false, ""overall"": 1.0, ""product_type"": 1.0, ""quantity"": 1.0, ""warnings"": []}",1.0,False,[],[],https://example.com/whole_foods/products/wf_0145,2026-05-02T21:59:00,3.17
wf_0146,whole_foods,365 Pepper Jack Shredded 8 oz,365 pepper jack shredded 8 oz,365,365,Dairy & Eggs,unknown,unknown,unknown,6.27,0.7837,,8.0,oz,1,8.0,oz,8.0,8.0,weight,oz,unknown,False,True,True,{},"{""attributes"": 1.0, ""brand"": 1.0, ""needs_review"": true, ""overall"": 0.825, ""product_type"": 0.3, ""quantity"": 1.0, ""warnings"": [""product_type is unknown""]}",0.825,True,"[""product_type""]","[""product_type is unknown""]",https://example.com/whole_foods/products/wf_0146,2026-05-02T21:42:00,3.83
wf_0147,whole_foods,365 Plain Whole Milk Yogurt 32 oz,365 plain whole milk yogurt 32 oz,365,365,Dairy & Eggs,unknown,milk,dairy_milk,6.7,,,32.0,oz,1,32.0,oz,32.0,32.0,weight,oz,unknown,False,True,True,"{""fat_content"": ""whole"", ""lactose_free"": false, ""organic"": false, ""package_type"": ""unknown""}","{""attributes"": 1.0, ""brand"": 1.0, ""needs_review"": false, ""overall"": 0.92, ""product_type"": 1.0, ""quantity"": 1.0, ""warnings"": [""package_type is unknown""]}",0.92,False,[],"[""package_type is unknown""]",https://example.com/whole_foods/products/wf_0147,2026-05-02T21:25:00,4.87
wf_0148,whole_foods,365 Strawberry Yogurt 6 oz,365 strawberry yogurt 6 oz,365,365,Dairy & Eggs,unknown,yogurt,yogurt,1.77,,Prime member deal,6.0,oz,1,6.0,oz,6.0,6.0,weight,oz,unknown,False,True,True,"{""fat_content"": ""unknown"", ""flavor"": ""strawberry"", ""multi_pack"": false, ""organic"": false, ""package_type"": ""unknown"", ""style"": ""regular""}","{""attributes"": 1.0, ""brand"": 1.0, ""needs_review"": false, ""overall"": 0.92, ""product_type"": 1.0, ""quantity"": 1.0, ""warnings"": [""package_type is unknown""]}",0.92,False,[],"[""package_type is unknown""]",https://example.com/whole_foods/products/wf_0148,2026-05-02T21:08:00,1.13
wf_0149,whole_foods,365 Vanilla Almond Granola 12 oz,365 vanilla almond granola 12 oz,365,365,Breakfast,pantry,unknown,pantry,5.17,,Prime member deal,12.0,oz,1,12.0,oz,12.0,12.0,weight,oz,unknown,False,True,True,"{""flavor"": ""unknown"", ""organic"": false, ""package_type"": ""unknown""}","{""attributes"": 1.0, ""brand"": 1.0, ""needs_review"": true, ""overall"": 0.745, ""product_type"": 0.3, ""quantity"": 1.0, ""warnings"": [""product_type is unknown"", ""package_type is unknown""]}",0.745,True,"[""product_type""]","[""product_type is unknown"", ""package_type is unknown""]",https://example.com/whole_foods/products/wf_0149,2026-05-02T20:51:00,3.8
wf_0150,whole_foods,365 Honey Nut Granola 12 oz,365 honey nut granola 12 oz,365,365,Breakfast,pantry,honey,pantry,6.97,,,12.0,oz,1,12.0,oz,12.0,12.0,weight,oz,unknown,False,True,True,"{""flavor"": ""honey_nut"", ""organic"": false, ""package_type"": ""unknown""}","{""attributes"": 1.0, ""brand"": 1.0, ""needs_review"": false, ""overall"": 0.92, ""product_type"": 1.0, ""quantity"": 1.0, ""warnings"": [""package_type is unknown""]}",0.92,False,[],"[""package_type is unknown""]",https://example.com/whole_foods/products/wf_0150,2026-05-02T20:34:00,5.38
wf_0151,whole_foods,365 Granola Bars Chewy 8 ct,365 granola bars chewy 8 count,365,365,Snacks,snacks,granola_bars,snacks,6.7,0.997,,0.84,oz,8,0.84,oz,0.84,6.72,weight,oz,unknown,False,True,True,"{""flavor"": ""unknown"", ""organic"": false, ""package_type"": ""unknown""}","{""attributes"": 1.0, ""brand"": 1.0, ""needs_review"": false, ""overall"": 0.92, ""product_type"": 1.0, ""quantity"": 1.0, ""warnings"": [""package_type is unknown""]}",0.92,False,[],"[""package_type is unknown""]",https://example.com/whole_foods/products/wf_0151,2026-05-02T20:17:00,3.75
wf_0152,whole_foods,365 Pretzels Mini Twists 16 oz,365 pretzels mini twists 16 oz,365,365,Snacks,snacks,unknown,snacks,3.84,,,16.0,oz,1,16.0,oz,16.0,16.0,weight,oz,unknown,False,True,True,"{""flavor"": ""unknown"", ""organic"": false, ""package_type"": ""unknown""}","{""attributes"": 1.0, ""brand"": 1.0, ""needs_review"": true, ""overall"": 0.745, ""product_type"": 0.3, ""quantity"": 1.0, ""warnings"": [""product_type is unknown"", ""package_type is unknown""]}",0.745,True,"[""product_type""]","[""product_type is unknown"", ""package_type is unknown""]",https://example.com/whole_foods/products/wf_0152,2026-05-02T20:00:00,3.78
wf_0153,whole_foods,365 Pretzel Sticks 15 oz,365 pretzel sticks 15 oz,365,365,Snacks,snacks,unknown,snacks,4.13,,Prime member deal,15.0,oz,1,15.0,oz,15.0,15.0,weight,oz,stick,False,True,True,"{""flavor"": ""unknown"", ""organic"": false, ""package_type"": ""stick""}","{""attributes"": 1.0, ""brand"": 1.0, ""needs_review"": true, ""overall"": 0.825, ""product_type"": 0.3, ""quantity"": 1.0, ""warnings"": [""product_type is unknown""]}",0.825,True,"[""product_type""]","[""product_type is unknown""]",https://example.com/whole_foods/products/wf_0153,2026-05-02T19:43:00,2.63
wf_0154,whole_foods,365 Microwave Popcorn Butter 3 ct,365 microwave popcorn butter 3 count,365,365,Snacks,snacks,butter,butter,3.96,,,3.2,oz,3,3.2,oz,3.2,9.600000000000001,weight,oz,unknown,False,True,True,"{""flavor"": ""unknown"", ""organic"": false, ""package_type"": ""unknown""}","{""attributes"": 1.0, ""brand"": 1.0, ""needs_review"": false, ""overall"": 0.85, ""product_type"": 1.0, ""quantity"": 1.0, ""warnings"": [""raw category family snacks conflicts with inferred family butter""]}",0.85,False,[],"[""raw category family snacks conflicts with inferred family butter""]",https://example.com/whole_foods/products/wf_0154,2026-05-02T19:26:00,2.5
wf_0155,whole_foods,365 Mixed Nuts Salted 8 oz,365 mixed nuts salted 8 oz,365,365,Snacks,snacks,unknown,snacks,8.99,1.1238,Save $1,8.0,oz,1,8.0,oz,8.0,8.0,weight,oz,unknown,False,True,True,"{""flavor"": ""unknown"", ""organic"": false, ""package_type"": ""unknown""}","{""attributes"": 1.0, ""brand"": 1.0, ""needs_review"": true, ""overall"": 0.745, ""product_type"": 0.3, ""quantity"": 1.0, ""warnings"": [""product_type is unknown"", ""package_type is unknown""]}",0.745,True,"[""product_type""]","[""product_type is unknown"", ""package_type is unknown""]",https://example.com/whole_foods/products/wf_0155,2026-05-02T19:09:00,6.01
wf_0156,whole_foods,365 Roasted Cashews 8 oz,365 roasted cashews 8 oz,365,365,Snacks,snacks,unknown,snacks,8.5,,,8.0,oz,1,8.0,oz,8.0,8.0,weight,oz,unknown,False,True,True,"{""flavor"": ""unknown"", ""organic"": false, ""package_type"": ""unknown""}","{""attributes"": 1.0, ""brand"": 1.0, ""needs_review"": true, ""overall"": 0.745, ""product_type"": 0.3, ""quantity"": 1.0, ""warnings"": [""product_type is unknown"", ""package_type is unknown""]}",0.745,True,"[""product_type""]","[""product_type is unknown"", ""package_type is unknown""]",https://example.com/whole_foods/products/wf_0156,2026-05-02T18:52:00,5.49
wf_0157,whole_foods,365 Dried Cranberries 6 oz,365 dried cranberries 6 oz,365,365,Snacks,snacks,unknown,snacks,5.18,,Save $1,6.0,oz,1,6.0,oz,6.0,6.0,weight,oz,unknown,False,True,True,"{""flavor"": ""unknown"", ""organic"": false, ""package_type"": ""unknown""}","{""attributes"": 1.0, ""brand"": 1.0, ""needs_review"": true, ""overall"": 0.745, ""product_type"": 0.3, ""quantity"": 1.0, ""warnings"": [""product_type is unknown"", ""package_type is unknown""]}",0.745,True,"[""product_type""]","[""product_type is unknown"", ""package_type is unknown""]",https://example.com/whole_foods/products/wf_0157,2026-05-02T18:35:00,3.14
wf_0158,whole_foods,365 Raisins Seedless 12 oz,365 raisins seedless 12 oz,365,365,Snacks,snacks,unknown,snacks,5.17,,,12.0,oz,1,12.0,oz,12.0,12.0,weight,oz,unknown,False,True,True,"{""flavor"": ""unknown"", ""organic"": false, ""package_type"": ""unknown""}","{""attributes"": 1.0, ""brand"": 1.0, ""needs_review"": true, ""overall"": 0.745, ""product_type"": 0.3, ""quantity"": 1.0, ""warnings"": [""product_type is unknown"", ""package_type is unknown""]}",0.745,True,"[""product_type""]","[""product_type is unknown"", ""package_type is unknown""]",https://example.com/whole_foods/products/wf_0158,2026-05-02T18:18:00,3.04
wf_0159,whole_foods,365 Fruit Snacks Variety 10 ct,365 fruit snacks variety 10 count,365,365,Snacks,snacks,unknown,snacks,4.67,,Save $1,0.8,oz,10,0.8,oz,0.8,8.0,weight,oz,unknown,False,True,True,"{""flavor"": ""unknown"", ""organic"": false, ""package_type"": ""unknown""}","{""attributes"": 1.0, ""brand"": 1.0, ""needs_review"": true, ""overall"": 0.745, ""product_type"": 0.3, ""quantity"": 1.0, ""warnings"": [""product_type is unknown"", ""package_type is unknown""]}",0.745,True,"[""product_type""]","[""product_type is unknown"", ""package_type is unknown""]",https://example.com/whole_foods/products/wf_0159,2026-05-02T18:01:00,2.87
wf_0160,whole_foods,365 Apple Sauce Cups 6 ct,365 apple sauce cups 6 count,365,365,Snacks,snacks,apples,produce,3.51,,Prime member deal,4.0,oz,6,4.0,oz,4.0,24.0,weight,oz,cup,False,True,True,"{""organic"": false, ""package_type"": ""cup"", ""produce_form"": ""unknown"", ""unit_basis"": ""unknown"", ""variety"": ""unknown""}","{""attributes"": 0.5, ""brand"": 1.0, ""needs_review"": true, ""overall"": 0.725, ""product_type"": 1.0, ""quantity"": 1.0, ""warnings"": [""missing required attributes: produce_form, unit_basis"", ""raw category family snacks conflicts with inferred family produce""]}",0.725,True,"[""produce_form"", ""unit_basis""]","[""missing required attributes: produce_form, unit_basis"", ""raw category family snacks conflicts with inferred family produce""]",https://example.com/whole_foods/products/wf_0160,2026-05-02T17:44:00,2.57
wf_0161,whole_foods,365 Frozen Mixed Berries 12 oz,365 frozen mixed berries 12 oz,365,365,Frozen Foods,frozen,unknown,frozen,8.91,0.7425,Prime member deal,12.0,oz,1,12.0,oz,12.0,12.0,weight,oz,unknown,False,True,True,"{""flavor"": ""unknown"", ""organic"": false, ""package_type"": ""unknown""}","{""attributes"": 1.0, ""brand"": 1.0, ""needs_review"": true, ""overall"": 0.745, ""product_type"": 0.3, ""quantity"": 1.0, ""warnings"": [""product_type is unknown"", ""package_type is unknown""]}",0.745,True,"[""product_type""]","[""product_type is unknown"", ""package_type is unknown""]",https://example.com/whole_foods/products/wf_0161,2026-05-02T17:27:00,5.37
wf_0162,whole_foods,365 Frozen Strawberries 16 oz,365 frozen strawberries 16 oz,365,365,Frozen Foods,frozen,berries,produce,4.7,0.2938,,16.0,oz,1,16.0,oz,16.0,16.0,weight,oz,unknown,False,True,True,"{""organic"": false, ""package_type"": ""unknown"", ""produce_form"": ""unknown"", ""unit_basis"": ""unknown"", ""variety"": ""unknown""}","{""attributes"": 0.5, ""brand"": 1.0, ""needs_review"": true, ""overall"": 0.725, ""product_type"": 1.0, ""quantity"": 1.0, ""warnings"": [""missing required attributes: produce_form, unit_basis"", ""raw category family frozen conflicts with inferred family produce""]}",0.725,True,"[""produce_form"", ""unit_basis""]","[""missing required attributes: produce_form, unit_basis"", ""raw category family frozen conflicts with inferred family produce""]",https://example.com/whole_foods/products/wf_0162,2026-05-02T17:10:00,2.75
wf_0163,whole_foods,365 Frozen Broccoli 12 oz,365 frozen broccoli 12 oz,365,365,Frozen Foods,frozen,unknown,frozen,2.18,,Prime member deal,12.0,oz,1,12.0,oz,12.0,12.0,weight,oz,unknown,False,True,True,"{""flavor"": ""unknown"", ""organic"": false, ""package_type"": ""unknown""}","{""attributes"": 1.0, ""brand"": 1.0, ""needs_review"": true, ""overall"": 0.745, ""product_type"": 0.3, ""quantity"": 1.0, ""warnings"": [""product_type is unknown"", ""package_type is unknown""]}",0.745,True,"[""product_type""]","[""product_type is unknown"", ""package_type is unknown""]",https://example.com/whole_foods/products/wf_0163,2026-05-02T16:53:00,1.53
wf_0164,whole_foods,365 Frozen Peas 12 oz,365 frozen peas 12 oz,365,365,Frozen Foods,frozen,unknown,frozen,3.05,0.2542,Save $1,12.0,oz,1,12.0,oz,12.0,12.0,weight,oz,unknown,False,True,True,"{""flavor"": ""unknown"", ""organic"": false, ""package_type"": ""unknown""}","{""attributes"": 1.0, ""brand"": 1.0, ""needs_review"": true, ""overall"": 0.745, ""product_type"": 0.3, ""quantity"": 1.0, ""warnings"": [""product_type is unknown"", ""package_type is unknown""]}",0.745,True,"[""product_type""]","[""product_type is unknown"", ""package_type is unknown""]",https://example.com/whole_foods/products/wf_0164,2026-05-02T16:36:00,2.24
wf_0165,whole_foods,Prime member deal 365 Frozen Spinach 12 oz,prime member deal 365 frozen spinach 12 oz,365,365,Frozen Foods,frozen,spinach,produce,2.27,,Prime member deal,12.0,oz,1,12.0,oz,12.0,12.0,weight,oz,unknown,False,True,True,"{""organic"": false, ""package_type"": ""unknown"", ""produce_form"": ""unknown"", ""unit_basis"": ""unknown"", ""variety"": ""unknown""}","{""attributes"": 0.5, ""brand"": 1.0, ""needs_review"": true, ""overall"": 0.725, ""product_type"": 1.0, ""quantity"": 1.0, ""warnings"": [""missing required attributes: produce_form, unit_basis"", ""raw category family frozen conflicts with inferred family produce""]}",0.725,True,"[""produce_form"", ""unit_basis""]","[""missing required attributes: produce_form, unit_basis"", ""raw category family frozen conflicts with inferred family produce""]",https://example.com/whole_foods/products/wf_0165,2026-05-02T16:19:00,1.71
wf_0166,whole_foods,365 Frozen Waffles 10 ct,365 frozen waffles 10 count,365,365,Frozen Foods,frozen,unknown,frozen,4.01,,,1.25,oz,10,1.25,oz,1.25,12.5,weight,oz,unknown,False,True,True,"{""flavor"": ""unknown"", ""organic"": false, ""package_type"": ""unknown""}","{""attributes"": 1.0, ""brand"": 1.0, ""needs_review"": true, ""overall"": 0.745, ""product_type"": 0.3, ""quantity"": 1.0, ""warnings"": [""product_type is unknown"", ""package_type is unknown""]}",0.745,True,"[""product_type""]","[""product_type is unknown"", ""package_type is unknown""]",https://example.com/whole_foods/products/wf_0166,2026-05-02T16:02:00,2.21
wf_0167,whole_foods,365 Frozen Cheese Pizza 12 inch,365 frozen cheese pizza 12 inch,365,365,Frozen Foods,frozen,cheese,cheese,5.7,0.475,,12.0,oz,1,12.0,oz,12.0,12.0,weight,oz,unknown,False,True,True,"{""flavor"": ""unknown"", ""organic"": false, ""package_type"": ""unknown""}","{""attributes"": 1.0, ""brand"": 1.0, ""needs_review"": false, ""overall"": 0.85, ""product_type"": 1.0, ""quantity"": 1.0, ""warnings"": [""raw category family frozen conflicts with inferred family cheese""]}",0.85,False,[],"[""raw category family frozen conflicts with inferred family cheese""]",https://example.com/whole_foods/products/wf_0167,2026-05-02T15:45:00,3.48
wf_0168,whole_foods,365 Frozen Burritos Bean Cheese 8 ct,365 frozen burritos bean cheese 8 count,365,365,Frozen Foods,frozen,cheese,cheese,7.21,0.2253,Prime member deal,4.0,oz,8,4.0,oz,4.0,32.0,weight,oz,unknown,False,True,True,"{""flavor"": ""unknown"", ""organic"": false, ""package_type"": ""unknown""}","{""attributes"": 1.0, ""brand"": 1.0, ""needs_review"": false, ""overall"": 0.85, ""product_type"": 1.0, ""quantity"": 1.0, ""warnings"": [""raw category family frozen conflicts with inferred family cheese""]}",0.85,False,[],"[""raw category family frozen conflicts with inferred family cheese""]",https://example.com/whole_foods/products/wf_0168,2026-05-02T15:28:00,4.77
wf_0169,whole_foods,365 Vanilla Ice Cream 48 fl oz,365 vanilla ice cream 48 fl oz,365,365,Frozen Foods,frozen,ice_cream,frozen,4.97,,Save $1,48.0,fl oz,1,48.0,fl_oz,48.0,48.0,volume,fl_oz,unknown,False,True,True,"{""flavor"": ""unknown"", ""organic"": false, ""package_type"": ""unknown""}","{""attributes"": 1.0, ""brand"": 1.0, ""needs_review"": false, ""overall"": 0.92, ""product_type"": 1.0, ""quantity"": 1.0, ""warnings"": [""package_type is unknown""]}",0.92,False,[],"[""package_type is unknown""]",https://example.com/whole_foods/products/wf_0169,2026-05-02T15:11:00,3.71
wf_0170,whole_foods,365 Chocolate Ice Cream 48 fl oz,365 chocolate ice cream 48 fl oz,365,365,Frozen Foods,frozen,ice_cream,frozen,5.6,0.1167,Save $1,48.0,fl oz,1,48.0,fl_oz,48.0,48.0,volume,fl_oz,unknown,False,True,True,"{""flavor"": ""unknown"", ""organic"": false, ""package_type"": ""unknown""}","{""attributes"": 1.0, ""brand"": 1.0, ""needs_review"": false, ""overall"": 0.92, ""product_type"": 1.0, ""quantity"": 1.0, ""warnings"": [""package_type is unknown""]}",0.92,False,[],"[""package_type is unknown""]",https://example.com/whole_foods/products/wf_0170,2026-05-02T14:54:00,4.11
wf_0171,whole_foods,365 Cookies & Cream Ice Cream 48 fl oz,365 cookies and cream ice cream 48 fl oz,365,365,Frozen Foods,frozen,ice_cream,frozen,5.06,0.1054,,48.0,fl oz,1,48.0,fl_oz,48.0,48.0,volume,fl_oz,unknown,False,True,True,"{""flavor"": ""unknown"", ""organic"": false, ""package_type"": ""unknown""}","{""attributes"": 1.0, ""brand"": 1.0, ""needs_review"": false, ""overall"": 0.92, ""product_type"": 1.0, ""quantity"": 1.0, ""warnings"": [""package_type is unknown""]}",0.92,False,[],"[""package_type is unknown""]",https://example.com/whole_foods/products/wf_0171,2026-05-02T14:37:00,2.89
wf_0172,whole_foods,365 Apple Juice 64 fl oz,365 apple juice 64 fl oz,365,365,Beverages,beverages,apples,produce,3.68,,,64.0,fl oz,1,64.0,fl_oz,64.0,64.0,volume,fl_oz,unknown,False,True,True,"{""organic"": false, ""package_type"": ""unknown"", ""produce_form"": ""unknown"", ""unit_basis"": ""unknown"", ""variety"": ""unknown""}","{""attributes"": 0.5, ""brand"": 1.0, ""needs_review"": true, ""overall"": 0.725, ""product_type"": 1.0, ""quantity"": 1.0, ""warnings"": [""missing required attributes: produce_form, unit_basis"", ""raw category family beverages conflicts with inferred family produce""]}",0.725,True,"[""produce_form"", ""unit_basis""]","[""missing required attributes: produce_form, unit_basis"", ""raw category family beverages conflicts with inferred family produce""]",https://example.com/whole_foods/products/wf_0172,2026-05-02T14:20:00,2.58
wf_0173,whole_foods,365 Cranberry Juice Cocktail 64 fl oz,365 cranberry juice cocktail 64 fl oz,365,365,Beverages,beverages,unknown,beverages,5.32,0.0831,Prime member deal,64.0,fl oz,1,64.0,fl_oz,64.0,64.0,volume,fl_oz,unknown,False,True,True,"{""caffeine"": ""unknown"", ""carbonated"": false, ""diet_type"": ""regular"", ""flavor"": ""classic"", ""package_type"": ""unknown""}","{""attributes"": 1.0, ""brand"": 1.0, ""needs_review"": true, ""overall"": 0.745, ""product_type"": 0.3, ""quantity"": 1.0, ""warnings"": [""product_type is unknown"", ""package_type is unknown""]}",0.745,True,"[""product_type""]","[""product_type is unknown"", ""package_type is unknown""]",https://example.com/whole_foods/products/wf_0173,2026-05-02T14:03:00,4.06
wf_0174,whole_foods,365 Lemonade 64 fl oz,365 lemonade 64 fl oz,365,365,Beverages,beverages,unknown,beverages,3.07,,Prime member deal,64.0,fl oz,1,64.0,fl_oz,64.0,64.0,volume,fl_oz,unknown,False,True,True,"{""caffeine"": ""unknown"", ""carbonated"": ""unknown"", ""diet_type"": ""regular"", ""flavor"": ""classic"", ""package_type"": ""unknown""}","{""attributes"": 1.0, ""brand"": 1.0, ""needs_review"": true, ""overall"": 0.745, ""product_type"": 0.3, ""quantity"": 1.0, ""warnings"": [""product_type is unknown"", ""package_type is unknown""]}",0.745,True,"[""product_type""]","[""product_type is unknown"", ""package_type is unknown""]",https://example.com/whole_foods/products/wf_0174,2026-05-02T13:46:00,2.15
wf_0175,whole_foods,365 Iced Tea Black 128 fl oz,365 iced tea black 128 fl oz,365,365,Beverages,beverages,unknown,beverages,3.22,0.0252,,128.0,fl oz,1,128.0,fl_oz,128.0,128.0,volume,fl_oz,unknown,False,True,True,"{""caffeine"": ""unknown"", ""carbonated"": ""unknown"", ""diet_type"": ""regular"", ""flavor"": ""classic"", ""package_type"": ""unknown""}","{""attributes"": 1.0, ""brand"": 1.0, ""needs_review"": true, ""overall"": 0.745, ""product_type"": 0.3, ""quantity"": 1.0, ""warnings"": [""product_type is unknown"", ""package_type is unknown""]}",0.745,True,"[""product_type""]","[""product_type is unknown"", ""package_type is unknown""]",https://example.com/whole_foods/products/wf_0175,2026-05-02T13:29:00,2.15
wf_0176,whole_foods,365 Black Tea Bags 100 ct,365 black tea bags 100 count,365,365,Beverages,beverages,unknown,beverages,8.88,0.0888,Prime member deal,100.0,ct,1,100.0,count,100.0,100.0,count,count,unknown,False,True,True,"{""caffeine"": ""unknown"", ""carbonated"": ""unknown"", ""diet_type"": ""regular"", ""flavor"": ""classic"", ""package_type"": ""unknown""}","{""attributes"": 1.0, ""brand"": 1.0, ""needs_review"": true, ""overall"": 0.745, ""product_type"": 0.3, ""quantity"": 1.0, ""warnings"": [""product_type is unknown"", ""package_type is unknown""]}",0.745,True,"[""product_type""]","[""product_type is unknown"", ""package_type is unknown""]",https://example.com/whole_foods/products/wf_0176,2026-05-02T13:12:00,5.45
wf_0177,whole_foods,365 Green Tea Bags 40 ct,365 green tea bags 40 count,365,365,Beverages,beverages,unknown,beverages,4.97,0.1242,Save $1,40.0,ct,1,40.0,count,40.0,40.0,count,count,unknown,False,True,True,"{""caffeine"": ""unknown"", ""carbonated"": ""unknown"", ""diet_type"": ""regular"", ""flavor"": ""classic"", ""package_type"": ""unknown""}","{""attributes"": 1.0, ""brand"": 1.0, ""needs_review"": true, ""overall"": 0.745, ""product_type"": 0.3, ""quantity"": 1.0, ""warnings"": [""product_type is unknown"", ""package_type is unknown""]}",0.745,True,"[""product_type""]","[""product_type is unknown"", ""package_type is unknown""]",https://example.com/whole_foods/products/wf_0177,2026-05-02T12:55:00,3.07
wf_0178,whole_foods,365 Coffee Filters 100 ct,365 coffee filters 100 count,365,365,Beverages,beverages,coffee,beverages,5.22,,,100.0,ct,1,100.0,count,100.0,100.0,count,count,unknown,False,True,True,"{""caffeine"": ""caffeinated"", ""carbonated"": false, ""diet_type"": ""regular"", ""flavor"": ""classic"", ""package_type"": ""unknown""}","{""attributes"": 1.0, ""brand"": 1.0, ""needs_review"": false, ""overall"": 0.92, ""product_type"": 1.0, ""quantity"": 1.0, ""warnings"": [""package_type is unknown""]}",0.92,False,[],"[""package_type is unknown""]",https://example.com/whole_foods/products/wf_0178,2026-05-02T12:38:00,4.03
wf_0179,whole_foods,365 Ground Coffee Medium Roast 12 oz,365 ground coffee medium roast 12 oz,365,365,Beverages,beverages,coffee,beverages,14.06,1.1717,,12.0,oz,1,12.0,oz,12.0,12.0,weight,oz,unknown,False,True,True,"{""caffeine"": ""caffeinated"", ""carbonated"": false, ""diet_type"": ""regular"", ""flavor"": ""classic"", ""package_type"": ""unknown""}","{""attributes"": 1.0, ""brand"": 1.0, ""needs_review"": false, ""overall"": 0.92, ""product_type"": 1.0, ""quantity"": 1.0, ""warnings"": [""package_type is unknown""]}",0.92,False,[],"[""package_type is unknown""]",https://example.com/whole_foods/products/wf_0179,2026-05-02T12:21:00,7.82
wf_0180,whole_foods,365 Decaf Ground Coffee 12 oz,365 decaf ground coffee 12 oz,365,365,Beverages,beverages,coffee,beverages,10.68,0.89,Save $1,12.0,oz,1,12.0,oz,12.0,12.0,weight,oz,unknown,False,True,True,"{""caffeine"": ""caffeine_free"", ""carbonated"": false, ""diet_type"": ""regular"", ""flavor"": ""classic"", ""package_type"": ""unknown""}","{""attributes"": 1.0, ""brand"": 1.0, ""needs_review"": false, ""overall"": 0.92, ""product_type"": 1.0, ""quantity"": 1.0, ""warnings"": [""package_type is unknown""]}",0.92,False,[],"[""package_type is unknown""]",https://example.com/whole_foods/products/wf_0180,2026-05-02T12:04:00,8.22
wf_0181,whole_foods,365 K-Cup Coffee Pods 18 ct,365 k cup coffee pods 18 count,365,365,Beverages,beverages,coffee,beverages,15.66,,,0.4,oz,18,0.4,oz,0.4,7.2,weight,oz,cup,False,True,True,"{""caffeine"": ""caffeinated"", ""carbonated"": false, ""diet_type"": ""regular"", ""flavor"": ""classic"", ""package_type"": ""cup""}","{""attributes"": 1.0, ""brand"": 1.0, ""needs_review"": false, ""overall"": 1.0, ""product_type"": 1.0, ""quantity"": 1.0, ""warnings"": []}",1.0,False,[],[],https://example.com/whole_foods/products/wf_0181,2026-05-02T11:47:00,8.89
wf_0182,whole_foods,365 All-Purpose Flour 10 lb,365 all purpose flour 10 lb,365,365,Pantry,pantry,unknown,pantry,5.77,0.577,,10.0,lb,1,10.0,lb,160.0,160.0,weight,oz,unknown,False,True,True,"{""flavor"": ""unknown"", ""organic"": false, ""package_type"": ""unknown""}","{""attributes"": 1.0, ""brand"": 1.0, ""needs_review"": true, ""overall"": 0.745, ""product_type"": 0.3, ""quantity"": 1.0, ""warnings"": [""product_type is unknown"", ""package_type is unknown""]}",0.745,True,"[""product_type""]","[""product_type is unknown"", ""package_type is unknown""]",https://example.com/whole_foods/products/wf_0182,2026-05-02T11:30:00,4.41
wf_0183,whole_foods,365 Granulated Sugar 10 lb,365 granulated sugar 10 lb,365,365,Pantry,pantry,unknown,pantry,7.15,0.715,,10.0,lb,1,10.0,lb,160.0,160.0,weight,oz,unknown,False,True,True,"{""flavor"": ""unknown"", ""organic"": false, ""package_type"": ""unknown""}","{""attributes"": 1.0, ""brand"": 1.0, ""needs_review"": true, ""overall"": 0.745, ""product_type"": 0.3, ""quantity"": 1.0, ""warnings"": [""product_type is unknown"", ""package_type is unknown""]}",0.745,True,"[""product_type""]","[""product_type is unknown"", ""package_type is unknown""]",https://example.com/whole_foods/products/wf_0183,2026-05-02T11:13:00,5.31
wf_0184,whole_foods,365 Brown Sugar 32 oz,365 brown sugar 32 oz,365,365,Pantry,pantry,unknown,pantry,2.51,,,32.0,oz,1,32.0,oz,32.0,32.0,weight,oz,unknown,False,True,True,"{""flavor"": ""unknown"", ""organic"": false, ""package_type"": ""unknown""}","{""attributes"": 1.0, ""brand"": 1.0, ""needs_review"": true, ""overall"": 0.745, ""product_type"": 0.3, ""quantity"": 1.0, ""warnings"": [""product_type is unknown"", ""package_type is unknown""]}",0.745,True,"[""product_type""]","[""product_type is unknown"", ""package_type is unknown""]",https://example.com/whole_foods/products/wf_0184,2026-05-02T10:56:00,1.38
wf_0185,whole_foods,365 Baking Soda 8 oz,365 baking soda 8 oz,365,365,Pantry,pantry,unknown,pantry,2.21,,,8.0,oz,1,8.0,oz,8.0,8.0,weight,oz,unknown,False,True,True,"{""flavor"": ""unknown"", ""organic"": false, ""package_type"": ""unknown""}","{""attributes"": 1.0, ""brand"": 1.0, ""needs_review"": true, ""overall"": 0.745, ""product_type"": 0.3, ""quantity"": 1.0, ""warnings"": [""product_type is unknown"", ""package_type is unknown""]}",0.745,True,"[""product_type""]","[""product_type is unknown"", ""package_type is unknown""]",https://example.com/whole_foods/products/wf_0185,2026-05-02T10:39:00,1.66
wf_0186,whole_foods,365 Baking Powder 10 oz,365 baking powder 10 oz,365,365,Pantry,pantry,unknown,pantry,2.76,0.276,Prime member deal,10.0,oz,1,10.0,oz,10.0,10.0,weight,oz,unknown,False,True,True,"{""flavor"": ""unknown"", ""organic"": false, ""package_type"": ""unknown""}","{""attributes"": 1.0, ""brand"": 1.0, ""needs_review"": true, ""overall"": 0.745, ""product_type"": 0.3, ""quantity"": 1.0, ""warnings"": [""product_type is unknown"", ""package_type is unknown""]}",0.745,True,"[""product_type""]","[""product_type is unknown"", ""package_type is unknown""]",https://example.com/whole_foods/products/wf_0186,2026-05-02T10:22:00,1.82
wf_0187,whole_foods,365 Active Dry Yeast 4 oz,365 active dry yeast 4 oz,365,365,Pantry,pantry,unknown,pantry,4.55,1.1375,Save $1,4.0,oz,1,4.0,oz,4.0,4.0,weight,oz,unknown,False,True,True,"{""flavor"": ""unknown"", ""organic"": false, ""package_type"": ""unknown""}","{""attributes"": 1.0, ""brand"": 1.0, ""needs_review"": true, ""overall"": 0.745, ""product_type"": 0.3, ""quantity"": 1.0, ""warnings"": [""product_type is unknown"", ""package_type is unknown""]}",0.745,True,"[""product_type""]","[""product_type is unknown"", ""package_type is unknown""]",https://example.com/whole_foods/products/wf_0187,2026-05-02T10:05:00,2.83
wf_0188,whole_foods,365 Vanilla Extract 4 fl oz,365 vanilla extract 4 fl oz,365,365,Pantry,pantry,unknown,pantry,4.42,1.105,,4.0,fl oz,1,4.0,fl_oz,4.0,4.0,volume,fl_oz,unknown,False,True,True,"{""flavor"": ""unknown"", ""organic"": false, ""package_type"": ""unknown""}","{""attributes"": 1.0, ""brand"": 1.0, ""needs_review"": true, ""overall"": 0.745, ""product_type"": 0.3, ""quantity"": 1.0, ""warnings"": [""product_type is unknown"", ""package_type is unknown""]}",0.745,True,"[""product_type""]","[""product_type is unknown"", ""package_type is unknown""]",https://example.com/whole_foods/products/wf_0188,2026-05-02T09:48:00,2.62
wf_0189,whole_foods,365 Ground Cinnamon 3 oz,365 ground cinnamon 3 oz,365,365,Pantry,pantry,unknown,pantry,3.4,1.1333,Save $1,3.0,oz,1,3.0,oz,3.0,3.0,weight,oz,unknown,False,True,True,"{""flavor"": ""unknown"", ""organic"": false, ""package_type"": ""unknown""}","{""attributes"": 1.0, ""brand"": 1.0, ""needs_review"": true, ""overall"": 0.745, ""product_type"": 0.3, ""quantity"": 1.0, ""warnings"": [""product_type is unknown"", ""package_type is unknown""]}",0.745,True,"[""product_type""]","[""product_type is unknown"", ""package_type is unknown""]",https://example.com/whole_foods/products/wf_0189,2026-05-02T09:31:00,2.46
wf_0190,whole_foods,365 Paprika 3.5 oz,365 paprika 3.5 oz,365,365,Pantry,pantry,unknown,pantry,4.44,,,3.5,oz,1,3.5,oz,3.5,3.5,weight,oz,unknown,False,True,True,"{""flavor"": ""unknown"", ""organic"": false, ""package_type"": ""unknown""}","{""attributes"": 1.0, ""brand"": 1.0, ""needs_review"": true, ""overall"": 0.745, ""product_type"": 0.3, ""quantity"": 1.0, ""warnings"": [""product_type is unknown"", ""package_type is unknown""]}",0.745,True,"[""product_type""]","[""product_type is unknown"", ""package_type is unknown""]",https://example.com/whole_foods/products/wf_0190,2026-05-02T09:14:00,3.27
wf_0191,whole_foods,365 Ground Cumin 3 oz,365 ground cumin 3 oz,365,365,Pantry,pantry,unknown,pantry,4.95,,Prime member deal,3.0,oz,1,3.0,oz,3.0,3.0,weight,oz,unknown,False,True,True,"{""flavor"": ""unknown"", ""organic"": false, ""package_type"": ""unknown""}","{""attributes"": 1.0, ""brand"": 1.0, ""needs_review"": true, ""overall"": 0.745, ""product_type"": 0.3, ""quantity"": 1.0, ""warnings"": [""product_type is unknown"", ""package_type is unknown""]}",0.745,True,"[""product_type""]","[""product_type is unknown"", ""package_type is unknown""]",https://example.com/whole_foods/products/wf_0191,2026-05-02T08:57:00,3.64
wf_0192,whole_foods,365 Italian Seasoning 1.5 oz,365 italian seasoning 1.5 oz,365,365,Pantry,pantry,unknown,pantry,3.38,2.2533,,1.5,oz,1,1.5,oz,1.5,1.5,weight,oz,unknown,False,True,True,"{""flavor"": ""unknown"", ""organic"": false, ""package_type"": ""unknown""}","{""attributes"": 1.0, ""brand"": 1.0, ""needs_review"": true, ""overall"": 0.745, ""product_type"": 0.3, ""quantity"": 1.0, ""warnings"": [""product_type is unknown"", ""package_type is unknown""]}",0.745,True,"[""product_type""]","[""product_type is unknown"", ""package_type is unknown""]",https://example.com/whole_foods/products/wf_0192,2026-05-02T08:40:00,2.47
wf_0193,whole_foods,Prime member deal 365 Garlic Powder 5 oz,prime member deal 365 garlic powder 5 oz,365,365,Pantry,pantry,unknown,pantry,2.85,0.57,Prime member deal,5.0,oz,1,5.0,oz,5.0,5.0,weight,oz,unknown,False,True,True,"{""flavor"": ""unknown"", ""organic"": false, ""package_type"": ""unknown""}","{""attributes"": 1.0, ""brand"": 1.0, ""needs_review"": true, ""overall"": 0.745, ""product_type"": 0.3, ""quantity"": 1.0, ""warnings"": [""product_type is unknown"", ""package_type is unknown""]}",0.745,True,"[""product_type""]","[""product_type is unknown"", ""package_type is unknown""]",https://example.com/whole_foods/products/wf_0193,2026-05-02T08:23:00,1.63
wf_0194,whole_foods,365 Black Pepper Ground 4 oz,365 black pepper ground 4 oz,365,365,Pantry,pantry,unknown,pantry,4.87,1.2175,,4.0,oz,1,4.0,oz,4.0,4.0,weight,oz,unknown,False,True,True,"{""flavor"": ""unknown"", ""organic"": false, ""package_type"": ""unknown""}","{""attributes"": 1.0, ""brand"": 1.0, ""needs_review"": true, ""overall"": 0.745, ""product_type"": 0.3, ""quantity"": 1.0, ""warnings"": [""product_type is unknown"", ""package_type is unknown""]}",0.745,True,"[""product_type""]","[""product_type is unknown"", ""package_type is unknown""]",https://example.com/whole_foods/products/wf_0194,2026-05-02T08:06:00,4.54
wf_0195,whole_foods,365 Iodized Salt 26 oz,365 iodized salt 26 oz,365,365,Pantry,pantry,unknown,pantry,1.79,0.0688,Prime member deal,26.0,oz,1,26.0,oz,26.0,26.0,weight,oz,unknown,False,True,True,"{""flavor"": ""unknown"", ""organic"": false, ""package_type"": ""unknown""}","{""attributes"": 1.0, ""brand"": 1.0, ""needs_review"": true, ""overall"": 0.745, ""product_type"": 0.3, ""quantity"": 1.0, ""warnings"": [""product_type is unknown"", ""package_type is unknown""]}",0.745,True,"[""product_type""]","[""product_type is unknown"", ""package_type is unknown""]",https://example.com/whole_foods/products/wf_0195,2026-05-02T07:49:00,1.35
wf_0196,whole_foods,365 Sea Salt 17.6 oz,365 sea salt 17.6 oz,365,365,Pantry,pantry,unknown,pantry,3.8,,Save $1,17.6,oz,1,17.6,oz,17.6,17.6,weight,oz,unknown,False,True,True,"{""flavor"": ""unknown"", ""organic"": false, ""package_type"": ""unknown""}","{""attributes"": 1.0, ""brand"": 1.0, ""needs_review"": true, ""overall"": 0.745, ""product_type"": 0.3, ""quantity"": 1.0, ""warnings"": [""product_type is unknown"", ""package_type is unknown""]}",0.745,True,"[""product_type""]","[""product_type is unknown"", ""package_type is unknown""]",https://example.com/whole_foods/products/wf_0196,2026-05-02T07:32:00,2.64
wf_0197,whole_foods,365 Soy Sauce 15 fl oz,365 soy sauce 15 fl oz,365,365,Pantry,pantry,unknown,pantry,5.02,0.3347,,15.0,fl oz,1,15.0,fl_oz,15.0,15.0,volume,fl_oz,unknown,False,True,True,"{""flavor"": ""unknown"", ""organic"": false, ""package_type"": ""unknown""}","{""attributes"": 1.0, ""brand"": 1.0, ""needs_review"": true, ""overall"": 0.745, ""product_type"": 0.3, ""quantity"": 1.0, ""warnings"": [""product_type is unknown"", ""package_type is unknown""]}",0.745,True,"[""product_type""]","[""product_type is unknown"", ""package_type is unknown""]",https://example.com/whole_foods/products/wf_0197,2026-05-02T07:15:00,3.58
wf_0198,whole_foods,365 Apple Cider Vinegar 32 fl oz,365 apple cider vinegar 32 fl oz,365,365,Pantry,pantry,apples,produce,4.47,0.1397,Save $1,32.0,fl oz,1,32.0,fl_oz,32.0,32.0,volume,fl_oz,unknown,False,True,True,"{""organic"": false, ""package_type"": ""unknown"", ""produce_form"": ""unknown"", ""unit_basis"": ""unknown"", ""variety"": ""unknown""}","{""attributes"": 0.5, ""brand"": 1.0, ""needs_review"": true, ""overall"": 0.725, ""product_type"": 1.0, ""quantity"": 1.0, ""warnings"": [""missing required attributes: produce_form, unit_basis"", ""raw category family pantry conflicts with inferred family produce""]}",0.725,True,"[""produce_form"", ""unit_basis""]","[""missing required attributes: produce_form, unit_basis"", ""raw category family pantry conflicts with inferred family produce""]",https://example.com/whole_foods/products/wf_0198,2026-05-02T06:58:00,2.63
wf_0199,whole_foods,365 White Vinegar 64 fl oz,365 white vinegar 64 fl oz,365,365,Pantry,pantry,unknown,pantry,3.67,,,64.0,fl oz,1,64.0,fl_oz,64.0,64.0,volume,fl_oz,unknown,False,True,True,"{""flavor"": ""unknown"", ""organic"": false, ""package_type"": ""unknown""}","{""attributes"": 1.0, ""brand"": 1.0, ""needs_review"": true, ""overall"": 0.745, ""product_type"": 0.3, ""quantity"": 1.0, ""warnings"": [""product_type is unknown"", ""package_type is unknown""]}",0.745,True,"[""product_type""]","[""product_type is unknown"", ""package_type is unknown""]",https://example.com/whole_foods/products/wf_0199,2026-05-02T06:41:00,2.16
wf_0200,whole_foods,365 Yellow Mustard 14 oz,365 yellow mustard 14 oz,365,365,Pantry,pantry,unknown,pantry,1.26,,Save $1,14.0,oz,1,14.0,oz,14.0,14.0,weight,oz,unknown,False,True,True,"{""flavor"": ""unknown"", ""organic"": false, ""package_type"": ""unknown""}","{""attributes"": 1.0, ""brand"": 1.0, ""needs_review"": true, ""overall"": 0.745, ""product_type"": 0.3, ""quantity"": 1.0, ""warnings"": [""product_type is unknown"", ""package_type is unknown""]}",0.745,True,"[""product_type""]","[""product_type is unknown"", ""package_type is unknown""]",https://example.com/whole_foods/products/wf_0200,2026-05-02T06:24:00,0.77
wf_0201,whole_foods,365 Dijon Mustard 12 oz,365 dijon mustard 12 oz,365,365,Pantry,pantry,unknown,pantry,2.45,,Save $1,12.0,oz,1,12.0,oz,12.0,12.0,weight,oz,unknown,False,True,True,"{""flavor"": ""unknown"", ""organic"": false, ""package_type"": ""unknown""}","{""attributes"": 1.0, ""brand"": 1.0, ""needs_review"": true, ""overall"": 0.745, ""product_type"": 0.3, ""quantity"": 1.0, ""warnings"": [""product_type is unknown"", ""package_type is unknown""]}",0.745,True,"[""product_type""]","[""product_type is unknown"", ""package_type is unknown""]",https://example.com/whole_foods/products/wf_0201,2026-05-02T06:07:00,1.82
wf_0202,whole_foods,365 BBQ Sauce Original 28 oz,365 bbq sauce original 28 oz,365,365,Pantry,pantry,unknown,pantry,2.48,0.0886,,28.0,oz,1,28.0,oz,28.0,28.0,weight,oz,unknown,False,True,True,"{""flavor"": ""original"", ""organic"": false, ""package_type"": ""unknown""}","{""attributes"": 1.0, ""brand"": 1.0, ""needs_review"": true, ""overall"": 0.745, ""product_type"": 0.3, ""quantity"": 1.0, ""warnings"": [""product_type is unknown"", ""package_type is unknown""]}",0.745,True,"[""product_type""]","[""product_type is unknown"", ""package_type is unknown""]",https://example.com/whole_foods/products/wf_0202,2026-05-02T05:50:00,1.67
wf_0203,whole_foods,365 Hot Sauce 12 fl oz,365 hot sauce 12 fl oz,365,365,Pantry,pantry,unknown,pantry,5.4,0.45,,12.0,fl oz,1,12.0,fl_oz,12.0,12.0,volume,fl_oz,unknown,False,True,True,"{""flavor"": ""unknown"", ""organic"": false, ""package_type"": ""unknown""}","{""attributes"": 1.0, ""brand"": 1.0, ""needs_review"": true, ""overall"": 0.745, ""product_type"": 0.3, ""quantity"": 1.0, ""warnings"": [""product_type is unknown"", ""package_type is unknown""]}",0.745,True,"[""product_type""]","[""product_type is unknown"", ""package_type is unknown""]",https://example.com/whole_foods/products/wf_0203,2026-05-02T05:33:00,3.75
wf_0204,whole_foods,365 Sriracha 28 fl oz,365 sriracha 28 fl oz,365,365,Pantry,pantry,unknown,pantry,7.46,,Prime member deal,28.0,fl oz,1,28.0,fl_oz,28.0,28.0,volume,fl_oz,unknown,False,True,True,"{""flavor"": ""unknown"", ""organic"": false, ""package_type"": ""unknown""}","{""attributes"": 1.0, ""brand"": 1.0, ""needs_review"": true, ""overall"": 0.745, ""product_type"": 0.3, ""quantity"": 1.0, ""warnings"": [""product_type is unknown"", ""package_type is unknown""]}",0.745,True,"[""product_type""]","[""product_type is unknown"", ""package_type is unknown""]",https://example.com/whole_foods/products/wf_0204,2026-05-02T05:16:00,4.73
wf_0205,whole_foods,365 Strawberry Jam 18 oz,365 strawberry jam 18 oz,365,365,Pantry,pantry,unknown,pantry,3.44,,,18.0,oz,1,18.0,oz,18.0,18.0,weight,oz,unknown,False,True,True,"{""flavor"": ""unknown"", ""organic"": false, ""package_type"": ""unknown""}","{""attributes"": 1.0, ""brand"": 1.0, ""needs_review"": true, ""overall"": 0.745, ""product_type"": 0.3, ""quantity"": 1.0, ""warnings"": [""product_type is unknown"", ""package_type is unknown""]}",0.745,True,"[""product_type""]","[""product_type is unknown"", ""package_type is unknown""]",https://example.com/whole_foods/products/wf_0205,2026-05-02T04:59:00,2.26
wf_0206,whole_foods,365 Grape Jelly 32 oz,365 grape jelly 32 oz,365,365,Pantry,pantry,unknown,pantry,4.54,0.1419,Save $1,32.0,oz,1,32.0,oz,32.0,32.0,weight,oz,unknown,False,True,True,"{""flavor"": ""unknown"", ""organic"": false, ""package_type"": ""unknown""}","{""attributes"": 1.0, ""brand"": 1.0, ""needs_review"": true, ""overall"": 0.745, ""product_type"": 0.3, ""quantity"": 1.0, ""warnings"": [""product_type is unknown"", ""package_type is unknown""]}",0.745,True,"[""product_type""]","[""product_type is unknown"", ""package_type is unknown""]",https://example.com/whole_foods/products/wf_0206,2026-05-02T04:42:00,2.74
wf_0207,whole_foods,365 Maple Syrup Pure 12 fl oz,365 maple syrup pure 12 fl oz,365,365,Pantry,pantry,unknown,pantry,11.72,0.9767,,12.0,fl oz,1,12.0,fl_oz,12.0,12.0,volume,fl_oz,unknown,False,True,True,"{""flavor"": ""unknown"", ""organic"": false, ""package_type"": ""unknown""}","{""attributes"": 1.0, ""brand"": 1.0, ""needs_review"": true, ""overall"": 0.745, ""product_type"": 0.3, ""quantity"": 1.0, ""warnings"": [""product_type is unknown"", ""package_type is unknown""]}",0.745,True,"[""product_type""]","[""product_type is unknown"", ""package_type is unknown""]",https://example.com/whole_foods/products/wf_0207,2026-05-02T04:25:00,8.43
wf_0208,whole_foods,365 Pancake Syrup 24 fl oz,365 pancake syrup 24 fl oz,365,365,Pantry,pantry,unknown,pantry,5.8,0.2417,,24.0,fl oz,1,24.0,fl_oz,24.0,24.0,volume,fl_oz,unknown,False,True,True,"{""flavor"": ""unknown"", ""organic"": false, ""package_type"": ""unknown""}","{""attributes"": 1.0, ""brand"": 1.0, ""needs_review"": true, ""overall"": 0.745, ""product_type"": 0.3, ""quantity"": 1.0, ""warnings"": [""product_type is unknown"", ""package_type is unknown""]}",0.745,True,"[""product_type""]","[""product_type is unknown"", ""package_type is unknown""]",https://example.com/whole_foods/products/wf_0208,2026-05-02T04:08:00,4.4
wf_0209,whole_foods,365 Olive Oil 33.8 fl oz,365 olive oil 33.8 fl oz,365,365,Pantry,pantry,olive_oil,pantry,10.03,0.2967,Prime member deal,33.8,fl oz,1,33.8,fl_oz,33.8,33.8,volume,fl_oz,unknown,False,True,True,"{""flavor"": ""unknown"", ""organic"": false, ""package_type"": ""unknown""}","{""attributes"": 1.0, ""brand"": 1.0, ""needs_review"": false, ""overall"": 0.92, ""product_type"": 1.0, ""quantity"": 1.0, ""warnings"": [""package_type is unknown""]}",0.92,False,[],"[""package_type is unknown""]",https://example.com/whole_foods/products/wf_0209,2026-05-02T03:51:00,6.99
wf_0210,whole_foods,365 Canola Oil 48 fl oz,365 canola oil 48 fl oz,365,365,Pantry,pantry,unknown,pantry,4.56,,Prime member deal,48.0,fl oz,1,48.0,fl_oz,48.0,48.0,volume,fl_oz,unknown,False,True,True,"{""flavor"": ""unknown"", ""organic"": false, ""package_type"": ""unknown""}","{""attributes"": 1.0, ""brand"": 1.0, ""needs_review"": true, ""overall"": 0.745, ""product_type"": 0.3, ""quantity"": 1.0, ""warnings"": [""product_type is unknown"", ""package_type is unknown""]}",0.745,True,"[""product_type""]","[""product_type is unknown"", ""package_type is unknown""]",https://example.com/whole_foods/products/wf_0210,2026-05-02T03:34:00,4.64
wf_0211,whole_foods,365 Vegetable Oil 48 fl oz,365 vegetable oil 48 fl oz,365,365,Pantry,pantry,unknown,pantry,4.51,0.094,Save $1,48.0,fl oz,1,48.0,fl_oz,48.0,48.0,volume,fl_oz,unknown,False,True,True,"{""flavor"": ""unknown"", ""organic"": false, ""package_type"": ""unknown""}","{""attributes"": 1.0, ""brand"": 1.0, ""needs_review"": true, ""overall"": 0.745, ""product_type"": 0.3, ""quantity"": 1.0, ""warnings"": [""product_type is unknown"", ""package_type is unknown""]}",0.745,True,"[""product_type""]","[""product_type is unknown"", ""package_type is unknown""]",https://example.com/whole_foods/products/wf_0211,2026-05-02T03:17:00,2.8
wf_0212,whole_foods,365 Chunk Light Tuna in Water 12 oz can,365 chunk light tuna in water 12 oz can,365,365,Pantry,pantry,unknown,pantry,3.12,,Save $1,12.0,oz,1,12.0,oz,12.0,12.0,weight,oz,can,False,True,True,"{""flavor"": ""unknown"", ""organic"": false, ""package_type"": ""can""}","{""attributes"": 1.0, ""brand"": 1.0, ""needs_review"": true, ""overall"": 0.825, ""product_type"": 0.3, ""quantity"": 1.0, ""warnings"": [""product_type is unknown""]}",0.825,True,"[""product_type""]","[""product_type is unknown""]",https://example.com/whole_foods/products/wf_0212,2026-05-02T03:00:00,1.91
wf_0213,whole_foods,365 Albacore Tuna in Water 5 oz can,365 albacore tuna in water 5 oz can,365,365,Pantry,pantry,unknown,pantry,2.42,0.484,Save $1,5.0,oz,1,5.0,oz,5.0,5.0,weight,oz,can,False,True,True,"{""flavor"": ""unknown"", ""organic"": false, ""package_type"": ""can""}","{""attributes"": 1.0, ""brand"": 1.0, ""needs_review"": true, ""overall"": 0.825, ""product_type"": 0.3, ""quantity"": 1.0, ""warnings"": [""product_type is unknown""]}",0.825,True,"[""product_type""]","[""product_type is unknown""]",https://example.com/whole_foods/products/wf_0213,2026-05-02T02:43:00,1.73
wf_0214,whole_foods,365 Diced Tomatoes 28 oz can,365 diced tomatoes 28 oz can,365,365,Pantry,pantry,unknown,pantry,3.05,0.1089,Save $1,28.0,oz,1,28.0,oz,28.0,28.0,weight,oz,can,False,True,True,"{""flavor"": ""unknown"", ""organic"": false, ""package_type"": ""can""}","{""attributes"": 1.0, ""brand"": 1.0, ""needs_review"": true, ""overall"": 0.825, ""product_type"": 0.3, ""quantity"": 1.0, ""warnings"": [""product_type is unknown""]}",0.825,True,"[""product_type""]","[""product_type is unknown""]",https://example.com/whole_foods/products/wf_0214,2026-05-02T02:26:00,1.82
wf_0215,whole_foods,365 Tomato Sauce 15 oz can,365 tomato sauce 15 oz can,365,365,Pantry,pantry,unknown,pantry,1.4,,,15.0,oz,1,15.0,oz,15.0,15.0,weight,oz,can,False,True,True,"{""flavor"": ""unknown"", ""organic"": false, ""package_type"": ""can""}","{""attributes"": 1.0, ""brand"": 1.0, ""needs_review"": true, ""overall"": 0.825, ""product_type"": 0.3, ""quantity"": 1.0, ""warnings"": [""product_type is unknown""]}",0.825,True,"[""product_type""]","[""product_type is unknown""]",https://example.com/whole_foods/products/wf_0215,2026-05-02T02:09:00,0.95
kr_0001,kroger,Simple Truth Organic Whole Milk 1 Gallon,simple truth organic whole milk 1 gallon,Simple Truth,Simple Truth,Dairy,unknown,milk,dairy_milk,5.53,5.53,2 for $5,1.0,gal,1,1.0,gal,128.0,128.0,volume,fl_oz,unknown,True,True,True,"{""fat_content"": ""whole"", ""lactose_free"": false, ""organic"": true, ""package_type"": ""unknown""}","{""attributes"": 1.0, ""brand"": 1.0, ""needs_review"": false, ""overall"": 0.92, ""product_type"": 1.0, ""quantity"": 1.0, ""warnings"": [""package_type is unknown""]}",0.92,False,[],"[""package_type is unknown""]",https://example.com/kroger/products/kr_0001,2026-05-08T11:26:00,5.2
kr_0002,kroger,2 for $5 Kroger Whole Milk 1 Gallon,2 for 5 kroger whole milk 1 gallon,Kroger,Kroger,Dairy,unknown,milk,dairy_milk,4.58,,2 for $5,1.0,gal,1,1.0,gal,128.0,128.0,volume,fl_oz,unknown,False,True,True,"{""fat_content"": ""whole"", ""lactose_free"": false, ""organic"": false, ""package_type"": ""unknown""}","{""attributes"": 1.0, ""brand"": 1.0, ""needs_review"": false, ""overall"": 0.92, ""product_type"": 1.0, ""quantity"": 1.0, ""warnings"": [""package_type is unknown""]}",0.92,False,[],"[""package_type is unknown""]",https://example.com/kroger/products/kr_0002,2026-05-08T10:18:00,3.43
kr_0003,kroger,Kroger 2% Reduced Fat Milk 1/2 Gallon,kroger 2% reduced fat milk 1/2 gallon,Kroger,Kroger,Dairy,unknown,milk,dairy_milk,2.99,5.98,Digital coupon,0.5,gal,1,0.5,gal,64.0,64.0,volume,fl_oz,unknown,False,True,True,"{""fat_content"": ""two_percent"", ""lactose_free"": false, ""organic"": false, ""package_type"": ""unknown""}","{""attributes"": 1.0, ""brand"": 1.0, ""needs_review"": false, ""overall"": 0.92, ""product_type"": 1.0, ""quantity"": 1.0, ""warnings"": [""package_type is unknown""]}",0.92,False,[],"[""package_type is unknown""]",https://example.com/kroger/products/kr_0003,2026-05-08T09:10:00,2.25
kr_0004,kroger,Simple Truth Unsweetened Almondmilk Half Gallon,simple truth unsweetened almondmilk half gallon,Simple Truth,Simple Truth,Dairy,unknown,almond_milk,plant_based_milk,3.36,6.72,,0.5,gal,1,0.5,gal,64.0,64.0,volume,fl_oz,unknown,False,True,True,"{""barista_style"": false, ""base"": ""almond"", ""package_type"": ""unknown"", ""sweetness"": ""unsweetened""}","{""attributes"": 1.0, ""brand"": 1.0, ""needs_review"": false, ""overall"": 0.92, ""product_type"": 1.0, ""quantity"": 1.0, ""warnings"": [""package_type is unknown""]}",0.92,False,[],"[""package_type is unknown""]",https://example.com/kroger/products/kr_0004,2026-05-08T08:19:00,2.62
kr_0005,kroger,Simple Truth Oatmilk Original 64 fl oz,simple truth oatmilk original 64 fl oz,Simple Truth,Simple Truth,Dairy,unknown,oat_milk,plant_based_milk,4.03,0.063,Digital coupon,64.0,fl oz,1,64.0,fl_oz,64.0,64.0,volume,fl_oz,unknown,False,True,True,"{""barista_style"": false, ""base"": ""oat"", ""package_type"": ""unknown"", ""sweetness"": ""original""}","{""attributes"": 1.0, ""brand"": 1.0, ""needs_review"": false, ""overall"": 0.92, ""product_type"": 1.0, ""quantity"": 1.0, ""warnings"": [""package_type is unknown""]}",0.92,False,[],"[""package_type is unknown""]",https://example.com/kroger/products/kr_0005,2026-05-08T07:11:00,3.84
kr_0006,kroger,"Kroger Grade A Large Brown Eggs, 12 ct",kroger grade a large brown eggs 12 count,Kroger,Kroger,Dairy,unknown,eggs,eggs,3.93,0.3275,Digital coupon,12.0,ct,1,12.0,count,12.0,12.0,count,count,unknown,False,True,True,"{""cage_claim"": ""unknown"", ""color"": ""brown"", ""egg_size"": ""large"", ""organic"": false, ""package_type"": ""unknown""}","{""attributes"": 1.0, ""brand"": 1.0, ""needs_review"": false, ""overall"": 0.92, ""product_type"": 1.0, ""quantity"": 1.0, ""warnings"": [""package_type is unknown""]}",0.92,False,[],"[""package_type is unknown""]",https://example.com/kroger/products/kr_0006,2026-05-08T06:20:00,2.69
kr_0007,kroger,Simple Truth Organic Cage Free Large Brown Eggs 12 ct,simple truth organic cage free large brown eggs 12 count,Simple Truth,Simple Truth,Dairy,unknown,eggs,eggs,6.65,,,12.0,ct,1,12.0,count,12.0,12.0,count,count,unknown,True,True,True,"{""cage_claim"": ""cage_free"", ""color"": ""brown"", ""egg_size"": ""large"", ""organic"": true, ""package_type"": ""unknown""}","{""attributes"": 1.0, ""brand"": 1.0, ""needs_review"": false, ""overall"": 0.92, ""product_type"": 1.0, ""quantity"": 1.0, ""warnings"": [""package_type is unknown""]}",0.92,False,[],"[""package_type is unknown""]",https://example.com/kroger/products/kr_0007,2026-05-08T05:12:00,3.95
kr_0008,kroger,Kroger White Sandwich Bread 20 oz Loaf,kroger white sandwich bread 20 oz loaf,Kroger,Kroger,Bakery,bakery,bread,bakery,2.56,,Club price,20.0,oz,1,20.0,oz,20.0,20.0,weight,oz,loaf,False,True,True,"{""flavor"": ""unknown"", ""organic"": false, ""package_type"": ""loaf""}","{""attributes"": 1.0, ""brand"": 1.0, ""needs_review"": false, ""overall"": 1.0, ""product_type"": 1.0, ""quantity"": 1.0, ""warnings"": []}",1.0,False,[],[],https://example.com/kroger/products/kr_0008,2026-05-08T04:04:00,1.52
kr_0009,kroger,Kroger 100% Whole Wheat Bread 20 oz,kroger 100% whole wheat bread 20 oz,Kroger,Kroger,Bakery,bakery,bread,bakery,2.64,,2 for $5,20.0,oz,1,20.0,oz,20.0,20.0,weight,oz,unknown,False,True,True,"{""flavor"": ""unknown"", ""organic"": false, ""package_type"": ""unknown""}","{""attributes"": 1.0, ""brand"": 1.0, ""needs_review"": false, ""overall"": 1.0, ""product_type"": 1.0, ""quantity"": 1.0, ""warnings"": []}",1.0,False,[],[],https://example.com/kroger/products/kr_0009,2026-05-08T03:13:00,2.02
kr_0010,kroger,Kroger Creamy Peanut Butter 16 oz Jar,kroger creamy peanut butter 16 oz jar,Kroger,Kroger,Pantry,pantry,peanut_butter,pantry,2.95,,2 for $5,16.0,oz,1,16.0,oz,16.0,16.0,weight,oz,jar,False,True,True,"{""flavor"": ""unknown"", ""organic"": false, ""package_type"": ""jar""}","{""attributes"": 1.0, ""brand"": 1.0, ""needs_review"": false, ""overall"": 1.0, ""product_type"": 1.0, ""quantity"": 1.0, ""warnings"": []}",1.0,False,[],[],https://example.com/kroger/products/kr_0010,2026-05-08T02:05:00,2.25
kr_0011,kroger,"Kroger Restaurant Style Tortilla Chips, 13 oz",kroger restaurant style tortilla chips 13 oz,Kroger,Kroger,Snacks,snacks,chips,snacks,2.46,,Save $1.50,13.0,oz,1,13.0,oz,13.0,13.0,weight,oz,unknown,False,True,True,"{""flavor"": ""unknown"", ""organic"": false, ""package_type"": ""unknown""}","{""attributes"": 1.0, ""brand"": 1.0, ""needs_review"": false, ""overall"": 0.92, ""product_type"": 1.0, ""quantity"": 1.0, ""warnings"": [""package_type is unknown""]}",0.92,False,[],"[""package_type is unknown""]",https://example.com/kroger/products/kr_0011,2026-05-08T00:57:00,1.66
kr_0012,kroger,Save $1 Kroger Pepperoni Frozen Pizza 12 inch,save 1 kroger pepperoni frozen pizza 12 inch,Kroger,Kroger,Frozen,frozen,frozen_pizza,frozen,4.0,0.3333,Save $1,12.0,oz,1,12.0,oz,12.0,12.0,weight,oz,unknown,False,True,True,"{""flavor"": ""unknown"", ""organic"": false, ""package_type"": ""unknown""}","{""attributes"": 1.0, ""brand"": 1.0, ""needs_review"": false, ""overall"": 0.92, ""product_type"": 1.0, ""quantity"": 1.0, ""warnings"": [""package_type is unknown""]}",0.92,False,[],"[""package_type is unknown""]",https://example.com/kroger/products/kr_0012,2026-05-08T00:06:00,3.0
kr_0013,kroger,Simple Truth Organic Gala Apples 3 lb Bag,simple truth organic gala apples 3 lb bag,Simple Truth,Simple Truth,Fresh Produce,produce,apples,produce,5.11,,,3.0,lb,1,3.0,lb,48.0,48.0,weight,oz,bag,True,True,True,"{""organic"": true, ""package_type"": ""bag"", ""produce_form"": ""bagged"", ""unit_basis"": ""package"", ""variety"": ""gala""}","{""attributes"": 1.0, ""brand"": 1.0, ""needs_review"": false, ""overall"": 1.0, ""product_type"": 1.0, ""quantity"": 1.0, ""warnings"": []}",1.0,False,[],[],https://example.com/kroger/products/kr_0013,2026-05-07T22:58:00,3.18
kr_0014,kroger,"Kroger Lime Sparkling Water 8 ct, 12 fl oz cans",kroger lime sparkling water 8 count 12 fl oz cans,Kroger,Kroger,Soft Drinks,beverages,sparkling_water,beverages,3.6,,2 for $5,12.0,fl oz,8,12.0,fl_oz,12.0,96.0,volume,fl_oz,can,False,True,True,"{""caffeine"": ""unknown"", ""carbonated"": true, ""diet_type"": ""regular"", ""flavor"": ""lime"", ""package_type"": ""can""}","{""attributes"": 1.0, ""brand"": 1.0, ""needs_review"": false, ""overall"": 1.0, ""product_type"": 1.0, ""quantity"": 1.0, ""warnings"": []}",1.0,False,[],[],https://example.com/kroger/products/kr_0014,2026-05-07T21:50:00,2.14
kr_0015,kroger,Simple Truth Organic Baby Spinach 5 oz,simple truth organic baby spinach 5 oz,Simple Truth,Simple Truth,Fresh Produce,produce,spinach,produce,3.88,,Club price,5.0,oz,1,5.0,oz,5.0,5.0,weight,oz,unknown,True,True,True,"{""organic"": true, ""package_type"": ""unknown"", ""produce_form"": ""unknown"", ""unit_basis"": ""unknown"", ""variety"": ""baby_spinach""}","{""attributes"": 0.5, ""brand"": 1.0, ""needs_review"": true, ""overall"": 0.875, ""product_type"": 1.0, ""quantity"": 1.0, ""warnings"": [""missing required attributes: produce_form, unit_basis""]}",0.875,True,"[""produce_form"", ""unit_basis""]","[""missing required attributes: produce_form, unit_basis""]",https://example.com/kroger/products/kr_0015,2026-05-07T20:42:00,2.93
kr_0016,kroger,Save $1.50 Kroger Plain Greek Yogurt 32 oz,save 1.50 kroger plain greek yogurt 32 oz,Kroger,Kroger,Dairy,unknown,greek_yogurt,yogurt,4.16,0.13,Save $1.50,32.0,oz,1,32.0,oz,32.0,32.0,weight,oz,unknown,False,True,True,"{""fat_content"": ""unknown"", ""flavor"": ""plain"", ""multi_pack"": false, ""organic"": false, ""package_type"": ""unknown"", ""style"": ""greek""}","{""attributes"": 1.0, ""brand"": 1.0, ""needs_review"": false, ""overall"": 0.92, ""product_type"": 1.0, ""quantity"": 1.0, ""warnings"": [""package_type is unknown""]}",0.92,False,[],"[""package_type is unknown""]",https://example.com/kroger/products/kr_0016,2026-05-07T19:51:00,2.66
kr_0017,kroger,Kroger Unsalted Sweet Cream Butter 1 lb (4 Sticks),kroger unsalted sweet cream butter 1 lb 4 sticks,Kroger,Kroger,Dairy,unknown,butter,butter,5.03,,,1.0,lb,4,1.0,lb,16.0,64.0,weight,oz,stick,False,True,True,"{""flavor"": ""unknown"", ""organic"": false, ""package_type"": ""stick""}","{""attributes"": 1.0, ""brand"": 1.0, ""needs_review"": false, ""overall"": 1.0, ""product_type"": 1.0, ""quantity"": 1.0, ""warnings"": []}",1.0,False,[],[],https://example.com/kroger/products/kr_0017,2026-05-07T18:43:00,3.26
kr_0018,kroger,Kroger Mild Shredded Cheddar Cheese 8 oz,kroger mild shredded cheddar cheese 8 oz,Kroger,Kroger,Dairy,unknown,cheese,cheese,2.85,0.3563,Save $1,8.0,oz,1,8.0,oz,8.0,8.0,weight,oz,unknown,False,True,True,"{""flavor"": ""unknown"", ""organic"": false, ""package_type"": ""unknown""}","{""attributes"": 1.0, ""brand"": 1.0, ""needs_review"": false, ""overall"": 1.0, ""product_type"": 1.0, ""quantity"": 1.0, ""warnings"": []}",1.0,False,[],[],https://example.com/kroger/products/kr_0018,2026-05-07T17:52:00,1.97
kr_0019,kroger,Kroger Black Beans 15 oz Can,kroger black beans 15 oz can,Kroger,Kroger,Canned & Packaged,pantry,canned_beans,pantry,1.24,,Save $1,15.0,oz,1,15.0,oz,15.0,15.0,weight,oz,can,False,True,True,"{""flavor"": ""unknown"", ""organic"": false, ""package_type"": ""can""}","{""attributes"": 1.0, ""brand"": 1.0, ""needs_review"": false, ""overall"": 1.0, ""product_type"": 1.0, ""quantity"": 1.0, ""warnings"": []}",1.0,False,[],[],https://example.com/kroger/products/kr_0019,2026-05-07T16:44:00,1.21
kr_0020,kroger,Kroger Condensed Tomato Soup 10.75 oz,kroger condensed tomato soup 10.75 oz,Kroger,Kroger,Canned & Packaged,pantry,soup,pantry,1.51,,2 for $5,10.75,oz,1,10.75,oz,10.75,10.75,weight,oz,unknown,False,True,True,"{""flavor"": ""unknown"", ""organic"": false, ""package_type"": ""unknown""}","{""attributes"": 1.0, ""brand"": 1.0, ""needs_review"": false, ""overall"": 0.92, ""product_type"": 1.0, ""quantity"": 1.0, ""warnings"": [""package_type is unknown""]}",0.92,False,[],"[""package_type is unknown""]",https://example.com/kroger/products/kr_0020,2026-05-07T15:53:00,0.92
kr_0021,kroger,Kroger Long Grain White Rice 5 lb Bag,kroger long grain white rice 5 lb bag,Kroger,Kroger,Pantry,pantry,rice,pantry,5.71,1.142,2 for $5,5.0,lb,1,5.0,lb,80.0,80.0,weight,oz,bag,False,True,True,"{""flavor"": ""unknown"", ""organic"": false, ""package_type"": ""bag""}","{""attributes"": 1.0, ""brand"": 1.0, ""needs_review"": false, ""overall"": 1.0, ""product_type"": 1.0, ""quantity"": 1.0, ""warnings"": []}",1.0,False,[],[],https://example.com/kroger/products/kr_0021,2026-05-07T15:02:00,4.05
kr_0022,kroger,Kroger Spaghetti Pasta 1 lb Box,kroger spaghetti pasta 1 lb box,Kroger,Kroger,Pantry,pantry,pasta,pantry,1.59,1.59,Save $1.50,1.0,lb,1,1.0,lb,16.0,16.0,weight,oz,box,False,True,True,"{""flavor"": ""unknown"", ""organic"": false, ""package_type"": ""box""}","{""attributes"": 1.0, ""brand"": 1.0, ""needs_review"": false, ""overall"": 1.0, ""product_type"": 1.0, ""quantity"": 1.0, ""warnings"": []}",1.0,False,[],[],https://example.com/kroger/products/kr_0022,2026-05-07T13:54:00,0.91
kr_0023,kroger,Save $1 Kroger 100% Orange Juice No Pulp 52 fl oz,save 1 kroger 100% orange juice no pulp 52 fl oz,Kroger,Kroger,Beverages,beverages,orange_juice,beverages,3.97,0.0763,Save $1,52.0,fl oz,1,52.0,fl_oz,52.0,52.0,volume,fl_oz,unknown,False,True,True,"{""caffeine"": ""unknown"", ""carbonated"": false, ""diet_type"": ""regular"", ""flavor"": ""orange"", ""package_type"": ""unknown""}","{""attributes"": 1.0, ""brand"": 1.0, ""needs_review"": false, ""overall"": 0.92, ""product_type"": 1.0, ""quantity"": 1.0, ""warnings"": [""package_type is unknown""]}",0.92,False,[],"[""package_type is unknown""]",https://example.com/kroger/products/kr_0023,2026-05-07T13:03:00,3.05
kr_0024,kroger,Kroger Baby Cut Carrots 1 lb Bag,kroger baby cut carrots 1 lb bag,Kroger,Kroger,Fresh Produce,produce,carrots,produce,1.82,1.82,Club price,1.0,lb,1,1.0,lb,16.0,16.0,weight,oz,bag,False,True,True,"{""organic"": false, ""package_type"": ""bag"", ""produce_form"": ""bagged"", ""unit_basis"": ""package"", ""variety"": ""unknown""}","{""attributes"": 1.0, ""brand"": 1.0, ""needs_review"": false, ""overall"": 1.0, ""product_type"": 1.0, ""quantity"": 1.0, ""warnings"": []}",1.0,False,[],[],https://example.com/kroger/products/kr_0024,2026-05-07T12:12:00,1.3
kr_0025,kroger,Kroger Original Cream Cheese 8 oz,kroger original cream cheese 8 oz,Kroger,Kroger,Dairy,unknown,cheese,cheese,2.34,0.2925,2 for $5,8.0,oz,1,8.0,oz,8.0,8.0,weight,oz,unknown,False,True,True,"{""flavor"": ""original"", ""organic"": false, ""package_type"": ""unknown""}","{""attributes"": 1.0, ""brand"": 1.0, ""needs_review"": false, ""overall"": 1.0, ""product_type"": 1.0, ""quantity"": 1.0, ""warnings"": []}",1.0,False,[],[],https://example.com/kroger/products/kr_0025,2026-05-07T11:21:00,1.43
kr_0026,kroger,Krger Extra V1rg1n Olive OiI 17 0z,krger extra virgin olive oii 17 oz,Kroger,Kroger,Pantry,pantry,unknown,pantry,7.79,0.4582,Digital coupon,17.0,fl oz,1,17.0,fl_oz,17.0,17.0,volume,fl_oz,unknown,False,True,True,"{""flavor"": ""unknown"", ""organic"": false, ""package_type"": ""unknown""}","{""attributes"": 1.0, ""brand"": 1.0, ""needs_review"": true, ""overall"": 0.745, ""product_type"": 0.3, ""quantity"": 1.0, ""warnings"": [""product_type is unknown"", ""package_type is unknown""]}",0.745,True,"[""product_type""]","[""product_type is unknown"", ""package_type is unknown""]",https://example.com/kroger/products/kr_0026,2026-05-07T10:13:00,5.46
kr_0027,kroger,Kroger Pure Honey 12 oz,kroger pure honey 12 oz,Kroger,Kroger,Pantry,pantry,honey,pantry,4.75,0.3958,Save $1.50,12.0,oz,1,12.0,oz,12.0,12.0,weight,oz,unknown,False,True,True,"{""flavor"": ""unknown"", ""organic"": false, ""package_type"": ""unknown""}","{""attributes"": 1.0, ""brand"": 1.0, ""needs_review"": false, ""overall"": 0.92, ""product_type"": 1.0, ""quantity"": 1.0, ""warnings"": [""package_type is unknown""]}",0.92,False,[],"[""package_type is unknown""]",https://example.com/kroger/products/kr_0027,2026-05-07T09:05:00,3.11
kr_0028,kroger,Coke Zero 12pk 12 oz cans,coke zero 12 pack 12 oz cans,Coke,Coca-Cola,Soft Drinks,beverages,soda,beverages,8.31,0.0577,Save $1.50,12.0,fl oz,12,12.0,fl_oz,12.0,144.0,volume,fl_oz,can,False,False,False,"{""caffeine"": ""caffeinated"", ""carbonated"": ""unknown"", ""diet_type"": ""zero_sugar"", ""flavor"": ""zero_sugar"", ""package_type"": ""can""}","{""attributes"": 1.0, ""brand"": 1.0, ""needs_review"": false, ""overall"": 1.0, ""product_type"": 1.0, ""quantity"": 1.0, ""warnings"": []}",1.0,False,[],[],https://example.com/kroger/products/kr_0028,2026-05-07T08:14:00,5.61
kr_0029,kroger,Coke Zero 6pk 12 oz cans,coke zero 6 pack 12 oz cans,Coke,Coca-Cola,Soft Drinks,beverages,soda,beverages,5.01,0.0696,,12.0,fl oz,6,12.0,fl_oz,12.0,72.0,volume,fl_oz,can,False,False,False,"{""caffeine"": ""caffeinated"", ""carbonated"": ""unknown"", ""diet_type"": ""zero_sugar"", ""flavor"": ""zero_sugar"", ""package_type"": ""can""}","{""attributes"": 1.0, ""brand"": 1.0, ""needs_review"": false, ""overall"": 1.0, ""product_type"": 1.0, ""quantity"": 1.0, ""warnings"": []}",1.0,False,[],[],https://example.com/kroger/products/kr_0029,2026-05-07T07:23:00,3.73
kr_0030,kroger,"Coca-Cola Classic 12pk, 12 oz cans",coca cola classic 12 pack 12 oz cans,Coca-Cola,Coca-Cola,Soft Drinks,beverages,soda,beverages,8.55,0.0594,,12.0,fl oz,12,12.0,fl_oz,12.0,144.0,volume,fl_oz,can,False,False,False,"{""caffeine"": ""caffeinated"", ""carbonated"": true, ""diet_type"": ""regular"", ""flavor"": ""classic"", ""package_type"": ""can""}","{""attributes"": 1.0, ""brand"": 1.0, ""needs_review"": false, ""overall"": 1.0, ""product_type"": 1.0, ""quantity"": 1.0, ""warnings"": []}",1.0,False,[],[],https://example.com/kroger/products/kr_0030,2026-05-07T06:15:00,6.47
kr_0031,kroger,Coca-Cola Classic 2 L Bottle,coca cola classic 2 l bottle,Coca-Cola,Coca-Cola,Soft Drinks,beverages,soda,beverages,2.55,,Digital coupon,2.0,liter,1,2.0,liter,67.628,67.628,volume,fl_oz,bottle,False,False,False,"{""caffeine"": ""caffeinated"", ""carbonated"": true, ""diet_type"": ""regular"", ""flavor"": ""classic"", ""package_type"": ""bottle""}","{""attributes"": 1.0, ""brand"": 1.0, ""needs_review"": false, ""overall"": 1.0, ""product_type"": 1.0, ""quantity"": 1.0, ""warnings"": []}",1.0,False,[],[],https://example.com/kroger/products/kr_0031,2026-05-07T05:24:00,1.73
kr_0032,kroger,Diet Cok 12pk 12 oz cans,diet cok 12 pack 12 oz cans,Coke,Coca-Cola,Soft Drinks,beverages,unknown,beverages,8.24,0.0572,Save $1.50,12.0,fl oz,12,12.0,fl_oz,12.0,144.0,volume,fl_oz,can,False,False,False,"{""caffeine"": ""unknown"", ""carbonated"": ""unknown"", ""diet_type"": ""diet"", ""flavor"": ""diet"", ""package_type"": ""can""}","{""attributes"": 1.0, ""brand"": 1.0, ""needs_review"": true, ""overall"": 0.825, ""product_type"": 0.3, ""quantity"": 1.0, ""warnings"": [""product_type is unknown""]}",0.825,True,"[""product_type""]","[""product_type is unknown""]",https://example.com/kroger/products/kr_0032,2026-05-07T04:33:00,6.19
kr_0033,kroger,Sprite Lemon-Lime 12pk 12 oz cans,sprite lemon lime 12 pack 12 oz cans,Sprite,Sprite,Soft Drinks,beverages,soda,beverages,8.08,,Club price,12.0,fl oz,12,12.0,fl_oz,12.0,144.0,volume,fl_oz,can,False,False,False,"{""caffeine"": ""unknown"", ""carbonated"": true, ""diet_type"": ""regular"", ""flavor"": ""lemon_lime"", ""package_type"": ""can""}","{""attributes"": 1.0, ""brand"": 1.0, ""needs_review"": false, ""overall"": 1.0, ""product_type"": 1.0, ""quantity"": 1.0, ""warnings"": []}",1.0,False,[],[],https://example.com/kroger/products/kr_0033,2026-05-07T03:42:00,7.87
kr_0034,kroger,Pepsi Cola 12pk 12 oz cans,pepsi cola 12 pack 12 oz cans,Pepsi,Pepsi,Soft Drinks,beverages,soda,beverages,7.01,0.0487,Digital coupon,12.0,fl oz,12,12.0,fl_oz,12.0,144.0,volume,fl_oz,can,False,False,False,"{""caffeine"": ""caffeinated"", ""carbonated"": true, ""diet_type"": ""regular"", ""flavor"": ""classic"", ""package_type"": ""can""}","{""attributes"": 1.0, ""brand"": 1.0, ""needs_review"": false, ""overall"": 1.0, ""product_type"": 1.0, ""quantity"": 1.0, ""warnings"": []}",1.0,False,[],[],https://example.com/kroger/products/kr_0034,2026-05-07T02:51:00,4.04
kr_0035,kroger,LaCroix Lime Sparkling Water 8pk 12 oz,lacroix lime sparkling water 8 pack 12 oz,LaCroix,LaCroix,Soft Drinks,beverages,sparkling_water,beverages,4.89,,Club price,12.0,fl oz,8,12.0,fl_oz,12.0,96.0,volume,fl_oz,unknown,False,False,False,"{""caffeine"": ""unknown"", ""carbonated"": true, ""diet_type"": ""regular"", ""flavor"": ""lime"", ""package_type"": ""unknown""}","{""attributes"": 1.0, ""brand"": 1.0, ""needs_review"": false, ""overall"": 0.92, ""product_type"": 1.0, ""quantity"": 1.0, ""warnings"": [""package_type is unknown""]}",0.92,False,[],"[""package_type is unknown""]",https://example.com/kroger/products/kr_0035,2026-05-07T01:43:00,2.93
kr_0036,kroger,LaCroix Lime Sparkling Water 12pk 12 oz,lacroix lime sparkling water 12 pack 12 oz,LaCroix,LaCroix,Soft Drinks,beverages,sparkling_water,beverages,6.02,,,12.0,fl oz,12,12.0,fl_oz,12.0,144.0,volume,fl_oz,unknown,False,False,False,"{""caffeine"": ""unknown"", ""carbonated"": true, ""diet_type"": ""regular"", ""flavor"": ""lime"", ""package_type"": ""unknown""}","{""attributes"": 1.0, ""brand"": 1.0, ""needs_review"": false, ""overall"": 0.92, ""product_type"": 1.0, ""quantity"": 1.0, ""warnings"": [""package_type is unknown""]}",0.92,False,[],"[""package_type is unknown""]",https://example.com/kroger/products/kr_0036,2026-05-07T00:52:00,4.51
kr_0037,kroger,LaCroix Pamplemousse Grapefruit Sparkling Water 8pk 12 oz,lacroix pamplemousse grapefruit sparkling water 8 pack 12 oz,LaCroix,LaCroix,Soft Drinks,beverages,sparkling_water,beverages,3.72,,Save $1.50,12.0,fl oz,8,12.0,fl_oz,12.0,96.0,volume,fl_oz,unknown,False,False,False,"{""caffeine"": ""unknown"", ""carbonated"": true, ""diet_type"": ""regular"", ""flavor"": ""grapefruit"", ""package_type"": ""unknown""}","{""attributes"": 1.0, ""brand"": 1.0, ""needs_review"": false, ""overall"": 0.92, ""product_type"": 1.0, ""quantity"": 1.0, ""warnings"": [""package_type is unknown""]}",0.92,False,[],"[""package_type is unknown""]",https://example.com/kroger/products/kr_0037,2026-05-06T23:44:00,2.28
kr_0038,kroger,Silk Unsweet Almond Milk Half Gallon,silk unsweet almond milk half gallon,Silk,Silk,Dairy,unknown,almond_milk,plant_based_milk,4.52,9.04,,0.5,gal,1,0.5,gal,64.0,64.0,volume,fl_oz,unknown,False,False,False,"{""barista_style"": false, ""base"": ""almond"", ""package_type"": ""unknown"", ""sweetness"": ""unknown""}","{""attributes"": 1.0, ""brand"": 1.0, ""needs_review"": false, ""overall"": 0.92, ""product_type"": 1.0, ""quantity"": 1.0, ""warnings"": [""package_type is unknown""]}",0.92,False,[],"[""package_type is unknown""]",https://example.com/kroger/products/kr_0038,2026-05-06T22:53:00,2.81
kr_0039,kroger,Club price Silk Original Soymilk Half Gallon,club price silk original soymilk half gallon,Silk,Silk,Dairy,unknown,soy_milk,plant_based_milk,4.29,,Club price,0.5,gal,1,0.5,gal,64.0,64.0,volume,fl_oz,unknown,False,False,False,"{""barista_style"": false, ""base"": ""soy"", ""package_type"": ""unknown"", ""sweetness"": ""original""}","{""attributes"": 1.0, ""brand"": 1.0, ""needs_review"": false, ""overall"": 0.92, ""product_type"": 1.0, ""quantity"": 1.0, ""warnings"": [""package_type is unknown""]}",0.92,False,[],"[""package_type is unknown""]",https://example.com/kroger/products/kr_0039,2026-05-06T22:02:00,3.16
kr_0040,kroger,Oatly Original Oat Milk 64 fl oz,oatly original oat milk 64 fl oz,Oatly,Oatly,Dairy,unknown,oat_milk,plant_based_milk,4.91,0.0767,,64.0,fl oz,1,64.0,fl_oz,64.0,64.0,volume,fl_oz,unknown,False,False,False,"{""barista_style"": false, ""base"": ""oat"", ""package_type"": ""unknown"", ""sweetness"": ""original""}","{""attributes"": 1.0, ""brand"": 1.0, ""needs_review"": false, ""overall"": 0.92, ""product_type"": 1.0, ""quantity"": 1.0, ""warnings"": [""package_type is unknown""]}",0.92,False,[],"[""package_type is unknown""]",https://example.com/kroger/products/kr_0040,2026-05-06T20:54:00,3.47
kr_0041,kroger,Oatly Barista Edition Oat Milk 32 fl oz,oatly barista edition oat milk 32 fl oz,Oatly,Oatly,Dairy,unknown,oat_milk,plant_based_milk,5.58,,,32.0,fl oz,1,32.0,fl_oz,32.0,32.0,volume,fl_oz,unknown,False,False,False,"{""barista_style"": true, ""base"": ""oat"", ""package_type"": ""unknown"", ""sweetness"": ""unknown""}","{""attributes"": 1.0, ""brand"": 1.0, ""needs_review"": false, ""overall"": 0.92, ""product_type"": 1.0, ""quantity"": 1.0, ""warnings"": [""package_type is unknown""]}",0.92,False,[],"[""package_type is unknown""]",https://example.com/kroger/products/kr_0041,2026-05-06T20:03:00,4.17
kr_0042,kroger,Horizon Organic Whole Milk Half Gallon,horizon organic whole milk half gallon,Horizon Organic,Horizon Organic,Dairy,unknown,milk,dairy_milk,4.79,,Save $1,0.5,gal,1,0.5,gal,64.0,64.0,volume,fl_oz,unknown,True,False,False,"{""fat_content"": ""whole"", ""lactose_free"": false, ""organic"": true, ""package_type"": ""unknown""}","{""attributes"": 1.0, ""brand"": 1.0, ""needs_review"": false, ""overall"": 0.92, ""product_type"": 1.0, ""quantity"": 1.0, ""warnings"": [""package_type is unknown""]}",0.92,False,[],"[""package_type is unknown""]",https://example.com/kroger/products/kr_0042,2026-05-06T19:12:00,3.61
kr_0043,kroger,Horizon Organic 2% Reduced Fat Milk 1 Gallon,horizon organic 2% reduced fat milk 1 gallon,Horizon Organic,Horizon Organic,Dairy,unknown,milk,dairy_milk,7.15,,Save $1,1.0,gal,1,1.0,gal,128.0,128.0,volume,fl_oz,unknown,True,False,False,"{""fat_content"": ""two_percent"", ""lactose_free"": false, ""organic"": true, ""package_type"": ""unknown""}","{""attributes"": 1.0, ""brand"": 1.0, ""needs_review"": false, ""overall"": 0.92, ""product_type"": 1.0, ""quantity"": 1.0, ""warnings"": [""package_type is unknown""]}",0.92,False,[],"[""package_type is unknown""]",https://example.com/kroger/products/kr_0043,2026-05-06T18:21:00,4.0
kr_0044,kroger,2 for $5 Fairlife Lactose Free 2% Ultra-Filtered Milk 52 fl oz,2 for 5 fairlife lactose free 2% ultra filtered milk 52 fl oz,Fairlife,Fairlife,Dairy,unknown,milk,dairy_milk,4.09,0.0787,2 for $5,52.0,fl oz,1,52.0,fl_oz,52.0,52.0,volume,fl_oz,unknown,False,False,False,"{""fat_content"": ""unknown"", ""lactose_free"": true, ""organic"": false, ""package_type"": ""unknown""}","{""attributes"": 0.75, ""brand"": 1.0, ""needs_review"": true, ""overall"": 0.858, ""product_type"": 1.0, ""quantity"": 1.0, ""warnings"": [""missing required attributes: fat_content"", ""package_type is unknown""]}",0.858,True,"[""fat_content""]","[""missing required attributes: fat_content"", ""package_type is unknown""]",https://example.com/kroger/products/kr_0044,2026-05-06T17:30:00,2.99
kr_0045,kroger,Chobani Blueberry Greek Yogurt 5.3 oz,chobani blueberry greek yogurt 5.3 oz,Chobani,Chobani,Dairy,unknown,greek_yogurt,yogurt,1.26,,Save $1.50,5.3,oz,1,5.3,oz,5.3,5.3,weight,oz,unknown,False,False,False,"{""fat_content"": ""unknown"", ""flavor"": ""blueberry"", ""multi_pack"": false, ""organic"": false, ""package_type"": ""unknown"", ""style"": ""greek""}","{""attributes"": 1.0, ""brand"": 1.0, ""needs_review"": false, ""overall"": 0.92, ""product_type"": 1.0, ""quantity"": 1.0, ""warnings"": [""package_type is unknown""]}",0.92,False,[],"[""package_type is unknown""]",https://example.com/kroger/products/kr_0045,2026-05-06T16:22:00,0.7
kr_0046,kroger,"2 for $5 Chobani Blueberry Greek Yogurt, 4 ct, 5.3 oz Cups",2 for 5 chobani blueberry greek yogurt 4 count 5.3 oz cups,Chobani,Chobani,Dairy,unknown,greek_yogurt,yogurt,5.39,,2 for $5,5.3,oz,4,5.3,oz,5.3,21.2,weight,oz,cup,False,False,False,"{""fat_content"": ""unknown"", ""flavor"": ""blueberry"", ""multi_pack"": true, ""organic"": false, ""package_type"": ""cup"", ""style"": ""greek""}","{""attributes"": 1.0, ""brand"": 1.0, ""needs_review"": false, ""overall"": 1.0, ""product_type"": 1.0, ""quantity"": 1.0, ""warnings"": []}",1.0,False,[],[],https://example.com/kroger/products/kr_0046,2026-05-06T15:31:00,3.17
kr_0047,kroger,Chobani Strawberry Greek Yogurt 5.3 oz,chobani strawberry greek yogurt 5.3 oz,Chobani,Chobani,Dairy,unknown,greek_yogurt,yogurt,1.24,0.234,,5.3,oz,1,5.3,oz,5.3,5.3,weight,oz,unknown,False,False,False,"{""fat_content"": ""unknown"", ""flavor"": ""strawberry"", ""multi_pack"": false, ""organic"": false, ""package_type"": ""unknown"", ""style"": ""greek""}","{""attributes"": 1.0, ""brand"": 1.0, ""needs_review"": false, ""overall"": 0.92, ""product_type"": 1.0, ""quantity"": 1.0, ""warnings"": [""package_type is unknown""]}",0.92,False,[],"[""package_type is unknown""]",https://example.com/kroger/products/kr_0047,2026-05-06T14:23:00,0.95
kr_0048,kroger,FAGE Total 5% Plain Greek Yogurt 35.3 oz,fage total 5% plain greek yogurt 35.3 oz,FAGE,FAGE,Dairy,unknown,greek_yogurt,yogurt,6.89,0.1952,,35.3,oz,1,35.3,oz,35.3,35.3,weight,oz,unknown,False,False,False,"{""fat_content"": ""unknown"", ""flavor"": ""plain"", ""multi_pack"": false, ""organic"": false, ""package_type"": ""unknown"", ""style"": ""greek""}","{""attributes"": 1.0, ""brand"": 1.0, ""needs_review"": false, ""overall"": 0.92, ""product_type"": 1.0, ""quantity"": 1.0, ""warnings"": [""package_type is unknown""]}",0.92,False,[],"[""package_type is unknown""]",https://example.com/kroger/products/kr_0048,2026-05-06T13:15:00,4.99
kr_0049,kroger,Cheeri0s Or1ginal Cereal 12 oz,cheerios original cereal 12 oz,Cheerios,Cheerios,Breakfast,pantry,cereal,pantry,4.5,0.375,Save $1,12.0,oz,1,12.0,oz,12.0,12.0,weight,oz,unknown,False,False,False,"{""flavor"": ""original"", ""organic"": false, ""package_type"": ""unknown""}","{""attributes"": 1.0, ""brand"": 1.0, ""needs_review"": false, ""overall"": 0.92, ""product_type"": 1.0, ""quantity"": 1.0, ""warnings"": [""package_type is unknown""]}",0.92,False,[],"[""package_type is unknown""]",https://example.com/kroger/products/kr_0049,2026-05-06T12:24:00,3.0
kr_0050,kroger,H0ney Nut Cheeri0s Cereal 10.8 oz,honey nut cheerios cereal 10.8 oz,Cheerios,Cheerios,Breakfast,pantry,cereal,pantry,4.38,0.4056,,10.8,oz,1,10.8,oz,10.8,10.8,weight,oz,unknown,False,False,False,"{""flavor"": ""honey_nut"", ""organic"": false, ""package_type"": ""unknown""}","{""attributes"": 1.0, ""brand"": 1.0, ""needs_review"": false, ""overall"": 0.92, ""product_type"": 1.0, ""quantity"": 1.0, ""warnings"": [""package_type is unknown""]}",0.92,False,[],"[""package_type is unknown""]",https://example.com/kroger/products/kr_0050,2026-05-06T11:33:00,3.2
kr_0051,kroger,Kellogg's Frosted Flakes Cereal 13.5 oz,kellogg s frosted flakes cereal 13.5 oz,Kellogg's,Kellogg S,Breakfast,pantry,cereal,pantry,5.2,0.3852,,13.5,oz,1,13.5,oz,13.5,13.5,weight,oz,unknown,False,False,False,"{""flavor"": ""unknown"", ""organic"": false, ""package_type"": ""unknown""}","{""attributes"": 1.0, ""brand"": 1.0, ""needs_review"": false, ""overall"": 0.92, ""product_type"": 1.0, ""quantity"": 1.0, ""warnings"": [""package_type is unknown""]}",0.92,False,[],"[""package_type is unknown""]",https://example.com/kroger/products/kr_0051,2026-05-06T10:42:00,2.98
kr_0052,kroger,Quaker Old Fashi0ned 0ts 42 oz Cani$ter,quaker old fashioned ots 42 oz cani ter,Quaker,Quaker,Breakfast,pantry,unknown,pantry,5.81,0.1383,,42.0,oz,1,42.0,oz,42.0,42.0,weight,oz,unknown,False,False,False,"{""flavor"": ""unknown"", ""organic"": false, ""package_type"": ""unknown""}","{""attributes"": 1.0, ""brand"": 1.0, ""needs_review"": true, ""overall"": 0.745, ""product_type"": 0.3, ""quantity"": 1.0, ""warnings"": [""product_type is unknown"", ""package_type is unknown""]}",0.745,True,"[""product_type""]","[""product_type is unknown"", ""package_type is unknown""]",https://example.com/kroger/products/kr_0052,2026-05-06T09:34:00,4.18
kr_0053,kroger,Club price Tostitos Scoops Tortilla Chips 10 oz,club price tostitos scoops tortilla chips 10 oz,Tostitos,Tostitos,Snacks,snacks,chips,snacks,3.8,,Club price,10.0,oz,1,10.0,oz,10.0,10.0,weight,oz,unknown,False,False,False,"{""flavor"": ""unknown"", ""organic"": false, ""package_type"": ""unknown""}","{""attributes"": 1.0, ""brand"": 1.0, ""needs_review"": false, ""overall"": 0.92, ""product_type"": 1.0, ""quantity"": 1.0, ""warnings"": [""package_type is unknown""]}",0.92,False,[],"[""package_type is unknown""]",https://example.com/kroger/products/kr_0053,2026-05-06T09:00:00,2.8
kr_0054,kroger,Doritos Nacho Cheese Tortilla Chips 9.25 oz,doritos nacho cheese tortilla chips 9.25 oz,Doritos,Doritos,Snacks,snacks,cheese,cheese,4.75,0.5135,,9.25,oz,1,9.25,oz,9.25,9.25,weight,oz,unknown,False,False,False,"{""flavor"": ""nacho_cheese"", ""organic"": false, ""package_type"": ""unknown""}","{""attributes"": 1.0, ""brand"": 1.0, ""needs_review"": false, ""overall"": 0.85, ""product_type"": 1.0, ""quantity"": 1.0, ""warnings"": [""raw category family snacks conflicts with inferred family cheese""]}",0.85,False,[],"[""raw category family snacks conflicts with inferred family cheese""]",https://example.com/kroger/products/kr_0054,2026-05-06T08:09:00,2.75
kr_0055,kroger,Lay's Classic Potato Chips 8 oz,lay s classic potato chips 8 oz,Lay's,Lay's,Snacks,snacks,chips,snacks,4.04,,Save $1,8.0,oz,1,8.0,oz,8.0,8.0,weight,oz,unknown,False,False,False,"{""flavor"": ""classic"", ""organic"": false, ""package_type"": ""unknown""}","{""attributes"": 1.0, ""brand"": 1.0, ""needs_review"": false, ""overall"": 0.92, ""product_type"": 1.0, ""quantity"": 1.0, ""warnings"": [""package_type is unknown""]}",0.92,False,[],"[""package_type is unknown""]",https://example.com/kroger/products/kr_0055,2026-05-06T07:18:00,3.07
kr_0056,kroger,OREO Orginal C0okies 14.3 oz Family Size,oreo orginal cookies 14.3 oz family size,Oreo,Oreo,Snacks,snacks,cookies,snacks,4.05,0.2832,,14.3,oz,1,14.3,oz,14.3,14.3,weight,oz,unknown,False,False,False,"{""flavor"": ""unknown"", ""organic"": false, ""package_type"": ""unknown""}","{""attributes"": 1.0, ""brand"": 1.0, ""needs_review"": false, ""overall"": 0.92, ""product_type"": 1.0, ""quantity"": 1.0, ""warnings"": [""package_type is unknown""]}",0.92,False,[],"[""package_type is unknown""]",https://example.com/kroger/products/kr_0056,2026-05-06T06:27:00,2.36
kr_0057,kroger,RITZ Original Crackers 13.7 oz,ritz original crackers 13.7 oz,Ritz,Ritz,Snacks,snacks,crackers,snacks,4.59,,,13.7,oz,1,13.7,oz,13.7,13.7,weight,oz,unknown,False,False,False,"{""flavor"": ""original"", ""organic"": false, ""package_type"": ""unknown""}","{""attributes"": 1.0, ""brand"": 1.0, ""needs_review"": false, ""overall"": 0.92, ""product_type"": 1.0, ""quantity"": 1.0, ""warnings"": [""package_type is unknown""]}",0.92,False,[],"[""package_type is unknown""]",https://example.com/kroger/products/kr_0057,2026-05-06T05:36:00,2.69
kr_0058,kroger,Cheez-It Original Baked Snack Crackers 12.4 oz,cheez it original baked snack crackers 12.4 oz,Cheez-It,Cheez-It,Snacks,snacks,crackers,snacks,4.64,,,12.4,oz,1,12.4,oz,12.4,12.4,weight,oz,unknown,False,False,False,"{""flavor"": ""original"", ""organic"": false, ""package_type"": ""unknown""}","{""attributes"": 1.0, ""brand"": 1.0, ""needs_review"": false, ""overall"": 0.92, ""product_type"": 1.0, ""quantity"": 1.0, ""warnings"": [""package_type is unknown""]}",0.92,False,[],"[""package_type is unknown""]",https://example.com/kroger/products/kr_0058,2026-05-06T04:45:00,2.98
kr_0059,kroger,Skippy Creamy Peanut Butter 16.3 oz,skippy creamy peanut butter 16.3 oz,Skippy,Skippy,Pantry,pantry,peanut_butter,pantry,2.97,0.1822,Save $1,16.3,oz,1,16.3,oz,16.3,16.3,weight,oz,unknown,False,False,False,"{""flavor"": ""unknown"", ""organic"": false, ""package_type"": ""unknown""}","{""attributes"": 1.0, ""brand"": 1.0, ""needs_review"": false, ""overall"": 0.92, ""product_type"": 1.0, ""quantity"": 1.0, ""warnings"": [""package_type is unknown""]}",0.92,False,[],"[""package_type is unknown""]",https://example.com/kroger/products/kr_0059,2026-05-06T03:54:00,2.18
kr_0060,kroger,Jif Creamy Peanut Butter 16 oz Jar,jif creamy peanut butter 16 oz jar,Jif,Jif,Pantry,pantry,peanut_butter,pantry,3.18,,Save $1.50,16.0,oz,1,16.0,oz,16.0,16.0,weight,oz,jar,False,False,False,"{""flavor"": ""unknown"", ""organic"": false, ""package_type"": ""jar""}","{""attributes"": 1.0, ""brand"": 1.0, ""needs_review"": false, ""overall"": 1.0, ""product_type"": 1.0, ""quantity"": 1.0, ""warnings"": []}",1.0,False,[],[],https://example.com/kroger/products/kr_0060,2026-05-06T02:46:00,2.17
kr_0061,kroger,Heinz Tomato Ketchup 20 oz,heinz tomato ketchup 20 oz,Heinz,Heinz,Pantry,pantry,condiments,pantry,3.73,,2 for $5,20.0,oz,1,20.0,oz,20.0,20.0,weight,oz,unknown,False,False,False,"{""flavor"": ""unknown"", ""organic"": false, ""package_type"": ""unknown""}","{""attributes"": 1.0, ""brand"": 1.0, ""needs_review"": false, ""overall"": 0.92, ""product_type"": 1.0, ""quantity"": 1.0, ""warnings"": [""package_type is unknown""]}",0.92,False,[],"[""package_type is unknown""]",https://example.com/kroger/products/kr_0061,2026-05-06T01:55:00,2.17
kr_0062,kroger,Hellmann's Real Mayonnaise 30 oz,hellmann s real mayonnaise 30 oz,Hellmann's,Hellmann's,Pantry,pantry,condiments,pantry,6.54,,2 for $5,30.0,oz,1,30.0,oz,30.0,30.0,weight,oz,unknown,False,False,False,"{""flavor"": ""unknown"", ""organic"": false, ""package_type"": ""unknown""}","{""attributes"": 1.0, ""brand"": 1.0, ""needs_review"": false, ""overall"": 0.92, ""product_type"": 1.0, ""quantity"": 1.0, ""warnings"": [""package_type is unknown""]}",0.92,False,[],"[""package_type is unknown""]",https://example.com/kroger/products/kr_0062,2026-05-06T01:04:00,4.64
kr_0063,kroger,Kraft Original Macaroni & Cheese Dinner 7.25 oz,kraft original macaroni and cheese dinner 7.25 oz,Kraft,Kraft,Pantry,pantry,cheese,cheese,1.36,,Club price,7.25,oz,1,7.25,oz,7.25,7.25,weight,oz,unknown,False,False,False,"{""flavor"": ""original"", ""organic"": false, ""package_type"": ""unknown""}","{""attributes"": 1.0, ""brand"": 1.0, ""needs_review"": false, ""overall"": 0.85, ""product_type"": 1.0, ""quantity"": 1.0, ""warnings"": [""raw category family pantry conflicts with inferred family cheese""]}",0.85,False,[],"[""raw category family pantry conflicts with inferred family cheese""]",https://example.com/kroger/products/kr_0063,2026-05-06T00:13:00,0.92
kr_0064,kroger,Barilla Spaghetti 1 lb Box,barilla spaghetti 1 lb box,Barilla,Barilla,Pantry,pantry,pasta,pantry,1.91,,Digital coupon,1.0,lb,1,1.0,lb,16.0,16.0,weight,oz,box,False,False,False,"{""flavor"": ""unknown"", ""organic"": false, ""package_type"": ""box""}","{""attributes"": 1.0, ""brand"": 1.0, ""needs_review"": false, ""overall"": 1.0, ""product_type"": 1.0, ""quantity"": 1.0, ""warnings"": []}",1.0,False,[],[],https://example.com/kroger/products/kr_0064,2026-05-05T23:05:00,1.38
kr_0065,kroger,Rao's Homemade Marinara Sauce 24 oz Jar,rao s homemade marinara sauce 24 oz jar,Rao's,Rao's,Pantry,pantry,unknown,pantry,8.49,,Club price,24.0,oz,1,24.0,oz,24.0,24.0,weight,oz,jar,False,False,False,"{""flavor"": ""unknown"", ""organic"": false, ""package_type"": ""jar""}","{""attributes"": 1.0, ""brand"": 1.0, ""needs_review"": true, ""overall"": 0.825, ""product_type"": 0.3, ""quantity"": 1.0, ""warnings"": [""product_type is unknown""]}",0.825,True,"[""product_type""]","[""product_type is unknown""]",https://example.com/kroger/products/kr_0065,2026-05-05T21:57:00,6.07
kr_0066,kroger,DiGiorno Original Rising Crust Pepperoni Pizza 27.5 oz,digiorno original rising crust pepperoni pizza 27.5 oz,DiGiorno,DiGiorno,Frozen,frozen,frozen_pizza,frozen,6.16,0.224,,27.5,oz,1,27.5,oz,27.5,27.5,weight,oz,unknown,False,False,False,"{""flavor"": ""original"", ""organic"": false, ""package_type"": ""unknown""}","{""attributes"": 1.0, ""brand"": 1.0, ""needs_review"": false, ""overall"": 0.92, ""product_type"": 1.0, ""quantity"": 1.0, ""warnings"": [""package_type is unknown""]}",0.92,False,[],"[""package_type is unknown""]",https://example.com/kroger/products/kr_0066,2026-05-05T21:23:00,3.86
kr_0067,kroger,Tombstone Original Pepperoni Frozen Pizza 18.5 oz,tombstone original pepperoni frozen pizza 18.5 oz,Tombstone,Tombstone,Frozen,frozen,frozen_pizza,frozen,4.23,0.2286,Club price,18.5,oz,1,18.5,oz,18.5,18.5,weight,oz,unknown,False,False,False,"{""flavor"": ""original"", ""organic"": false, ""package_type"": ""unknown""}","{""attributes"": 1.0, ""brand"": 1.0, ""needs_review"": false, ""overall"": 0.92, ""product_type"": 1.0, ""quantity"": 1.0, ""warnings"": [""package_type is unknown""]}",0.92,False,[],"[""package_type is unknown""]",https://example.com/kroger/products/kr_0067,2026-05-05T20:32:00,2.85
kr_0068,kroger,Ben & Jerry's Cherry Garcia Ice Cream 16 fl oz,ben and jerry s cherry garcia ice cream 16 fl oz,Ben & Jerry's,Ben Jerry S,Frozen,frozen,ice_cream,frozen,5.91,0.3694,,16.0,fl oz,1,16.0,fl_oz,16.0,16.0,volume,fl_oz,unknown,False,False,False,"{""flavor"": ""unknown"", ""organic"": false, ""package_type"": ""unknown""}","{""attributes"": 1.0, ""brand"": 1.0, ""needs_review"": false, ""overall"": 0.92, ""product_type"": 1.0, ""quantity"": 1.0, ""warnings"": [""package_type is unknown""]}",0.92,False,[],"[""package_type is unknown""]",https://example.com/kroger/products/kr_0068,2026-05-05T19:41:00,4.23
kr_0069,kroger,Häagen-Dazs Vanilla Ice Cream 14 fl oz,haagen dazs vanilla ice cream 14 fl oz,Häagen-Dazs,Häagen Dazs,Frozen,frozen,ice_cream,frozen,4.75,,,14.0,fl oz,1,14.0,fl_oz,14.0,14.0,volume,fl_oz,unknown,False,False,False,"{""flavor"": ""unknown"", ""organic"": false, ""package_type"": ""unknown""}","{""attributes"": 1.0, ""brand"": 1.0, ""needs_review"": false, ""overall"": 0.92, ""product_type"": 1.0, ""quantity"": 1.0, ""warnings"": [""package_type is unknown""]}",0.92,False,[],"[""package_type is unknown""]",https://example.com/kroger/products/kr_0069,2026-05-05T18:50:00,3.13
kr_0070,kroger,Save $1 Tropicana Pure Premium Orange Juice 52 fl oz,save 1 tropicana pure premium orange juice 52 fl oz,Tropicana,Tropicana,Beverages,beverages,orange_juice,beverages,4.87,0.0937,Save $1,52.0,fl oz,1,52.0,fl_oz,52.0,52.0,volume,fl_oz,unknown,False,False,False,"{""caffeine"": ""unknown"", ""carbonated"": false, ""diet_type"": ""regular"", ""flavor"": ""orange"", ""package_type"": ""unknown""}","{""attributes"": 1.0, ""brand"": 1.0, ""needs_review"": false, ""overall"": 0.92, ""product_type"": 1.0, ""quantity"": 1.0, ""warnings"": [""package_type is unknown""]}",0.92,False,[],"[""package_type is unknown""]",https://example.com/kroger/products/kr_0070,2026-05-05T17:42:00,2.96
kr_0071,kroger,Save $1.50 Simply Orange PuIp Free Orange Juice 52 fl oz,save 1.50 simply orange puip free orange juice 52 fl oz,Simply,Simply,Beverages,beverages,orange_juice,beverages,5.2,0.1,Save $1.50,52.0,fl oz,1,52.0,fl_oz,52.0,52.0,volume,fl_oz,unknown,False,False,False,"{""caffeine"": ""unknown"", ""carbonated"": false, ""diet_type"": ""regular"", ""flavor"": ""orange"", ""package_type"": ""unknown""}","{""attributes"": 1.0, ""brand"": 1.0, ""needs_review"": false, ""overall"": 0.92, ""product_type"": 1.0, ""quantity"": 1.0, ""warnings"": [""package_type is unknown""]}",0.92,False,[],"[""package_type is unknown""]",https://example.com/kroger/products/kr_0071,2026-05-05T16:51:00,4.04
kr_0072,kroger,Folgers Classic Roast Ground Coffee 30.5 oz,folgers classic roast ground coffee 30.5 oz,Folgers,Folgers,Coffee & Tea,beverages,coffee,beverages,8.71,,,30.5,oz,1,30.5,oz,30.5,30.5,weight,oz,unknown,False,False,False,"{""caffeine"": ""caffeinated"", ""carbonated"": false, ""diet_type"": ""regular"", ""flavor"": ""classic"", ""package_type"": ""unknown""}","{""attributes"": 1.0, ""brand"": 1.0, ""needs_review"": false, ""overall"": 0.92, ""product_type"": 1.0, ""quantity"": 1.0, ""warnings"": [""package_type is unknown""]}",0.92,False,[],"[""package_type is unknown""]",https://example.com/kroger/products/kr_0072,2026-05-05T16:00:00,6.21
kr_0073,kroger,Starbucks Pike Place Roast Whole Bean Coffee 12 oz,starbucks pike place roast whole bean coffee 12 oz,Starbucks,Starbucks,Coffee & Tea,beverages,coffee,beverages,9.89,,Save $1.50,12.0,oz,1,12.0,oz,12.0,12.0,weight,oz,unknown,False,False,False,"{""caffeine"": ""caffeinated"", ""carbonated"": false, ""diet_type"": ""regular"", ""flavor"": ""classic"", ""package_type"": ""unknown""}","{""attributes"": 1.0, ""brand"": 1.0, ""needs_review"": false, ""overall"": 0.92, ""product_type"": 1.0, ""quantity"": 1.0, ""warnings"": [""package_type is unknown""]}",0.92,False,[],"[""package_type is unknown""]",https://example.com/kroger/products/kr_0073,2026-05-05T15:09:00,6.97
kr_0074,kroger,"KIND Dark Chocolate Nuts & Sea Salt Bars 6 ct, 1.4 oz",kind dark chocolate nuts and sea salt bars 6 count 1.4 oz,KIND,Kind,Snacks,snacks,unknown,snacks,6.54,,2 for $5,1.4,oz,6,1.4,oz,1.4,8.399999999999999,weight,oz,unknown,False,False,False,"{""flavor"": ""unknown"", ""organic"": false, ""package_type"": ""unknown""}","{""attributes"": 1.0, ""brand"": 1.0, ""needs_review"": true, ""overall"": 0.745, ""product_type"": 0.3, ""quantity"": 1.0, ""warnings"": [""product_type is unknown"", ""package_type is unknown""]}",0.745,True,"[""product_type""]","[""product_type is unknown"", ""package_type is unknown""]",https://example.com/kroger/products/kr_0074,2026-05-05T14:01:00,4.08
kr_0075,kroger,CLIF BAR Chocolate Chip Energy Bars 6 ct,clif bar chocolate chip energy bars 6 count,Clif,Clif,Snacks,snacks,unknown,snacks,6.94,,Club price,2.4,oz,6,2.4,oz,2.4,14.399999999999999,weight,oz,unknown,False,False,False,"{""flavor"": ""unknown"", ""organic"": false, ""package_type"": ""unknown""}","{""attributes"": 1.0, ""brand"": 1.0, ""needs_review"": true, ""overall"": 0.745, ""product_type"": 0.3, ""quantity"": 1.0, ""warnings"": [""product_type is unknown"", ""package_type is unknown""]}",0.745,True,"[""product_type""]","[""product_type is unknown"", ""package_type is unknown""]",https://example.com/kroger/products/kr_0075,2026-05-05T13:27:00,4.7
kr_0076,kroger,Driscoll's Strawberries 1 lb Clamshell,driscoll s strawberries 1 lb clamshell,Driscoll's,Driscoll S,Fresh Produce,produce,berries,produce,5.13,,2 for $5,1.0,lb,1,1.0,lb,16.0,16.0,weight,oz,clamshell,False,False,False,"{""organic"": false, ""package_type"": ""clamshell"", ""produce_form"": ""clamshell"", ""unit_basis"": ""package"", ""variety"": ""unknown""}","{""attributes"": 1.0, ""brand"": 1.0, ""needs_review"": false, ""overall"": 1.0, ""product_type"": 1.0, ""quantity"": 1.0, ""warnings"": []}",1.0,False,[],[],https://example.com/kroger/products/kr_0076,2026-05-05T12:36:00,3.82
kr_0077,kroger,Driscoll's Blueberries 6 oz,driscoll s blueberries 6 oz,Driscoll's,Driscoll S,Fresh Produce,produce,berries,produce,3.95,0.6583,,6.0,oz,1,6.0,oz,6.0,6.0,weight,oz,unknown,False,False,False,"{""organic"": false, ""package_type"": ""unknown"", ""produce_form"": ""unknown"", ""unit_basis"": ""unknown"", ""variety"": ""unknown""}","{""attributes"": 0.5, ""brand"": 1.0, ""needs_review"": true, ""overall"": 0.875, ""product_type"": 1.0, ""quantity"": 1.0, ""warnings"": [""missing required attributes: produce_form, unit_basis""]}",0.875,True,"[""produce_form"", ""unit_basis""]","[""missing required attributes: produce_form, unit_basis""]",https://example.com/kroger/products/kr_0077,2026-05-05T11:45:00,2.34
kr_0078,kroger,Bulk Organic Fuji Apples per lb,bulk organic fuji apples per lb,,unknown,Fresh Produce,produce,apples,produce,2.27,,Save $1,1.0,lb,1,1.0,lb,16.0,16.0,weight,oz,bulk,True,False,False,"{""organic"": true, ""package_type"": ""bulk"", ""produce_form"": ""loose"", ""unit_basis"": ""per_lb"", ""variety"": ""fuji""}","{""attributes"": 1.0, ""brand"": 0.4, ""needs_review"": false, ""overall"": 0.85, ""product_type"": 1.0, ""quantity"": 1.0, ""warnings"": [""canonical_brand is unknown""]}",0.85,False,[],"[""canonical_brand is unknown""]",https://example.com/kroger/products/kr_0078,2026-05-05T10:37:00,1.39
kr_0079,kroger,Bananas (per lb),bananas per lb,,unknown,Fresh Produce,produce,bananas,produce,0.6,,Club price,1.0,lb,1,1.0,lb,16.0,16.0,weight,oz,unknown,False,False,False,"{""organic"": false, ""package_type"": ""unknown"", ""produce_form"": ""unknown"", ""unit_basis"": ""unknown"", ""variety"": ""unknown""}","{""attributes"": 0.5, ""brand"": 0.4, ""needs_review"": true, ""overall"": 0.725, ""product_type"": 1.0, ""quantity"": 1.0, ""warnings"": [""canonical_brand is unknown"", ""missing required attributes: produce_form, unit_basis""]}",0.725,True,"[""produce_form"", ""unit_basis""]","[""canonical_brand is unknown"", ""missing required attributes: produce_form, unit_basis""]",https://example.com/kroger/products/kr_0079,2026-05-05T09:46:00,0.46
kr_0080,kroger,Boneless Skinless Chicken Breast (per lb),boneless skinless chicken breast per lb,,unknown,Meat & Seafood,meat_seafood,chicken_breast,meat_seafood,5.97,5.97,,1.0,lb,1,1.0,lb,16.0,16.0,weight,oz,unknown,False,False,False,"{""animal"": ""chicken"", ""bone_status"": ""boneless"", ""cut"": ""breast"", ""fresh_or_frozen"": ""unknown"", ""organic"": false, ""package_type"": ""unknown"", ""skin_status"": ""skinless""}","{""attributes"": 1.0, ""brand"": 0.4, ""needs_review"": false, ""overall"": 0.85, ""product_type"": 1.0, ""quantity"": 1.0, ""warnings"": [""canonical_brand is unknown""]}",0.85,False,[],"[""canonical_brand is unknown""]",https://example.com/kroger/products/kr_0080,2026-05-05T08:38:00,3.42
kr_0081,kroger,Ground Beef 80/20 1 lb,ground beef 80/20 1 lb,,unknown,Meat & Seafood,meat_seafood,ground_beef,meat_seafood,5.33,,,1.0,lb,1,1.0,lb,16.0,16.0,weight,oz,unknown,False,False,False,"{""animal"": ""beef"", ""bone_status"": ""unknown"", ""cut"": ""ground"", ""fresh_or_frozen"": ""unknown"", ""organic"": false, ""package_type"": ""unknown"", ""skin_status"": ""unknown""}","{""attributes"": 1.0, ""brand"": 0.4, ""needs_review"": false, ""overall"": 0.85, ""product_type"": 1.0, ""quantity"": 1.0, ""warnings"": [""canonical_brand is unknown""]}",0.85,False,[],"[""canonical_brand is unknown""]",https://example.com/kroger/products/kr_0081,2026-05-05T07:47:00,3.1
kr_0082,kroger,Atlantic Salmon Fillet (per lb),atlantic salmon fillet per lb,,unknown,Meat & Seafood,meat_seafood,salmon,meat_seafood,12.32,,2 for $5,1.0,lb,1,1.0,lb,16.0,16.0,weight,oz,unknown,False,False,False,"{""animal"": ""salmon"", ""bone_status"": ""unknown"", ""cut"": ""fillet"", ""fresh_or_frozen"": ""unknown"", ""organic"": false, ""package_type"": ""unknown"", ""skin_status"": ""unknown""}","{""attributes"": 1.0, ""brand"": 0.4, ""needs_review"": false, ""overall"": 0.85, ""product_type"": 1.0, ""quantity"": 1.0, ""warnings"": [""canonical_brand is unknown""]}",0.85,False,[],"[""canonical_brand is unknown""]",https://example.com/kroger/products/kr_0082,2026-05-05T06:39:00,9.04
kr_0083,kroger,Save $1.50 Coke Zero 8pk 12 oz cans,save 1.50 coke zero 8 pack 12 oz cans,Coke,Coca-Cola,Soft Drinks,beverages,soda,beverages,8.34,,Save $1.50,12.0,fl oz,8,12.0,fl_oz,12.0,96.0,volume,fl_oz,can,False,False,False,"{""caffeine"": ""caffeinated"", ""carbonated"": ""unknown"", ""diet_type"": ""zero_sugar"", ""flavor"": ""zero_sugar"", ""package_type"": ""can""}","{""attributes"": 1.0, ""brand"": 1.0, ""needs_review"": false, ""overall"": 1.0, ""product_type"": 1.0, ""quantity"": 1.0, ""warnings"": []}",1.0,False,[],[],https://example.com/kroger/products/kr_0083,2026-05-05T06:05:00,5.61
kr_0084,kroger,Simple Truth Organic Whole Milk 1 Gallon (alt size 0.5 gal),simple truth organic whole milk 1 gallon alt size 0.5 gal,Simple Truth,Simple Truth,Dairy,unknown,milk,dairy_milk,6.54,13.08,,0.5,gal,1,0.5,gal,64.0,64.0,volume,fl_oz,unknown,True,True,True,"{""fat_content"": ""whole"", ""lactose_free"": false, ""organic"": true, ""package_type"": ""unknown""}","{""attributes"": 1.0, ""brand"": 1.0, ""needs_review"": false, ""overall"": 0.92, ""product_type"": 1.0, ""quantity"": 1.0, ""warnings"": [""package_type is unknown""]}",0.92,False,[],"[""package_type is unknown""]",https://example.com/kroger/products/kr_0084,2026-05-05T05:31:00,3.66
kr_0085,kroger,Digital coupon Driscoll's Blueberries 18 oz Family Pack,digital coupon driscoll s blueberries 18 oz family pack,Driscoll's,Driscoll S,Fresh Produce,produce,berries,produce,3.48,0.1933,Digital coupon,18.0,oz,1,18.0,oz,18.0,18.0,weight,oz,unknown,False,False,False,"{""organic"": false, ""package_type"": ""unknown"", ""produce_form"": ""unknown"", ""unit_basis"": ""unknown"", ""variety"": ""unknown""}","{""attributes"": 0.5, ""brand"": 1.0, ""needs_review"": true, ""overall"": 0.875, ""product_type"": 1.0, ""quantity"": 1.0, ""warnings"": [""missing required attributes: produce_form, unit_basis""]}",0.875,True,"[""produce_form"", ""unit_basis""]","[""missing required attributes: produce_form, unit_basis""]",https://example.com/kroger/products/kr_0085,2026-05-05T04:06:00,2.55
kr_0086,kroger,Private Selection Sharp Cheddar Cheese 8 oz,private selection sharp cheddar cheese 8 oz,Private Selection,Private Selection,Dairy,unknown,cheese,cheese,4.6,0.575,2 for $5,8.0,oz,1,8.0,oz,8.0,8.0,weight,oz,unknown,False,True,False,"{""flavor"": ""unknown"", ""organic"": false, ""package_type"": ""unknown""}","{""attributes"": 1.0, ""brand"": 1.0, ""needs_review"": false, ""overall"": 1.0, ""product_type"": 1.0, ""quantity"": 1.0, ""warnings"": []}",1.0,False,[],[],https://example.com/kroger/products/kr_0086,2026-05-04T19:19:00,3.21
kr_0087,kroger,Kroger Whole Wheat Pasta Penne 16 oz,kroger whole wheat pasta penne 16 oz,Kroger,Kroger,Pantry,pantry,pasta,pantry,1.33,0.0831,,16.0,oz,1,16.0,oz,16.0,16.0,weight,oz,unknown,False,True,True,"{""flavor"": ""unknown"", ""organic"": false, ""package_type"": ""unknown""}","{""attributes"": 1.0, ""brand"": 1.0, ""needs_review"": false, ""overall"": 0.92, ""product_type"": 1.0, ""quantity"": 1.0, ""warnings"": [""package_type is unknown""]}",0.92,False,[],"[""package_type is unknown""]",https://example.com/kroger/products/kr_0087,2026-05-04T19:02:00,0.98
kr_0088,kroger,Simple Truth Organic Honey 12 oz,simple truth organic honey 12 oz,Simple Truth,Simple Truth,Pantry,pantry,honey,pantry,5.52,,Club price,12.0,oz,1,12.0,oz,12.0,12.0,weight,oz,unknown,True,True,True,"{""flavor"": ""unknown"", ""organic"": true, ""package_type"": ""unknown""}","{""attributes"": 1.0, ""brand"": 1.0, ""needs_review"": false, ""overall"": 0.92, ""product_type"": 1.0, ""quantity"": 1.0, ""warnings"": [""package_type is unknown""]}",0.92,False,[],"[""package_type is unknown""]",https://example.com/kroger/products/kr_0088,2026-05-04T18:45:00,3.59
kr_0089,kroger,Kroger Pancake Mix Original 32 oz,kroger pancake mix original 32 oz,Kroger,Kroger,Breakfast,pantry,unknown,pantry,2.06,0.0644,,32.0,oz,1,32.0,oz,32.0,32.0,weight,oz,unknown,False,True,True,"{""flavor"": ""original"", ""organic"": false, ""package_type"": ""unknown""}","{""attributes"": 1.0, ""brand"": 1.0, ""needs_review"": true, ""overall"": 0.745, ""product_type"": 0.3, ""quantity"": 1.0, ""warnings"": [""product_type is unknown"", ""package_type is unknown""]}",0.745,True,"[""product_type""]","[""product_type is unknown"", ""package_type is unknown""]",https://example.com/kroger/products/kr_0089,2026-05-04T18:28:00,1.42
kr_0090,kroger,Kroger Frozen Mixed Vegetables 12 oz,kroger frozen mixed vegetables 12 oz,Kroger,Kroger,Frozen,frozen,unknown,frozen,1.48,0.1233,Save $1.50,12.0,oz,1,12.0,oz,12.0,12.0,weight,oz,unknown,False,True,True,"{""flavor"": ""unknown"", ""organic"": false, ""package_type"": ""unknown""}","{""attributes"": 1.0, ""brand"": 1.0, ""needs_review"": true, ""overall"": 0.745, ""product_type"": 0.3, ""quantity"": 1.0, ""warnings"": [""product_type is unknown"", ""package_type is unknown""]}",0.745,True,"[""product_type""]","[""product_type is unknown"", ""package_type is unknown""]",https://example.com/kroger/products/kr_0090,2026-05-04T18:11:00,1.44
kr_0091,kroger,Kroger Vanilla Ice Cream 48 fl oz,kroger vanilla ice cream 48 fl oz,Kroger,Kroger,Frozen,frozen,ice_cream,frozen,3.6,0.075,2 for $5,48.0,fl oz,1,48.0,fl_oz,48.0,48.0,volume,fl_oz,unknown,False,True,True,"{""flavor"": ""unknown"", ""organic"": false, ""package_type"": ""unknown""}","{""attributes"": 1.0, ""brand"": 1.0, ""needs_review"": false, ""overall"": 0.92, ""product_type"": 1.0, ""quantity"": 1.0, ""warnings"": [""package_type is unknown""]}",0.92,False,[],"[""package_type is unknown""]",https://example.com/kroger/products/kr_0091,2026-05-04T17:54:00,2.2
kr_0092,kroger,Kroger Hot Dog Buns 8 ct,kroger hot dog buns 8 count,Kroger,Kroger,Bakery,bakery,unknown,bakery,1.37,0.1713,Save $1,8.0,ct,1,8.0,count,8.0,8.0,count,count,unknown,False,True,True,"{""flavor"": ""unknown"", ""organic"": false, ""package_type"": ""unknown""}","{""attributes"": 1.0, ""brand"": 1.0, ""needs_review"": true, ""overall"": 0.825, ""product_type"": 0.3, ""quantity"": 1.0, ""warnings"": [""product_type is unknown""]}",0.825,True,"[""product_type""]","[""product_type is unknown""]",https://example.com/kroger/products/kr_0092,2026-05-04T17:37:00,1.06
kr_0093,kroger,Kroger American Cheese Singles 16 ct,kroger american cheese singles 16 count,Kroger,Kroger,Dairy,unknown,cheese,cheese,3.27,,Club price,16.0,ct,1,16.0,count,16.0,16.0,count,count,unknown,False,True,True,"{""flavor"": ""unknown"", ""organic"": false, ""package_type"": ""unknown""}","{""attributes"": 1.0, ""brand"": 1.0, ""needs_review"": false, ""overall"": 1.0, ""product_type"": 1.0, ""quantity"": 1.0, ""warnings"": []}",1.0,False,[],[],https://example.com/kroger/products/kr_0093,2026-05-04T17:20:00,1.99
kr_0094,kroger,Tillamook Cheddar Cheese Block 8 oz,tillamook cheddar cheese block 8 oz,Tillamook,Tillamook,Dairy,unknown,cheese,cheese,4.79,0.5988,2 for $5,8.0,oz,1,8.0,oz,8.0,8.0,weight,oz,unknown,False,False,False,"{""flavor"": ""unknown"", ""organic"": false, ""package_type"": ""unknown""}","{""attributes"": 1.0, ""brand"": 1.0, ""needs_review"": false, ""overall"": 1.0, ""product_type"": 1.0, ""quantity"": 1.0, ""warnings"": []}",1.0,False,[],[],https://example.com/kroger/products/kr_0094,2026-05-04T17:03:00,2.65
kr_0095,kroger,Kr0ger Diced Tomates Can 14.5 oz,kroger diced tomates can 14.5 oz,Kroger,Kroger,Pantry,pantry,unknown,pantry,1.0,0.069,Digital coupon,14.5,oz,1,14.5,oz,14.5,14.5,weight,oz,can,False,True,True,"{""flavor"": ""unknown"", ""organic"": false, ""package_type"": ""can""}","{""attributes"": 1.0, ""brand"": 1.0, ""needs_review"": true, ""overall"": 0.825, ""product_type"": 0.3, ""quantity"": 1.0, ""warnings"": [""product_type is unknown""]}",0.825,True,"[""product_type""]","[""product_type is unknown""]",https://example.com/kroger/products/kr_0095,2026-05-04T16:46:00,0.68
kr_0096,kroger,Kroger Beef Hot Dogs 16 oz,kroger beef hot dogs 16 oz,Kroger,Kroger,Meat & Seafood,meat_seafood,unknown,meat_seafood,4.88,,Save $1.50,16.0,oz,1,16.0,oz,16.0,16.0,weight,oz,unknown,False,True,True,"{""animal"": ""beef"", ""bone_status"": ""unknown"", ""cut"": ""unknown"", ""fresh_or_frozen"": ""unknown"", ""organic"": false, ""package_type"": ""unknown"", ""skin_status"": ""unknown""}","{""attributes"": 0.75, ""brand"": 1.0, ""needs_review"": true, ""overall"": 0.762, ""product_type"": 0.3, ""quantity"": 1.0, ""warnings"": [""product_type is unknown"", ""missing required attributes: cut""]}",0.762,True,"[""product_type"", ""cut""]","[""product_type is unknown"", ""missing required attributes: cut""]",https://example.com/kroger/products/kr_0096,2026-05-04T16:29:00,2.76
kr_0097,kroger,Boneless Pork Chops per lb,boneless pork chops per lb,,unknown,Meat & Seafood,meat_seafood,unknown,meat_seafood,3.82,3.82,Digital coupon,1.0,lb,1,1.0,lb,16.0,16.0,weight,oz,unknown,False,False,False,"{""animal"": ""unknown"", ""bone_status"": ""boneless"", ""cut"": ""unknown"", ""fresh_or_frozen"": ""unknown"", ""organic"": false, ""package_type"": ""unknown"", ""skin_status"": ""unknown""}","{""attributes"": 0.5, ""brand"": 0.4, ""needs_review"": true, ""overall"": 0.55, ""product_type"": 0.3, ""quantity"": 1.0, ""warnings"": [""canonical_brand is unknown"", ""product_type is unknown"", ""missing required attributes: animal, cut""]}",0.55,True,"[""product_type"", ""animal"", ""cut""]","[""canonical_brand is unknown"", ""product_type is unknown"", ""missing required attributes: animal, cut""]",https://example.com/kroger/products/kr_0097,2026-05-04T16:12:00,2.36
kr_0098,kroger,Tilapia Fillet (per lb),tilapia fillet per lb,,unknown,Meat & Seafood,meat_seafood,unknown,meat_seafood,6.74,6.74,Save $1.50,1.0,lb,1,1.0,lb,16.0,16.0,weight,oz,unknown,False,False,False,"{""animal"": ""unknown"", ""bone_status"": ""unknown"", ""cut"": ""fillet"", ""fresh_or_frozen"": ""unknown"", ""organic"": false, ""package_type"": ""unknown"", ""skin_status"": ""unknown""}","{""attributes"": 0.75, ""brand"": 0.4, ""needs_review"": true, ""overall"": 0.613, ""product_type"": 0.3, ""quantity"": 1.0, ""warnings"": [""canonical_brand is unknown"", ""product_type is unknown"", ""missing required attributes: animal""]}",0.613,True,"[""product_type"", ""animal""]","[""canonical_brand is unknown"", ""product_type is unknown"", ""missing required attributes: animal""]",https://example.com/kroger/products/kr_0098,2026-05-04T15:55:00,4.01
kr_0099,kroger,Kroger Sliced Provolone Cheese 8 oz,kroger sliced provolone cheese 8 oz,Kroger,Kroger,Dairy,unknown,cheese,cheese,2.99,0.3738,Save $1,8.0,oz,1,8.0,oz,8.0,8.0,weight,oz,unknown,False,True,True,"{""flavor"": ""unknown"", ""organic"": false, ""package_type"": ""unknown""}","{""attributes"": 1.0, ""brand"": 1.0, ""needs_review"": false, ""overall"": 1.0, ""product_type"": 1.0, ""quantity"": 1.0, ""warnings"": []}",1.0,False,[],[],https://example.com/kroger/products/kr_0099,2026-05-04T15:38:00,2.08
kr_0100,kroger,Bulk Russet Potatoes 5 lb Bag,bulk russet potatoes 5 lb bag,,unknown,Fresh Produce,produce,unknown,produce,4.43,,,5.0,lb,1,5.0,lb,80.0,80.0,weight,oz,bulk,False,False,False,"{""organic"": false, ""package_type"": ""bulk"", ""produce_form"": ""loose"", ""unit_basis"": ""per_lb"", ""variety"": ""unknown""}","{""attributes"": 1.0, ""brand"": 0.4, ""needs_review"": true, ""overall"": 0.675, ""product_type"": 0.3, ""quantity"": 1.0, ""warnings"": [""canonical_brand is unknown"", ""product_type is unknown""]}",0.675,True,"[""product_type""]","[""canonical_brand is unknown"", ""product_type is unknown""]",https://example.com/kroger/products/kr_0100,2026-05-04T15:21:00,3.18
kr_0101,kroger,Yellow Onions 3 lb Bag,yellow onions 3 lb bag,,unknown,Fresh Produce,produce,unknown,produce,3.61,,2 for $5,3.0,lb,1,3.0,lb,48.0,48.0,weight,oz,bag,False,False,False,"{""organic"": false, ""package_type"": ""bag"", ""produce_form"": ""bagged"", ""unit_basis"": ""package"", ""variety"": ""unknown""}","{""attributes"": 1.0, ""brand"": 0.4, ""needs_review"": true, ""overall"": 0.675, ""product_type"": 0.3, ""quantity"": 1.0, ""warnings"": [""canonical_brand is unknown"", ""product_type is unknown""]}",0.675,True,"[""product_type""]","[""canonical_brand is unknown"", ""product_type is unknown""]",https://example.com/kroger/products/kr_0101,2026-05-04T15:04:00,2.22
kr_0102,kroger,Bell Pppers each,bell pppers each,,unknown,Fresh Produce,produce,unknown,produce,1.43,,,1.0,each,1,1.0,count,1.0,1.0,count,count,each,False,False,False,"{""organic"": false, ""package_type"": ""each"", ""produce_form"": ""loose"", ""unit_basis"": ""each"", ""variety"": ""unknown""}","{""attributes"": 1.0, ""brand"": 0.4, ""needs_review"": true, ""overall"": 0.675, ""product_type"": 0.3, ""quantity"": 1.0, ""warnings"": [""canonical_brand is unknown"", ""product_type is unknown""]}",0.675,True,"[""product_type""]","[""canonical_brand is unknown"", ""product_type is unknown""]",https://example.com/kroger/products/kr_0102,2026-05-04T14:47:00,0.98
kr_0103,kroger,Kroger Apple Sauce Cups 6 ct,kroger apple sauce cups 6 count,Kroger,Kroger,Snacks,snacks,apples,produce,2.58,0.1075,,4.0,oz,6,4.0,oz,4.0,24.0,weight,oz,cup,False,True,True,"{""organic"": false, ""package_type"": ""cup"", ""produce_form"": ""unknown"", ""unit_basis"": ""unknown"", ""variety"": ""unknown""}","{""attributes"": 0.5, ""brand"": 1.0, ""needs_review"": true, ""overall"": 0.725, ""product_type"": 1.0, ""quantity"": 1.0, ""warnings"": [""missing required attributes: produce_form, unit_basis"", ""raw category family snacks conflicts with inferred family produce""]}",0.725,True,"[""produce_form"", ""unit_basis""]","[""missing required attributes: produce_form, unit_basis"", ""raw category family snacks conflicts with inferred family produce""]",https://example.com/kroger/products/kr_0103,2026-05-04T14:30:00,1.61
kr_0104,kroger,Kroger Granola Cereal Honey Almond 12 oz,kroger granola cereal honey almond 12 oz,Kroger,Kroger,Breakfast,pantry,cereal,pantry,3.3,0.275,Save $1,12.0,oz,1,12.0,oz,12.0,12.0,weight,oz,unknown,False,True,True,"{""flavor"": ""unknown"", ""organic"": false, ""package_type"": ""unknown""}","{""attributes"": 1.0, ""brand"": 1.0, ""needs_review"": false, ""overall"": 0.92, ""product_type"": 1.0, ""quantity"": 1.0, ""warnings"": [""package_type is unknown""]}",0.92,False,[],"[""package_type is unknown""]",https://example.com/kroger/products/kr_0104,2026-05-04T14:13:00,2.53
kr_0105,kroger,Annie's Organic Mac & Cheese Shells 6 oz,annie s organic mac and cheese shells 6 oz,Annie's,Annie S,Pantry,pantry,cheese,cheese,2.48,0.4133,,6.0,oz,1,6.0,oz,6.0,6.0,weight,oz,unknown,True,False,False,"{""flavor"": ""unknown"", ""organic"": true, ""package_type"": ""unknown""}","{""attributes"": 1.0, ""brand"": 1.0, ""needs_review"": false, ""overall"": 0.85, ""product_type"": 1.0, ""quantity"": 1.0, ""warnings"": [""raw category family pantry conflicts with inferred family cheese""]}",0.85,False,[],"[""raw category family pantry conflicts with inferred family cheese""]",https://example.com/kroger/products/kr_0105,2026-05-04T13:56:00,1.63
kr_0106,kroger,Club price Yoplait Original Strawberry Yogurt 6 oz,club price yoplait original strawberry yogurt 6 oz,Yoplait,Yoplait,Dairy,unknown,yogurt,yogurt,0.96,0.16,Club price,6.0,oz,1,6.0,oz,6.0,6.0,weight,oz,unknown,False,False,False,"{""fat_content"": ""unknown"", ""flavor"": ""strawberry"", ""multi_pack"": false, ""organic"": false, ""package_type"": ""unknown"", ""style"": ""regular""}","{""attributes"": 1.0, ""brand"": 1.0, ""needs_review"": false, ""overall"": 0.92, ""product_type"": 1.0, ""quantity"": 1.0, ""warnings"": [""package_type is unknown""]}",0.92,False,[],"[""package_type is unknown""]",https://example.com/kroger/products/kr_0106,2026-05-04T13:39:00,0.55
kr_0107,kroger,Kroger Frozen Cheese Pizza 16 oz,kroger frozen cheese pizza 16 oz,Kroger,Kroger,Frozen,frozen,cheese,cheese,3.05,0.1906,Save $1,16.0,oz,1,16.0,oz,16.0,16.0,weight,oz,unknown,False,True,True,"{""flavor"": ""unknown"", ""organic"": false, ""package_type"": ""unknown""}","{""attributes"": 1.0, ""brand"": 1.0, ""needs_review"": false, ""overall"": 0.85, ""product_type"": 1.0, ""quantity"": 1.0, ""warnings"": [""raw category family frozen conflicts with inferred family cheese""]}",0.85,False,[],"[""raw category family frozen conflicts with inferred family cheese""]",https://example.com/kroger/products/kr_0107,2026-05-04T13:22:00,1.91
kr_0108,kroger,Kroger Sliced Sandwich Pickles 16 fl oz,kroger sliced sandwich pickles 16 fl oz,Kroger,Kroger,Pantry,pantry,unknown,pantry,2.65,0.1656,,16.0,fl oz,1,16.0,fl_oz,16.0,16.0,volume,fl_oz,unknown,False,True,True,"{""flavor"": ""unknown"", ""organic"": false, ""package_type"": ""unknown""}","{""attributes"": 1.0, ""brand"": 1.0, ""needs_review"": true, ""overall"": 0.745, ""product_type"": 0.3, ""quantity"": 1.0, ""warnings"": [""product_type is unknown"", ""package_type is unknown""]}",0.745,True,"[""product_type""]","[""product_type is unknown"", ""package_type is unknown""]",https://example.com/kroger/products/kr_0108,2026-05-04T13:05:00,2.52
kr_0109,kroger,Kroger Yellow Mustard 14 oz,kroger yellow mustard 14 oz,Kroger,Kroger,Pantry,pantry,unknown,pantry,1.32,0.0943,Save $1,14.0,oz,1,14.0,oz,14.0,14.0,weight,oz,unknown,False,True,True,"{""flavor"": ""unknown"", ""organic"": false, ""package_type"": ""unknown""}","{""attributes"": 1.0, ""brand"": 1.0, ""needs_review"": true, ""overall"": 0.745, ""product_type"": 0.3, ""quantity"": 1.0, ""warnings"": [""product_type is unknown"", ""package_type is unknown""]}",0.745,True,"[""product_type""]","[""product_type is unknown"", ""package_type is unknown""]",https://example.com/kroger/products/kr_0109,2026-05-04T12:48:00,0.8
kr_0110,kroger,Kroger Frozen Hash Browns 30 oz,kroger frozen hash browns 30 oz,Kroger,Kroger,Frozen,frozen,unknown,frozen,2.9,,Club price,30.0,oz,1,30.0,oz,30.0,30.0,weight,oz,unknown,False,True,True,"{""flavor"": ""unknown"", ""organic"": false, ""package_type"": ""unknown""}","{""attributes"": 1.0, ""brand"": 1.0, ""needs_review"": true, ""overall"": 0.745, ""product_type"": 0.3, ""quantity"": 1.0, ""warnings"": [""product_type is unknown"", ""package_type is unknown""]}",0.745,True,"[""product_type""]","[""product_type is unknown"", ""package_type is unknown""]",https://example.com/kroger/products/kr_0110,2026-05-04T12:31:00,1.73
kr_0111,kroger,Kroger Sour Cream 16 oz,kroger sour cream 16 oz,Kroger,Kroger,Dairy,unknown,unknown,unknown,2.47,,Club price,16.0,oz,1,16.0,oz,16.0,16.0,weight,oz,unknown,False,True,True,{},"{""attributes"": 1.0, ""brand"": 1.0, ""needs_review"": true, ""overall"": 0.825, ""product_type"": 0.3, ""quantity"": 1.0, ""warnings"": [""product_type is unknown""]}",0.825,True,"[""product_type""]","[""product_type is unknown""]",https://example.com/kroger/products/kr_0111,2026-05-04T12:14:00,1.82
kr_0112,kroger,Kroger Sliced Turkey Lunch Meat 9 oz,kroger sliced turkey lunch meat 9 oz,Kroger,Kroger,Meat & Seafood,meat_seafood,unknown,meat_seafood,4.19,,,9.0,oz,1,9.0,oz,9.0,9.0,weight,oz,unknown,False,True,True,"{""animal"": ""unknown"", ""bone_status"": ""unknown"", ""cut"": ""unknown"", ""fresh_or_frozen"": ""unknown"", ""organic"": false, ""package_type"": ""unknown"", ""skin_status"": ""unknown""}","{""attributes"": 0.5, ""brand"": 1.0, ""needs_review"": true, ""overall"": 0.7, ""product_type"": 0.3, ""quantity"": 1.0, ""warnings"": [""product_type is unknown"", ""missing required attributes: animal, cut""]}",0.7,True,"[""product_type"", ""animal"", ""cut""]","[""product_type is unknown"", ""missing required attributes: animal, cut""]",https://example.com/kroger/products/kr_0112,2026-05-04T11:57:00,2.39
kr_0113,kroger,Kroger Tortillas Flour 10 ct,kroger tortillas flour 10 count,Kroger,Kroger,Bakery,bakery,unknown,bakery,2.1,0.21,Save $1,10.0,ct,1,10.0,count,10.0,10.0,count,count,unknown,False,True,True,"{""flavor"": ""unknown"", ""organic"": false, ""package_type"": ""unknown""}","{""attributes"": 1.0, ""brand"": 1.0, ""needs_review"": true, ""overall"": 0.825, ""product_type"": 0.3, ""quantity"": 1.0, ""warnings"": [""product_type is unknown""]}",0.825,True,"[""product_type""]","[""product_type is unknown""]",https://example.com/kroger/products/kr_0113,2026-05-04T11:40:00,1.43
kr_0114,kroger,Kroger Salsa Medium 16 oz,kroger salsa medium 16 oz,Kroger,Kroger,Pantry,pantry,unknown,pantry,2.31,0.1444,Save $1,16.0,oz,1,16.0,oz,16.0,16.0,weight,oz,unknown,False,True,True,"{""flavor"": ""unknown"", ""organic"": false, ""package_type"": ""unknown""}","{""attributes"": 1.0, ""brand"": 1.0, ""needs_review"": true, ""overall"": 0.745, ""product_type"": 0.3, ""quantity"": 1.0, ""warnings"": [""product_type is unknown"", ""package_type is unknown""]}",0.745,True,"[""product_type""]","[""product_type is unknown"", ""package_type is unknown""]",https://example.com/kroger/products/kr_0114,2026-05-04T11:23:00,1.75
kr_0115,kroger,Kroger Garlic Bread Loaf 16 oz,kroger garlic bread loaf 16 oz,Kroger,Kroger,Bakery,bakery,bread,bakery,3.55,,Digital coupon,16.0,oz,1,16.0,oz,16.0,16.0,weight,oz,loaf,False,True,True,"{""flavor"": ""unknown"", ""organic"": false, ""package_type"": ""loaf""}","{""attributes"": 1.0, ""brand"": 1.0, ""needs_review"": false, ""overall"": 1.0, ""product_type"": 1.0, ""quantity"": 1.0, ""warnings"": []}",1.0,False,[],[],https://example.com/kroger/products/kr_0115,2026-05-04T11:06:00,2.19
kr_0116,kroger,"Simple Truth All-Purpose Flour, 5 lb",simple truth all purpose flour 5 lb,Simple Truth,Simple Truth,Pantry,pantry,unknown,pantry,3.61,,Save $1.50,5.0,lb,1,5.0,lb,80.0,80.0,weight,oz,unknown,False,True,True,"{""flavor"": ""unknown"", ""organic"": false, ""package_type"": ""unknown""}","{""attributes"": 1.0, ""brand"": 1.0, ""needs_review"": true, ""overall"": 0.745, ""product_type"": 0.3, ""quantity"": 1.0, ""warnings"": [""product_type is unknown"", ""package_type is unknown""]}",0.745,True,"[""product_type""]","[""product_type is unknown"", ""package_type is unknown""]",https://example.com/kroger/products/kr_0116,2026-05-02T01:52:00,2.18
kr_0117,kroger,"Kroger Granulated Sugar, 4 lb",kroger granulated sugar 4 lb,Kroger,Kroger,Pantry,pantry,unknown,pantry,5.59,1.3975,,4.0,lb,1,4.0,lb,64.0,64.0,weight,oz,unknown,False,True,True,"{""flavor"": ""unknown"", ""organic"": false, ""package_type"": ""unknown""}","{""attributes"": 1.0, ""brand"": 1.0, ""needs_review"": true, ""overall"": 0.745, ""product_type"": 0.3, ""quantity"": 1.0, ""warnings"": [""product_type is unknown"", ""package_type is unknown""]}",0.745,True,"[""product_type""]","[""product_type is unknown"", ""package_type is unknown""]",https://example.com/kroger/products/kr_0117,2026-05-02T01:35:00,4.32
kr_0118,kroger,"Kroger Brown Sugar, 16 oz",kroger brown sugar 16 oz,Kroger,Kroger,Pantry,pantry,unknown,pantry,3.18,0.1988,,16.0,oz,1,16.0,oz,16.0,16.0,weight,oz,unknown,False,True,True,"{""flavor"": ""unknown"", ""organic"": false, ""package_type"": ""unknown""}","{""attributes"": 1.0, ""brand"": 1.0, ""needs_review"": true, ""overall"": 0.745, ""product_type"": 0.3, ""quantity"": 1.0, ""warnings"": [""product_type is unknown"", ""package_type is unknown""]}",0.745,True,"[""product_type""]","[""product_type is unknown"", ""package_type is unknown""]",https://example.com/kroger/products/kr_0118,2026-05-02T01:18:00,2.2
kr_0119,kroger,"Simple Truth Baking Soda, 16 oz",simple truth baking soda 16 oz,Simple Truth,Simple Truth,Pantry,pantry,unknown,pantry,0.96,0.06,Save $1.50,16.0,oz,1,16.0,oz,16.0,16.0,weight,oz,unknown,False,True,True,"{""flavor"": ""unknown"", ""organic"": false, ""package_type"": ""unknown""}","{""attributes"": 1.0, ""brand"": 1.0, ""needs_review"": true, ""overall"": 0.745, ""product_type"": 0.3, ""quantity"": 1.0, ""warnings"": [""product_type is unknown"", ""package_type is unknown""]}",0.745,True,"[""product_type""]","[""product_type is unknown"", ""package_type is unknown""]",https://example.com/kroger/products/kr_0119,2026-05-02T01:01:00,0.67
kr_0120,kroger,"Kroger Baking Powder, 8 oz",kroger baking powder 8 oz,Kroger,Kroger,Pantry,pantry,unknown,pantry,3.17,,Club price,8.0,oz,1,8.0,oz,8.0,8.0,weight,oz,unknown,False,True,True,"{""flavor"": ""unknown"", ""organic"": false, ""package_type"": ""unknown""}","{""attributes"": 1.0, ""brand"": 1.0, ""needs_review"": true, ""overall"": 0.745, ""product_type"": 0.3, ""quantity"": 1.0, ""warnings"": [""product_type is unknown"", ""package_type is unknown""]}",0.745,True,"[""product_type""]","[""product_type is unknown"", ""package_type is unknown""]",https://example.com/kroger/products/kr_0120,2026-05-02T00:44:00,1.77
kr_0121,kroger,"Kroger Active Dry Yeast, 0.75 oz 3 ct",kroger active dry yeast 0.75 oz 3 count,Kroger,Kroger,Pantry,pantry,unknown,pantry,3.39,4.52,2 for $5,0.25,oz,3,0.25,oz,0.25,0.75,weight,oz,unknown,False,True,True,"{""flavor"": ""unknown"", ""organic"": false, ""package_type"": ""unknown""}","{""attributes"": 1.0, ""brand"": 1.0, ""needs_review"": true, ""overall"": 0.745, ""product_type"": 0.3, ""quantity"": 1.0, ""warnings"": [""product_type is unknown"", ""package_type is unknown""]}",0.745,True,"[""product_type""]","[""product_type is unknown"", ""package_type is unknown""]",https://example.com/kroger/products/kr_0121,2026-05-02T00:27:00,2.08
kr_0122,kroger,"Simple Truth Vanilla Extract, 2 fl oz",simple truth vanilla extract 2 fl oz,Simple Truth,Simple Truth,Pantry,pantry,unknown,pantry,4.44,2.22,,2.0,fl oz,1,2.0,fl_oz,2.0,2.0,volume,fl_oz,unknown,False,True,True,"{""flavor"": ""unknown"", ""organic"": false, ""package_type"": ""unknown""}","{""attributes"": 1.0, ""brand"": 1.0, ""needs_review"": true, ""overall"": 0.745, ""product_type"": 0.3, ""quantity"": 1.0, ""warnings"": [""product_type is unknown"", ""package_type is unknown""]}",0.745,True,"[""product_type""]","[""product_type is unknown"", ""package_type is unknown""]",https://example.com/kroger/products/kr_0122,2026-05-02T00:10:00,3.23
kr_0123,kroger,"Kroger Ground Cinnamon, 2 oz",kroger ground cinnamon 2 oz,Kroger,Kroger,Pantry,pantry,unknown,pantry,4.04,,,2.0,oz,1,2.0,oz,2.0,2.0,weight,oz,unknown,False,True,True,"{""flavor"": ""unknown"", ""organic"": false, ""package_type"": ""unknown""}","{""attributes"": 1.0, ""brand"": 1.0, ""needs_review"": true, ""overall"": 0.745, ""product_type"": 0.3, ""quantity"": 1.0, ""warnings"": [""product_type is unknown"", ""package_type is unknown""]}",0.745,True,"[""product_type""]","[""product_type is unknown"", ""package_type is unknown""]",https://example.com/kroger/products/kr_0123,2026-05-01T23:53:00,2.28
kr_0124,kroger,"Kroger Paprika, 2 oz",kroger paprika 2 oz,Kroger,Kroger,Pantry,pantry,unknown,pantry,2.32,1.16,Save $1.50,2.0,oz,1,2.0,oz,2.0,2.0,weight,oz,unknown,False,True,True,"{""flavor"": ""unknown"", ""organic"": false, ""package_type"": ""unknown""}","{""attributes"": 1.0, ""brand"": 1.0, ""needs_review"": true, ""overall"": 0.745, ""product_type"": 0.3, ""quantity"": 1.0, ""warnings"": [""product_type is unknown"", ""package_type is unknown""]}",0.745,True,"[""product_type""]","[""product_type is unknown"", ""package_type is unknown""]",https://example.com/kroger/products/kr_0124,2026-05-01T23:36:00,1.33
kr_0125,kroger,"Simple Truth Ground Cumin, 2 oz",simple truth ground cumin 2 oz,Simple Truth,Simple Truth,Pantry,pantry,unknown,pantry,2.15,1.075,,2.0,oz,1,2.0,oz,2.0,2.0,weight,oz,unknown,False,True,True,"{""flavor"": ""unknown"", ""organic"": false, ""package_type"": ""unknown""}","{""attributes"": 1.0, ""brand"": 1.0, ""needs_review"": true, ""overall"": 0.745, ""product_type"": 0.3, ""quantity"": 1.0, ""warnings"": [""product_type is unknown"", ""package_type is unknown""]}",0.745,True,"[""product_type""]","[""product_type is unknown"", ""package_type is unknown""]",https://example.com/kroger/products/kr_0125,2026-05-01T23:19:00,1.2
kr_0126,kroger,"Kroger Italian Seasoning, 0.75 oz",kroger italian seasoning 0.75 oz,Kroger,Kroger,Pantry,pantry,unknown,pantry,2.72,3.6267,2 for $5,0.75,oz,1,0.75,oz,0.75,0.75,weight,oz,unknown,False,True,True,"{""flavor"": ""unknown"", ""organic"": false, ""package_type"": ""unknown""}","{""attributes"": 1.0, ""brand"": 1.0, ""needs_review"": true, ""overall"": 0.745, ""product_type"": 0.3, ""quantity"": 1.0, ""warnings"": [""product_type is unknown"", ""package_type is unknown""]}",0.745,True,"[""product_type""]","[""product_type is unknown"", ""package_type is unknown""]",https://example.com/kroger/products/kr_0126,2026-05-01T23:02:00,1.5
kr_0127,kroger,"Simple Truth Garlic Powder, 3 oz",simple truth garlic powder 3 oz,Simple Truth,Simple Truth,Pantry,pantry,unknown,pantry,3.34,,Save $1,3.0,oz,1,3.0,oz,3.0,3.0,weight,oz,unknown,False,True,True,"{""flavor"": ""unknown"", ""organic"": false, ""package_type"": ""unknown""}","{""attributes"": 1.0, ""brand"": 1.0, ""needs_review"": true, ""overall"": 0.745, ""product_type"": 0.3, ""quantity"": 1.0, ""warnings"": [""product_type is unknown"", ""package_type is unknown""]}",0.745,True,"[""product_type""]","[""product_type is unknown"", ""package_type is unknown""]",https://example.com/kroger/products/kr_0127,2026-05-01T22:45:00,2.12
kr_0128,kroger,"Simple Truth Black Pepper Ground, 3 oz",simple truth black pepper ground 3 oz,Simple Truth,Simple Truth,Pantry,pantry,unknown,pantry,5.68,1.8933,Digital coupon,3.0,oz,1,3.0,oz,3.0,3.0,weight,oz,unknown,False,True,True,"{""flavor"": ""unknown"", ""organic"": false, ""package_type"": ""unknown""}","{""attributes"": 1.0, ""brand"": 1.0, ""needs_review"": true, ""overall"": 0.745, ""product_type"": 0.3, ""quantity"": 1.0, ""warnings"": [""product_type is unknown"", ""package_type is unknown""]}",0.745,True,"[""product_type""]","[""product_type is unknown"", ""package_type is unknown""]",https://example.com/kroger/products/kr_0128,2026-05-01T22:28:00,3.8
kr_0129,kroger,"Simple Truth Iodized Salt, 26 oz",simple truth iodized salt 26 oz,Simple Truth,Simple Truth,Pantry,pantry,unknown,pantry,1.58,,2 for $5,26.0,oz,1,26.0,oz,26.0,26.0,weight,oz,unknown,False,True,True,"{""flavor"": ""unknown"", ""organic"": false, ""package_type"": ""unknown""}","{""attributes"": 1.0, ""brand"": 1.0, ""needs_review"": true, ""overall"": 0.745, ""product_type"": 0.3, ""quantity"": 1.0, ""warnings"": [""product_type is unknown"", ""package_type is unknown""]}",0.745,True,"[""product_type""]","[""product_type is unknown"", ""package_type is unknown""]",https://example.com/kroger/products/kr_0129,2026-05-01T22:11:00,1.07
kr_0130,kroger,"Kroger Sea Salt, 17.6 oz",kroger sea salt 17.6 oz,Kroger,Kroger,Pantry,pantry,unknown,pantry,3.58,,Save $1,17.6,oz,1,17.6,oz,17.6,17.6,weight,oz,unknown,False,True,True,"{""flavor"": ""unknown"", ""organic"": false, ""package_type"": ""unknown""}","{""attributes"": 1.0, ""brand"": 1.0, ""needs_review"": true, ""overall"": 0.745, ""product_type"": 0.3, ""quantity"": 1.0, ""warnings"": [""product_type is unknown"", ""package_type is unknown""]}",0.745,True,"[""product_type""]","[""product_type is unknown"", ""package_type is unknown""]",https://example.com/kroger/products/kr_0130,2026-05-01T21:54:00,2.11
kr_0131,kroger,"Simple Truth Soy Sauce, 10 fl oz",simple truth soy sauce 10 fl oz,Simple Truth,Simple Truth,Pantry,pantry,unknown,pantry,3.69,0.369,2 for $5,10.0,fl oz,1,10.0,fl_oz,10.0,10.0,volume,fl_oz,unknown,False,True,True,"{""flavor"": ""unknown"", ""organic"": false, ""package_type"": ""unknown""}","{""attributes"": 1.0, ""brand"": 1.0, ""needs_review"": true, ""overall"": 0.745, ""product_type"": 0.3, ""quantity"": 1.0, ""warnings"": [""product_type is unknown"", ""package_type is unknown""]}",0.745,True,"[""product_type""]","[""product_type is unknown"", ""package_type is unknown""]",https://example.com/kroger/products/kr_0131,2026-05-01T21:37:00,2.3
kr_0132,kroger,"Kroger Apple Cider Vinegar, 16 fl oz",kroger apple cider vinegar 16 fl oz,Kroger,Kroger,Pantry,pantry,apples,produce,5.38,,Club price,16.0,fl oz,1,16.0,fl_oz,16.0,16.0,volume,fl_oz,unknown,False,True,True,"{""organic"": false, ""package_type"": ""unknown"", ""produce_form"": ""unknown"", ""unit_basis"": ""unknown"", ""variety"": ""unknown""}","{""attributes"": 0.5, ""brand"": 1.0, ""needs_review"": true, ""overall"": 0.725, ""product_type"": 1.0, ""quantity"": 1.0, ""warnings"": [""missing required attributes: produce_form, unit_basis"", ""raw category family pantry conflicts with inferred family produce""]}",0.725,True,"[""produce_form"", ""unit_basis""]","[""missing required attributes: produce_form, unit_basis"", ""raw category family pantry conflicts with inferred family produce""]",https://example.com/kroger/products/kr_0132,2026-05-01T21:20:00,3.22
kr_0133,kroger,"Kroger White Vinegar, 32 fl oz",kroger white vinegar 32 fl oz,Kroger,Kroger,Pantry,pantry,unknown,pantry,3.34,,Club price,32.0,fl oz,1,32.0,fl_oz,32.0,32.0,volume,fl_oz,unknown,False,True,True,"{""flavor"": ""unknown"", ""organic"": false, ""package_type"": ""unknown""}","{""attributes"": 1.0, ""brand"": 1.0, ""needs_review"": true, ""overall"": 0.745, ""product_type"": 0.3, ""quantity"": 1.0, ""warnings"": [""product_type is unknown"", ""package_type is unknown""]}",0.745,True,"[""product_type""]","[""product_type is unknown"", ""package_type is unknown""]",https://example.com/kroger/products/kr_0133,2026-05-01T21:03:00,2.23
kr_0134,kroger,"Kroger Yellow Mustard, 8 oz",kroger yellow mustard 8 oz,Kroger,Kroger,Pantry,pantry,unknown,pantry,0.89,,,8.0,oz,1,8.0,oz,8.0,8.0,weight,oz,unknown,False,True,True,"{""flavor"": ""unknown"", ""organic"": false, ""package_type"": ""unknown""}","{""attributes"": 1.0, ""brand"": 1.0, ""needs_review"": true, ""overall"": 0.745, ""product_type"": 0.3, ""quantity"": 1.0, ""warnings"": [""product_type is unknown"", ""package_type is unknown""]}",0.745,True,"[""product_type""]","[""product_type is unknown"", ""package_type is unknown""]",https://example.com/kroger/products/kr_0134,2026-05-01T20:46:00,0.66
kr_0135,kroger,"Simple Truth Dijon Mustard, 8 oz",simple truth dijon mustard 8 oz,Simple Truth,Simple Truth,Pantry,pantry,unknown,pantry,1.98,,Club price,8.0,oz,1,8.0,oz,8.0,8.0,weight,oz,unknown,False,True,True,"{""flavor"": ""unknown"", ""organic"": false, ""package_type"": ""unknown""}","{""attributes"": 1.0, ""brand"": 1.0, ""needs_review"": true, ""overall"": 0.745, ""product_type"": 0.3, ""quantity"": 1.0, ""warnings"": [""product_type is unknown"", ""package_type is unknown""]}",0.745,True,"[""product_type""]","[""product_type is unknown"", ""package_type is unknown""]",https://example.com/kroger/products/kr_0135,2026-05-01T20:29:00,1.46
kr_0136,kroger,"Simple Truth BBQ Sauce Original, 18 oz",simple truth bbq sauce original 18 oz,Simple Truth,Simple Truth,Pantry,pantry,unknown,pantry,3.48,,2 for $5,18.0,oz,1,18.0,oz,18.0,18.0,weight,oz,unknown,False,True,True,"{""flavor"": ""original"", ""organic"": false, ""package_type"": ""unknown""}","{""attributes"": 1.0, ""brand"": 1.0, ""needs_review"": true, ""overall"": 0.745, ""product_type"": 0.3, ""quantity"": 1.0, ""warnings"": [""product_type is unknown"", ""package_type is unknown""]}",0.745,True,"[""product_type""]","[""product_type is unknown"", ""package_type is unknown""]",https://example.com/kroger/products/kr_0136,2026-05-01T20:12:00,2.57
kr_0137,kroger,"Simple Truth Hot Sauce, 5 fl oz",simple truth hot sauce 5 fl oz,Simple Truth,Simple Truth,Pantry,pantry,unknown,pantry,4.35,,Digital coupon,5.0,fl oz,1,5.0,fl_oz,5.0,5.0,volume,fl_oz,unknown,False,True,True,"{""flavor"": ""unknown"", ""organic"": false, ""package_type"": ""unknown""}","{""attributes"": 1.0, ""brand"": 1.0, ""needs_review"": true, ""overall"": 0.745, ""product_type"": 0.3, ""quantity"": 1.0, ""warnings"": [""product_type is unknown"", ""package_type is unknown""]}",0.745,True,"[""product_type""]","[""product_type is unknown"", ""package_type is unknown""]",https://example.com/kroger/products/kr_0137,2026-05-01T19:55:00,3.27
kr_0138,kroger,"Kroger Sriracha, 17 fl oz",kroger sriracha 17 fl oz,Kroger,Kroger,Pantry,pantry,unknown,pantry,6.22,,Save $1,17.0,fl oz,1,17.0,fl_oz,17.0,17.0,volume,fl_oz,unknown,False,True,True,"{""flavor"": ""unknown"", ""organic"": false, ""package_type"": ""unknown""}","{""attributes"": 1.0, ""brand"": 1.0, ""needs_review"": true, ""overall"": 0.745, ""product_type"": 0.3, ""quantity"": 1.0, ""warnings"": [""product_type is unknown"", ""package_type is unknown""]}",0.745,True,"[""product_type""]","[""product_type is unknown"", ""package_type is unknown""]",https://example.com/kroger/products/kr_0138,2026-05-01T19:38:00,4.33
kr_0139,kroger,"Simple Truth Strawberry Jam, 12 oz",simple truth strawberry jam 12 oz,Simple Truth,Simple Truth,Pantry,pantry,unknown,pantry,3.07,0.2558,,12.0,oz,1,12.0,oz,12.0,12.0,weight,oz,unknown,False,True,True,"{""flavor"": ""unknown"", ""organic"": false, ""package_type"": ""unknown""}","{""attributes"": 1.0, ""brand"": 1.0, ""needs_review"": true, ""overall"": 0.745, ""product_type"": 0.3, ""quantity"": 1.0, ""warnings"": [""product_type is unknown"", ""package_type is unknown""]}",0.745,True,"[""product_type""]","[""product_type is unknown"", ""package_type is unknown""]",https://example.com/kroger/products/kr_0139,2026-05-01T19:21:00,1.8
kr_0140,kroger,"Kroger Grape Jelly, 18 oz",kroger grape jelly 18 oz,Kroger,Kroger,Pantry,pantry,unknown,pantry,4.4,0.2444,Save $1,18.0,oz,1,18.0,oz,18.0,18.0,weight,oz,unknown,False,True,True,"{""flavor"": ""unknown"", ""organic"": false, ""package_type"": ""unknown""}","{""attributes"": 1.0, ""brand"": 1.0, ""needs_review"": true, ""overall"": 0.745, ""product_type"": 0.3, ""quantity"": 1.0, ""warnings"": [""product_type is unknown"", ""package_type is unknown""]}",0.745,True,"[""product_type""]","[""product_type is unknown"", ""package_type is unknown""]",https://example.com/kroger/products/kr_0140,2026-05-01T19:04:00,2.55
kr_0141,kroger,"Save $1.50 Simple Truth Maple Syrup Pure, 8 fl oz",save 1.50 simple truth maple syrup pure 8 fl oz,Simple Truth,Simple Truth,Pantry,pantry,unknown,pantry,8.49,,Save $1.50,8.0,fl oz,1,8.0,fl_oz,8.0,8.0,volume,fl_oz,unknown,False,True,True,"{""flavor"": ""unknown"", ""organic"": false, ""package_type"": ""unknown""}","{""attributes"": 1.0, ""brand"": 1.0, ""needs_review"": true, ""overall"": 0.745, ""product_type"": 0.3, ""quantity"": 1.0, ""warnings"": [""product_type is unknown"", ""package_type is unknown""]}",0.745,True,"[""product_type""]","[""product_type is unknown"", ""package_type is unknown""]",https://example.com/kroger/products/kr_0141,2026-05-01T18:47:00,4.93
kr_0142,kroger,"Simple Truth Pancake Syrup, 24 fl oz",simple truth pancake syrup 24 fl oz,Simple Truth,Simple Truth,Pantry,pantry,unknown,pantry,4.44,0.185,Save $1.50,24.0,fl oz,1,24.0,fl_oz,24.0,24.0,volume,fl_oz,unknown,False,True,True,"{""flavor"": ""unknown"", ""organic"": false, ""package_type"": ""unknown""}","{""attributes"": 1.0, ""brand"": 1.0, ""needs_review"": true, ""overall"": 0.745, ""product_type"": 0.3, ""quantity"": 1.0, ""warnings"": [""product_type is unknown"", ""package_type is unknown""]}",0.745,True,"[""product_type""]","[""product_type is unknown"", ""package_type is unknown""]",https://example.com/kroger/products/kr_0142,2026-05-01T18:30:00,2.71
kr_0143,kroger,"Kroger Olive Oil, 17 fl oz",kroger olive oil 17 fl oz,Kroger,Kroger,Pantry,pantry,olive_oil,pantry,7.53,0.4429,2 for $5,17.0,fl oz,1,17.0,fl_oz,17.0,17.0,volume,fl_oz,unknown,False,True,True,"{""flavor"": ""unknown"", ""organic"": false, ""package_type"": ""unknown""}","{""attributes"": 1.0, ""brand"": 1.0, ""needs_review"": false, ""overall"": 0.92, ""product_type"": 1.0, ""quantity"": 1.0, ""warnings"": [""package_type is unknown""]}",0.92,False,[],"[""package_type is unknown""]",https://example.com/kroger/products/kr_0143,2026-05-01T18:13:00,4.18
kr_0144,kroger,"Kroger Canola Oil, 48 fl oz",kroger canola oil 48 fl oz,Kroger,Kroger,Pantry,pantry,unknown,pantry,3.85,0.0802,Digital coupon,48.0,fl oz,1,48.0,fl_oz,48.0,48.0,volume,fl_oz,unknown,False,True,True,"{""flavor"": ""unknown"", ""organic"": false, ""package_type"": ""unknown""}","{""attributes"": 1.0, ""brand"": 1.0, ""needs_review"": true, ""overall"": 0.745, ""product_type"": 0.3, ""quantity"": 1.0, ""warnings"": [""product_type is unknown"", ""package_type is unknown""]}",0.745,True,"[""product_type""]","[""product_type is unknown"", ""package_type is unknown""]",https://example.com/kroger/products/kr_0144,2026-05-01T17:56:00,3.86
kr_0145,kroger,"Simple Truth Vegetable Oil, 48 fl oz",simple truth vegetable oil 48 fl oz,Simple Truth,Simple Truth,Pantry,pantry,unknown,pantry,5.45,0.1135,,48.0,fl oz,1,48.0,fl_oz,48.0,48.0,volume,fl_oz,unknown,False,True,True,"{""flavor"": ""unknown"", ""organic"": false, ""package_type"": ""unknown""}","{""attributes"": 1.0, ""brand"": 1.0, ""needs_review"": true, ""overall"": 0.745, ""product_type"": 0.3, ""quantity"": 1.0, ""warnings"": [""product_type is unknown"", ""package_type is unknown""]}",0.745,True,"[""product_type""]","[""product_type is unknown"", ""package_type is unknown""]",https://example.com/kroger/products/kr_0145,2026-05-01T17:39:00,4.19
kr_0146,kroger,"Simple Truth Chunk Light Tuna in Water, 5 oz can",simple truth chunk light tuna in water 5 oz can,Simple Truth,Simple Truth,Pantry,pantry,unknown,pantry,2.69,0.538,Save $1,5.0,oz,1,5.0,oz,5.0,5.0,weight,oz,can,False,True,True,"{""flavor"": ""unknown"", ""organic"": false, ""package_type"": ""can""}","{""attributes"": 1.0, ""brand"": 1.0, ""needs_review"": true, ""overall"": 0.825, ""product_type"": 0.3, ""quantity"": 1.0, ""warnings"": [""product_type is unknown""]}",0.825,True,"[""product_type""]","[""product_type is unknown""]",https://example.com/kroger/products/kr_0146,2026-05-01T17:22:00,1.68
kr_0147,kroger,"Simple Truth Albacore Tuna in Water, 5 oz can",simple truth albacore tuna in water 5 oz can,Simple Truth,Simple Truth,Pantry,pantry,unknown,pantry,2.35,,2 for $5,5.0,oz,1,5.0,oz,5.0,5.0,weight,oz,can,False,True,True,"{""flavor"": ""unknown"", ""organic"": false, ""package_type"": ""can""}","{""attributes"": 1.0, ""brand"": 1.0, ""needs_review"": true, ""overall"": 0.825, ""product_type"": 0.3, ""quantity"": 1.0, ""warnings"": [""product_type is unknown""]}",0.825,True,"[""product_type""]","[""product_type is unknown""]",https://example.com/kroger/products/kr_0147,2026-05-01T17:05:00,1.65
kr_0148,kroger,"Kroger Diced Tomatoes, 14.5 oz can",kroger diced tomatoes 14.5 oz can,Kroger,Kroger,Pantry,pantry,unknown,pantry,1.81,0.1248,Save $1.50,14.5,oz,1,14.5,oz,14.5,14.5,weight,oz,can,False,True,True,"{""flavor"": ""unknown"", ""organic"": false, ""package_type"": ""can""}","{""attributes"": 1.0, ""brand"": 1.0, ""needs_review"": true, ""overall"": 0.825, ""product_type"": 0.3, ""quantity"": 1.0, ""warnings"": [""product_type is unknown""]}",0.825,True,"[""product_type""]","[""product_type is unknown""]",https://example.com/kroger/products/kr_0148,2026-05-01T16:48:00,1.11
kr_0149,kroger,"Kroger Tomato Sauce, 8 oz can",kroger tomato sauce 8 oz can,Kroger,Kroger,Pantry,pantry,unknown,pantry,1.11,,,8.0,oz,1,8.0,oz,8.0,8.0,weight,oz,can,False,True,True,"{""flavor"": ""unknown"", ""organic"": false, ""package_type"": ""can""}","{""attributes"": 1.0, ""brand"": 1.0, ""needs_review"": true, ""overall"": 0.825, ""product_type"": 0.3, ""quantity"": 1.0, ""warnings"": [""product_type is unknown""]}",0.825,True,"[""product_type""]","[""product_type is unknown""]",https://example.com/kroger/products/kr_0149,2026-05-01T16:31:00,0.7
kr_0150,kroger,"Simple Truth Tomato Paste, 6 oz can",simple truth tomato paste 6 oz can,Simple Truth,Simple Truth,Pantry,pantry,unknown,pantry,1.04,0.1733,Save $1,6.0,oz,1,6.0,oz,6.0,6.0,weight,oz,can,False,True,True,"{""flavor"": ""unknown"", ""organic"": false, ""package_type"": ""can""}","{""attributes"": 1.0, ""brand"": 1.0, ""needs_review"": true, ""overall"": 0.825, ""product_type"": 0.3, ""quantity"": 1.0, ""warnings"": [""product_type is unknown""]}",0.825,True,"[""product_type""]","[""product_type is unknown""]",https://example.com/kroger/products/kr_0150,2026-05-01T16:14:00,0.79
kr_0151,kroger,"2 for $5 Kroger Sweet Corn Canned, 15 oz can",2 for 5 kroger sweet corn canned 15 oz can,Kroger,Kroger,Pantry,pantry,unknown,pantry,1.67,,2 for $5,15.0,oz,1,15.0,oz,15.0,15.0,weight,oz,can,False,True,True,"{""flavor"": ""unknown"", ""organic"": false, ""package_type"": ""can""}","{""attributes"": 1.0, ""brand"": 1.0, ""needs_review"": true, ""overall"": 0.825, ""product_type"": 0.3, ""quantity"": 1.0, ""warnings"": [""product_type is unknown""]}",0.825,True,"[""product_type""]","[""product_type is unknown""]",https://example.com/kroger/products/kr_0151,2026-05-01T15:57:00,1.69
kr_0152,kroger,"Kroger Green Beans Canned, 14.5 oz can",kroger green beans canned 14.5 oz can,Kroger,Kroger,Pantry,pantry,canned_beans,pantry,1.06,0.0731,Club price,14.5,oz,1,14.5,oz,14.5,14.5,weight,oz,can,False,True,True,"{""flavor"": ""unknown"", ""organic"": false, ""package_type"": ""can""}","{""attributes"": 1.0, ""brand"": 1.0, ""needs_review"": false, ""overall"": 1.0, ""product_type"": 1.0, ""quantity"": 1.0, ""warnings"": []}",1.0,False,[],[],https://example.com/kroger/products/kr_0152,2026-05-01T15:40:00,0.83
kr_0153,kroger,"Kroger Pinto Beans Canned, 15 oz can",kroger pinto beans canned 15 oz can,Kroger,Kroger,Canned & Packaged,pantry,canned_beans,pantry,1.66,,Save $1.50,15.0,oz,1,15.0,oz,15.0,15.0,weight,oz,can,False,True,True,"{""flavor"": ""unknown"", ""organic"": false, ""package_type"": ""can""}","{""attributes"": 1.0, ""brand"": 1.0, ""needs_review"": false, ""overall"": 1.0, ""product_type"": 1.0, ""quantity"": 1.0, ""warnings"": []}",1.0,False,[],[],https://example.com/kroger/products/kr_0153,2026-05-01T15:23:00,1.28
kr_0154,kroger,"Simple Truth Kidney Beans Canned, 15 oz can",simple truth kidney beans canned 15 oz can,Simple Truth,Simple Truth,Canned & Packaged,pantry,canned_beans,pantry,0.86,,Club price,15.0,oz,1,15.0,oz,15.0,15.0,weight,oz,can,False,True,True,"{""flavor"": ""unknown"", ""organic"": false, ""package_type"": ""can""}","{""attributes"": 1.0, ""brand"": 1.0, ""needs_review"": false, ""overall"": 1.0, ""product_type"": 1.0, ""quantity"": 1.0, ""warnings"": []}",1.0,False,[],[],https://example.com/kroger/products/kr_0154,2026-05-01T15:06:00,0.6
kr_0155,kroger,"Simple Truth Garbanzo Beans Canned, 15 oz can",simple truth garbanzo beans canned 15 oz can,Simple Truth,Simple Truth,Canned & Packaged,pantry,canned_beans,pantry,1.54,0.1027,2 for $5,15.0,oz,1,15.0,oz,15.0,15.0,weight,oz,can,False,True,True,"{""flavor"": ""unknown"", ""organic"": false, ""package_type"": ""can""}","{""attributes"": 1.0, ""brand"": 1.0, ""needs_review"": false, ""overall"": 1.0, ""product_type"": 1.0, ""quantity"": 1.0, ""warnings"": []}",1.0,False,[],[],https://example.com/kroger/products/kr_0155,2026-05-01T14:49:00,0.9
kr_0156,kroger,"Simple Truth Chicken Noodle Soup, 10.5 oz can",simple truth chicken noodle soup 10.5 oz can,Simple Truth,Simple Truth,Canned & Packaged,pantry,soup,pantry,2.99,0.2848,Digital coupon,10.5,oz,1,10.5,oz,10.5,10.5,weight,oz,can,False,True,True,"{""flavor"": ""unknown"", ""organic"": false, ""package_type"": ""can""}","{""attributes"": 1.0, ""brand"": 1.0, ""needs_review"": false, ""overall"": 1.0, ""product_type"": 1.0, ""quantity"": 1.0, ""warnings"": []}",1.0,False,[],[],https://example.com/kroger/products/kr_0156,2026-05-01T14:32:00,2.17
kr_0157,kroger,"Simple Truth Cream of Mushroom Soup, 10.5 oz can",simple truth cream of mushroom soup 10.5 oz can,Simple Truth,Simple Truth,Canned & Packaged,pantry,soup,pantry,1.64,,2 for $5,10.5,oz,1,10.5,oz,10.5,10.5,weight,oz,can,False,True,True,"{""flavor"": ""unknown"", ""organic"": false, ""package_type"": ""can""}","{""attributes"": 1.0, ""brand"": 1.0, ""needs_review"": false, ""overall"": 1.0, ""product_type"": 1.0, ""quantity"": 1.0, ""warnings"": []}",1.0,False,[],[],https://example.com/kroger/products/kr_0157,2026-05-01T14:15:00,0.91
kr_0158,kroger,"Kroger Vegetable Broth, 32 fl oz carton",kroger vegetable broth 32 fl oz carton,Kroger,Kroger,Canned & Packaged,pantry,unknown,pantry,4.16,,Club price,32.0,fl oz,1,32.0,fl_oz,32.0,32.0,volume,fl_oz,carton_or_jug,False,True,True,"{""flavor"": ""unknown"", ""organic"": false, ""package_type"": ""carton_or_jug""}","{""attributes"": 1.0, ""brand"": 1.0, ""needs_review"": true, ""overall"": 0.825, ""product_type"": 0.3, ""quantity"": 1.0, ""warnings"": [""product_type is unknown""]}",0.825,True,"[""product_type""]","[""product_type is unknown""]",https://example.com/kroger/products/kr_0158,2026-05-01T13:58:00,2.99
kr_0159,kroger,"Simple Truth Chicken Broth, 32 fl oz carton",simple truth chicken broth 32 fl oz carton,Simple Truth,Simple Truth,Canned & Packaged,pantry,unknown,pantry,3.33,,,32.0,fl oz,1,32.0,fl_oz,32.0,32.0,volume,fl_oz,carton_or_jug,False,True,True,"{""flavor"": ""unknown"", ""organic"": false, ""package_type"": ""carton_or_jug""}","{""attributes"": 1.0, ""brand"": 1.0, ""needs_review"": true, ""overall"": 0.825, ""product_type"": 0.3, ""quantity"": 1.0, ""warnings"": [""product_type is unknown""]}",0.825,True,"[""product_type""]","[""product_type is unknown""]",https://example.com/kroger/products/kr_0159,2026-05-01T13:41:00,2.3
kr_0160,kroger,"Simple Truth Penne Pasta, 16 oz",simple truth penne pasta 16 oz,Simple Truth,Simple Truth,Pantry,pantry,pasta,pantry,1.96,,,16.0,oz,1,16.0,oz,16.0,16.0,weight,oz,unknown,False,True,True,"{""flavor"": ""unknown"", ""organic"": false, ""package_type"": ""unknown""}","{""attributes"": 1.0, ""brand"": 1.0, ""needs_review"": false, ""overall"": 0.92, ""product_type"": 1.0, ""quantity"": 1.0, ""warnings"": [""package_type is unknown""]}",0.92,False,[],"[""package_type is unknown""]",https://example.com/kroger/products/kr_0160,2026-05-01T13:24:00,1.3
kr_0161,kroger,"Digital coupon Kroger Rotini Pasta, 16 oz",digital coupon kroger rotini pasta 16 oz,Kroger,Kroger,Pantry,pantry,pasta,pantry,1.94,0.1212,Digital coupon,16.0,oz,1,16.0,oz,16.0,16.0,weight,oz,unknown,False,True,True,"{""flavor"": ""unknown"", ""organic"": false, ""package_type"": ""unknown""}","{""attributes"": 1.0, ""brand"": 1.0, ""needs_review"": false, ""overall"": 0.92, ""product_type"": 1.0, ""quantity"": 1.0, ""warnings"": [""package_type is unknown""]}",0.92,False,[],"[""package_type is unknown""]",https://example.com/kroger/products/kr_0161,2026-05-01T13:07:00,1.5
kr_0162,kroger,"Kroger Elbow Macaroni, 16 oz",kroger elbow macaroni 16 oz,Kroger,Kroger,Pantry,pantry,unknown,pantry,2.62,,,16.0,oz,1,16.0,oz,16.0,16.0,weight,oz,unknown,False,True,True,"{""flavor"": ""unknown"", ""organic"": false, ""package_type"": ""unknown""}","{""attributes"": 1.0, ""brand"": 1.0, ""needs_review"": true, ""overall"": 0.745, ""product_type"": 0.3, ""quantity"": 1.0, ""warnings"": [""product_type is unknown"", ""package_type is unknown""]}",0.745,True,"[""product_type""]","[""product_type is unknown"", ""package_type is unknown""]",https://example.com/kroger/products/kr_0162,2026-05-01T12:50:00,2.0
kr_0163,kroger,"Kroger Lasagna Noodles, 16 oz",kroger lasagna noodles 16 oz,Kroger,Kroger,Pantry,pantry,unknown,pantry,3.51,0.2194,Club price,16.0,oz,1,16.0,oz,16.0,16.0,weight,oz,unknown,False,True,True,"{""flavor"": ""unknown"", ""organic"": false, ""package_type"": ""unknown""}","{""attributes"": 1.0, ""brand"": 1.0, ""needs_review"": true, ""overall"": 0.745, ""product_type"": 0.3, ""quantity"": 1.0, ""warnings"": [""product_type is unknown"", ""package_type is unknown""]}",0.745,True,"[""product_type""]","[""product_type is unknown"", ""package_type is unknown""]",https://example.com/kroger/products/kr_0163,2026-05-01T12:33:00,2.42
kr_0164,kroger,"Kroger Marinara Sauce, 24 oz",kroger marinara sauce 24 oz,Kroger,Kroger,Pantry,pantry,unknown,pantry,3.76,0.1567,Club price,24.0,oz,1,24.0,oz,24.0,24.0,weight,oz,unknown,False,True,True,"{""flavor"": ""unknown"", ""organic"": false, ""package_type"": ""unknown""}","{""attributes"": 1.0, ""brand"": 1.0, ""needs_review"": true, ""overall"": 0.745, ""product_type"": 0.3, ""quantity"": 1.0, ""warnings"": [""product_type is unknown"", ""package_type is unknown""]}",0.745,True,"[""product_type""]","[""product_type is unknown"", ""package_type is unknown""]",https://example.com/kroger/products/kr_0164,2026-05-01T12:16:00,2.75
kr_0165,kroger,"Simple Truth Alfredo Sauce, 15 oz",simple truth alfredo sauce 15 oz,Simple Truth,Simple Truth,Pantry,pantry,unknown,pantry,3.17,0.2113,Save $1,15.0,oz,1,15.0,oz,15.0,15.0,weight,oz,unknown,False,True,True,"{""flavor"": ""unknown"", ""organic"": false, ""package_type"": ""unknown""}","{""attributes"": 1.0, ""brand"": 1.0, ""needs_review"": true, ""overall"": 0.745, ""product_type"": 0.3, ""quantity"": 1.0, ""warnings"": [""product_type is unknown"", ""package_type is unknown""]}",0.745,True,"[""product_type""]","[""product_type is unknown"", ""package_type is unknown""]",https://example.com/kroger/products/kr_0165,2026-05-01T11:59:00,1.77
kr_0166,kroger,"Kroger Jasmine Rice, 2 lb",kroger jasmine rice 2 lb,Kroger,Kroger,Pantry,pantry,rice,pantry,5.75,,Save $1.50,2.0,lb,1,2.0,lb,32.0,32.0,weight,oz,unknown,False,True,True,"{""flavor"": ""unknown"", ""organic"": false, ""package_type"": ""unknown""}","{""attributes"": 1.0, ""brand"": 1.0, ""needs_review"": false, ""overall"": 0.92, ""product_type"": 1.0, ""quantity"": 1.0, ""warnings"": [""package_type is unknown""]}",0.92,False,[],"[""package_type is unknown""]",https://example.com/kroger/products/kr_0166,2026-05-01T11:42:00,3.54
kr_0167,kroger,"Simple Truth Basmati Rice, 2 lb",simple truth basmati rice 2 lb,Simple Truth,Simple Truth,Pantry,pantry,rice,pantry,6.85,3.425,2 for $5,2.0,lb,1,2.0,lb,32.0,32.0,weight,oz,unknown,False,True,True,"{""flavor"": ""unknown"", ""organic"": false, ""package_type"": ""unknown""}","{""attributes"": 1.0, ""brand"": 1.0, ""needs_review"": false, ""overall"": 0.92, ""product_type"": 1.0, ""quantity"": 1.0, ""warnings"": [""package_type is unknown""]}",0.92,False,[],"[""package_type is unknown""]",https://example.com/kroger/products/kr_0167,2026-05-01T11:25:00,3.91
kr_0168,kroger,"Simple Truth Brown Rice, 2 lb",simple truth brown rice 2 lb,Simple Truth,Simple Truth,Pantry,pantry,rice,pantry,2.95,1.475,2 for $5,2.0,lb,1,2.0,lb,32.0,32.0,weight,oz,unknown,False,True,True,"{""flavor"": ""unknown"", ""organic"": false, ""package_type"": ""unknown""}","{""attributes"": 1.0, ""brand"": 1.0, ""needs_review"": false, ""overall"": 0.92, ""product_type"": 1.0, ""quantity"": 1.0, ""warnings"": [""package_type is unknown""]}",0.92,False,[],"[""package_type is unknown""]",https://example.com/kroger/products/kr_0168,2026-05-01T11:08:00,1.74
kr_0169,kroger,"Simple Truth Quinoa, 12 oz",simple truth quinoa 12 oz,Simple Truth,Simple Truth,Pantry,pantry,unknown,pantry,7.25,,,12.0,oz,1,12.0,oz,12.0,12.0,weight,oz,unknown,False,True,True,"{""flavor"": ""unknown"", ""organic"": false, ""package_type"": ""unknown""}","{""attributes"": 1.0, ""brand"": 1.0, ""needs_review"": true, ""overall"": 0.745, ""product_type"": 0.3, ""quantity"": 1.0, ""warnings"": [""product_type is unknown"", ""package_type is unknown""]}",0.745,True,"[""product_type""]","[""product_type is unknown"", ""package_type is unknown""]",https://example.com/kroger/products/kr_0169,2026-05-01T10:51:00,5.19
kr_0170,kroger,"Simple Truth Steel Cut Oats, 24 oz",simple truth steel cut oats 24 oz,Simple Truth,Simple Truth,Breakfast,pantry,cereal,pantry,4.01,0.1671,Save $1.50,24.0,oz,1,24.0,oz,24.0,24.0,weight,oz,unknown,False,True,True,"{""flavor"": ""unknown"", ""organic"": false, ""package_type"": ""unknown""}","{""attributes"": 1.0, ""brand"": 1.0, ""needs_review"": false, ""overall"": 0.92, ""product_type"": 1.0, ""quantity"": 1.0, ""warnings"": [""package_type is unknown""]}",0.92,False,[],"[""package_type is unknown""]",https://example.com/kroger/products/kr_0170,2026-05-01T10:34:00,2.68
kr_0171,kroger,"Club price Simple Truth Instant Oatmeal Variety Pack, 12 ct",club price simple truth instant oatmeal variety pack 12 count,Simple Truth,Simple Truth,Breakfast,pantry,unknown,pantry,4.47,,Club price,12.0,ct,1,12.0,count,12.0,12.0,count,count,unknown,False,True,True,"{""flavor"": ""unknown"", ""organic"": false, ""package_type"": ""unknown""}","{""attributes"": 1.0, ""brand"": 1.0, ""needs_review"": true, ""overall"": 0.745, ""product_type"": 0.3, ""quantity"": 1.0, ""warnings"": [""product_type is unknown"", ""package_type is unknown""]}",0.745,True,"[""product_type""]","[""product_type is unknown"", ""package_type is unknown""]",https://example.com/kroger/products/kr_0171,2026-05-01T10:17:00,2.61
kr_0172,kroger,"Simple Truth Pancake Mix Original, 32 oz",simple truth pancake mix original 32 oz,Simple Truth,Simple Truth,Breakfast,pantry,unknown,pantry,3.36,0.105,Digital coupon,32.0,oz,1,32.0,oz,32.0,32.0,weight,oz,unknown,False,True,True,"{""flavor"": ""original"", ""organic"": false, ""package_type"": ""unknown""}","{""attributes"": 1.0, ""brand"": 1.0, ""needs_review"": true, ""overall"": 0.745, ""product_type"": 0.3, ""quantity"": 1.0, ""warnings"": [""product_type is unknown"", ""package_type is unknown""]}",0.745,True,"[""product_type""]","[""product_type is unknown"", ""package_type is unknown""]",https://example.com/kroger/products/kr_0172,2026-05-01T10:00:00,2.59
kr_0173,kroger,"Digital coupon Simple Truth Plain Bagels, 6 ct",digital coupon simple truth plain bagels 6 count,Simple Truth,Simple Truth,Bakery,bakery,unknown,bakery,4.09,,Digital coupon,6.0,ct,1,6.0,count,6.0,6.0,count,count,unknown,False,True,True,"{""flavor"": ""plain"", ""organic"": false, ""package_type"": ""unknown""}","{""attributes"": 1.0, ""brand"": 1.0, ""needs_review"": true, ""overall"": 0.825, ""product_type"": 0.3, ""quantity"": 1.0, ""warnings"": [""product_type is unknown""]}",0.825,True,"[""product_type""]","[""product_type is unknown""]",https://example.com/kroger/products/kr_0173,2026-05-01T09:43:00,2.45
kr_0174,kroger,"Kroger Hamburger Buns, 8 ct",kroger hamburger buns 8 count,Kroger,Kroger,Bakery,bakery,unknown,bakery,2.24,,Club price,8.0,ct,1,8.0,count,8.0,8.0,count,count,unknown,False,True,True,"{""flavor"": ""unknown"", ""organic"": false, ""package_type"": ""unknown""}","{""attributes"": 1.0, ""brand"": 1.0, ""needs_review"": true, ""overall"": 0.825, ""product_type"": 0.3, ""quantity"": 1.0, ""warnings"": [""product_type is unknown""]}",0.825,True,"[""product_type""]","[""product_type is unknown""]",https://example.com/kroger/products/kr_0174,2026-05-01T09:26:00,1.66
kr_0175,kroger,"Simple Truth Hot Dog Buns, 8 ct",simple truth hot dog buns 8 count,Simple Truth,Simple Truth,Bakery,bakery,unknown,bakery,1.62,,,8.0,ct,1,8.0,count,8.0,8.0,count,count,unknown,False,True,True,"{""flavor"": ""unknown"", ""organic"": false, ""package_type"": ""unknown""}","{""attributes"": 1.0, ""brand"": 1.0, ""needs_review"": true, ""overall"": 0.825, ""product_type"": 0.3, ""quantity"": 1.0, ""warnings"": [""product_type is unknown""]}",0.825,True,"[""product_type""]","[""product_type is unknown""]",https://example.com/kroger/products/kr_0175,2026-05-01T09:09:00,1.2
kr_0176,kroger,"Kroger Flour Tortillas, 10 ct",kroger flour tortillas 10 count,Kroger,Kroger,Bakery,bakery,unknown,bakery,2.36,0.236,,10.0,ct,1,10.0,count,10.0,10.0,count,count,unknown,False,True,True,"{""flavor"": ""unknown"", ""organic"": false, ""package_type"": ""unknown""}","{""attributes"": 1.0, ""brand"": 1.0, ""needs_review"": true, ""overall"": 0.825, ""product_type"": 0.3, ""quantity"": 1.0, ""warnings"": [""product_type is unknown""]}",0.825,True,"[""product_type""]","[""product_type is unknown""]",https://example.com/kroger/products/kr_0176,2026-05-01T08:52:00,1.63
kr_0177,kroger,"Simple Truth Corn Tortillas, 30 ct",simple truth corn tortillas 30 count,Simple Truth,Simple Truth,Bakery,bakery,unknown,bakery,4.01,0.1337,Save $1.50,30.0,ct,1,30.0,count,30.0,30.0,count,count,unknown,False,True,True,"{""flavor"": ""unknown"", ""organic"": false, ""package_type"": ""unknown""}","{""attributes"": 1.0, ""brand"": 1.0, ""needs_review"": true, ""overall"": 0.825, ""product_type"": 0.3, ""quantity"": 1.0, ""warnings"": [""product_type is unknown""]}",0.825,True,"[""product_type""]","[""product_type is unknown""]",https://example.com/kroger/products/kr_0177,2026-05-01T08:35:00,2.55
kr_0178,kroger,"Simple Truth Pita Bread, 6 ct",simple truth pita bread 6 count,Simple Truth,Simple Truth,Bakery,bakery,bread,bakery,3.44,,Save $1,6.0,ct,1,6.0,count,6.0,6.0,count,count,unknown,False,True,True,"{""flavor"": ""unknown"", ""organic"": false, ""package_type"": ""unknown""}","{""attributes"": 1.0, ""brand"": 1.0, ""needs_review"": false, ""overall"": 1.0, ""product_type"": 1.0, ""quantity"": 1.0, ""warnings"": []}",1.0,False,[],[],https://example.com/kroger/products/kr_0178,2026-05-01T08:18:00,2.31
kr_0179,kroger,"Simple Truth English Muffins, 6 ct",simple truth english muffins 6 count,Simple Truth,Simple Truth,Bakery,bakery,unknown,bakery,3.39,0.565,2 for $5,6.0,ct,1,6.0,count,6.0,6.0,count,count,unknown,False,True,True,"{""flavor"": ""unknown"", ""organic"": false, ""package_type"": ""unknown""}","{""attributes"": 1.0, ""brand"": 1.0, ""needs_review"": true, ""overall"": 0.825, ""product_type"": 0.3, ""quantity"": 1.0, ""warnings"": [""product_type is unknown""]}",0.825,True,"[""product_type""]","[""product_type is unknown""]",https://example.com/kroger/products/kr_0179,2026-05-01T08:01:00,2.34
kr_0180,kroger,"Kroger Half and Half, 1 pt",kroger half and half 1 pt,Kroger,Kroger,Dairy,unknown,unknown,unknown,3.74,0.2338,Save $1,16.0,fl oz,1,16.0,fl_oz,16.0,16.0,volume,fl_oz,unknown,False,True,True,{},"{""attributes"": 1.0, ""brand"": 1.0, ""needs_review"": true, ""overall"": 0.825, ""product_type"": 0.3, ""quantity"": 1.0, ""warnings"": [""product_type is unknown""]}",0.825,True,"[""product_type""]","[""product_type is unknown""]",https://example.com/kroger/products/kr_0180,2026-05-01T07:44:00,2.54
kr_0181,kroger,"Kroger Heavy Whipping Cream, 1 pt",kroger heavy whipping cream 1 pt,Kroger,Kroger,Dairy,unknown,unknown,unknown,5.09,0.3181,,16.0,fl oz,1,16.0,fl_oz,16.0,16.0,volume,fl_oz,unknown,False,True,True,{},"{""attributes"": 1.0, ""brand"": 1.0, ""needs_review"": true, ""overall"": 0.825, ""product_type"": 0.3, ""quantity"": 1.0, ""warnings"": [""product_type is unknown""]}",0.825,True,"[""product_type""]","[""product_type is unknown""]",https://example.com/kroger/products/kr_0181,2026-05-01T07:27:00,2.94
kr_0182,kroger,"Kroger Sour Cream, 8 oz",kroger sour cream 8 oz,Kroger,Kroger,Dairy,unknown,unknown,unknown,2.5,,,8.0,oz,1,8.0,oz,8.0,8.0,weight,oz,unknown,False,True,True,{},"{""attributes"": 1.0, ""brand"": 1.0, ""needs_review"": true, ""overall"": 0.825, ""product_type"": 0.3, ""quantity"": 1.0, ""warnings"": [""product_type is unknown""]}",0.825,True,"[""product_type""]","[""product_type is unknown""]",https://example.com/kroger/products/kr_0182,2026-05-01T07:10:00,1.4
kr_0183,kroger,"Kroger Cottage Cheese, 16 oz",kroger cottage cheese 16 oz,Kroger,Kroger,Dairy,unknown,cheese,cheese,3.57,0.2231,Save $1.50,16.0,oz,1,16.0,oz,16.0,16.0,weight,oz,unknown,False,True,True,"{""flavor"": ""unknown"", ""organic"": false, ""package_type"": ""unknown""}","{""attributes"": 1.0, ""brand"": 1.0, ""needs_review"": false, ""overall"": 1.0, ""product_type"": 1.0, ""quantity"": 1.0, ""warnings"": []}",1.0,False,[],[],https://example.com/kroger/products/kr_0183,2026-05-01T06:53:00,2.42
kr_0184,kroger,"Simple Truth Ricotta Cheese, 15 oz",simple truth ricotta cheese 15 oz,Simple Truth,Simple Truth,Dairy,unknown,cheese,cheese,3.2,0.2133,Digital coupon,15.0,oz,1,15.0,oz,15.0,15.0,weight,oz,unknown,False,True,True,"{""flavor"": ""unknown"", ""organic"": false, ""package_type"": ""unknown""}","{""attributes"": 1.0, ""brand"": 1.0, ""needs_review"": false, ""overall"": 1.0, ""product_type"": 1.0, ""quantity"": 1.0, ""warnings"": []}",1.0,False,[],[],https://example.com/kroger/products/kr_0184,2026-05-01T06:36:00,2.0
kr_0185,kroger,"Kroger String Cheese Mozzarella, 12 ct",kroger string cheese mozzarella 12 count,Kroger,Kroger,Dairy,unknown,cheese,cheese,7.74,0.645,Club price,12.0,ct,1,12.0,count,12.0,12.0,count,count,unknown,False,True,True,"{""flavor"": ""unknown"", ""organic"": false, ""package_type"": ""unknown""}","{""attributes"": 1.0, ""brand"": 1.0, ""needs_review"": false, ""overall"": 1.0, ""product_type"": 1.0, ""quantity"": 1.0, ""warnings"": []}",1.0,False,[],[],https://example.com/kroger/products/kr_0185,2026-05-01T06:19:00,5.85
kr_0186,kroger,"Kroger Sliced Swiss Cheese, 8 oz",kroger sliced swiss cheese 8 oz,Kroger,Kroger,Dairy,unknown,cheese,cheese,4.84,0.605,Save $1,8.0,oz,1,8.0,oz,8.0,8.0,weight,oz,unknown,False,True,True,"{""flavor"": ""unknown"", ""organic"": false, ""package_type"": ""unknown""}","{""attributes"": 1.0, ""brand"": 1.0, ""needs_review"": false, ""overall"": 1.0, ""product_type"": 1.0, ""quantity"": 1.0, ""warnings"": []}",1.0,False,[],[],https://example.com/kroger/products/kr_0186,2026-05-01T06:02:00,3.01
kr_0187,kroger,"Simple Truth Pepper Jack Shredded, 8 oz",simple truth pepper jack shredded 8 oz,Simple Truth,Simple Truth,Dairy,unknown,unknown,unknown,4.11,0.5138,Save $1.50,8.0,oz,1,8.0,oz,8.0,8.0,weight,oz,unknown,False,True,True,{},"{""attributes"": 1.0, ""brand"": 1.0, ""needs_review"": true, ""overall"": 0.825, ""product_type"": 0.3, ""quantity"": 1.0, ""warnings"": [""product_type is unknown""]}",0.825,True,"[""product_type""]","[""product_type is unknown""]",https://example.com/kroger/products/kr_0187,2026-05-01T05:45:00,3.06
kr_0188,kroger,"Kroger Plain Whole Milk Yogurt, 32 oz",kroger plain whole milk yogurt 32 oz,Kroger,Kroger,Dairy,unknown,milk,dairy_milk,5.58,0.1744,Save $1.50,32.0,oz,1,32.0,oz,32.0,32.0,weight,oz,unknown,False,True,True,"{""fat_content"": ""whole"", ""lactose_free"": false, ""organic"": false, ""package_type"": ""unknown""}","{""attributes"": 1.0, ""brand"": 1.0, ""needs_review"": false, ""overall"": 0.92, ""product_type"": 1.0, ""quantity"": 1.0, ""warnings"": [""package_type is unknown""]}",0.92,False,[],"[""package_type is unknown""]",https://example.com/kroger/products/kr_0188,2026-05-01T05:28:00,4.07
kr_0189,kroger,"Kroger Strawberry Yogurt, 6 oz",kroger strawberry yogurt 6 oz,Kroger,Kroger,Dairy,unknown,yogurt,yogurt,1.09,,Digital coupon,6.0,oz,1,6.0,oz,6.0,6.0,weight,oz,unknown,False,True,True,"{""fat_content"": ""unknown"", ""flavor"": ""strawberry"", ""multi_pack"": false, ""organic"": false, ""package_type"": ""unknown"", ""style"": ""regular""}","{""attributes"": 1.0, ""brand"": 1.0, ""needs_review"": false, ""overall"": 0.92, ""product_type"": 1.0, ""quantity"": 1.0, ""warnings"": [""package_type is unknown""]}",0.92,False,[],"[""package_type is unknown""]",https://example.com/kroger/products/kr_0189,2026-05-01T05:11:00,0.81
kr_0190,kroger,"Digital coupon Kroger Vanilla Almond Granola, 12 oz",digital coupon kroger vanilla almond granola 12 oz,Kroger,Kroger,Breakfast,pantry,unknown,pantry,3.94,0.3283,Digital coupon,12.0,oz,1,12.0,oz,12.0,12.0,weight,oz,unknown,False,True,True,"{""flavor"": ""unknown"", ""organic"": false, ""package_type"": ""unknown""}","{""attributes"": 1.0, ""brand"": 1.0, ""needs_review"": true, ""overall"": 0.745, ""product_type"": 0.3, ""quantity"": 1.0, ""warnings"": [""product_type is unknown"", ""package_type is unknown""]}",0.745,True,"[""product_type""]","[""product_type is unknown"", ""package_type is unknown""]",https://example.com/kroger/products/kr_0190,2026-05-01T04:54:00,2.89
kr_0191,kroger,"Simple Truth Honey Nut Granola, 12 oz",simple truth honey nut granola 12 oz,Simple Truth,Simple Truth,Breakfast,pantry,honey,pantry,4.59,0.3825,Club price,12.0,oz,1,12.0,oz,12.0,12.0,weight,oz,unknown,False,True,True,"{""flavor"": ""honey_nut"", ""organic"": false, ""package_type"": ""unknown""}","{""attributes"": 1.0, ""brand"": 1.0, ""needs_review"": false, ""overall"": 0.92, ""product_type"": 1.0, ""quantity"": 1.0, ""warnings"": [""package_type is unknown""]}",0.92,False,[],"[""package_type is unknown""]",https://example.com/kroger/products/kr_0191,2026-05-01T04:37:00,3.39
kr_0192,kroger,"Simple Truth Granola Bars Chewy, 8 ct",simple truth granola bars chewy 8 count,Simple Truth,Simple Truth,Snacks,snacks,granola_bars,snacks,3.56,0.5298,,0.84,oz,8,0.84,oz,0.84,6.72,weight,oz,unknown,False,True,True,"{""flavor"": ""unknown"", ""organic"": false, ""package_type"": ""unknown""}","{""attributes"": 1.0, ""brand"": 1.0, ""needs_review"": false, ""overall"": 0.92, ""product_type"": 1.0, ""quantity"": 1.0, ""warnings"": [""package_type is unknown""]}",0.92,False,[],"[""package_type is unknown""]",https://example.com/kroger/products/kr_0192,2026-05-01T04:20:00,3.61
kr_0193,kroger,"Simple Truth Pretzels Mini Twists, 16 oz",simple truth pretzels mini twists 16 oz,Simple Truth,Simple Truth,Snacks,snacks,unknown,snacks,2.56,,,16.0,oz,1,16.0,oz,16.0,16.0,weight,oz,unknown,False,True,True,"{""flavor"": ""unknown"", ""organic"": false, ""package_type"": ""unknown""}","{""attributes"": 1.0, ""brand"": 1.0, ""needs_review"": true, ""overall"": 0.745, ""product_type"": 0.3, ""quantity"": 1.0, ""warnings"": [""product_type is unknown"", ""package_type is unknown""]}",0.745,True,"[""product_type""]","[""product_type is unknown"", ""package_type is unknown""]",https://example.com/kroger/products/kr_0193,2026-05-01T04:03:00,2.55
kr_0194,kroger,"Simple Truth Pretzel Sticks, 15 oz",simple truth pretzel sticks 15 oz,Simple Truth,Simple Truth,Snacks,snacks,unknown,snacks,2.46,,,15.0,oz,1,15.0,oz,15.0,15.0,weight,oz,stick,False,True,True,"{""flavor"": ""unknown"", ""organic"": false, ""package_type"": ""stick""}","{""attributes"": 1.0, ""brand"": 1.0, ""needs_review"": true, ""overall"": 0.825, ""product_type"": 0.3, ""quantity"": 1.0, ""warnings"": [""product_type is unknown""]}",0.825,True,"[""product_type""]","[""product_type is unknown""]",https://example.com/kroger/products/kr_0194,2026-05-01T03:46:00,1.51
kr_0195,kroger,"Simple Truth Microwave Popcorn Butter, 3 ct",simple truth microwave popcorn butter 3 count,Simple Truth,Simple Truth,Snacks,snacks,butter,butter,3.19,0.3323,,3.2,oz,3,3.2,oz,3.2,9.600000000000001,weight,oz,unknown,False,True,True,"{""flavor"": ""unknown"", ""organic"": false, ""package_type"": ""unknown""}","{""attributes"": 1.0, ""brand"": 1.0, ""needs_review"": false, ""overall"": 0.85, ""product_type"": 1.0, ""quantity"": 1.0, ""warnings"": [""raw category family snacks conflicts with inferred family butter""]}",0.85,False,[],"[""raw category family snacks conflicts with inferred family butter""]",https://example.com/kroger/products/kr_0195,2026-05-01T03:29:00,2.16
kr_0196,kroger,"Kroger Mixed Nuts Salted, 8 oz",kroger mixed nuts salted 8 oz,Kroger,Kroger,Snacks,snacks,unknown,snacks,5.08,0.635,Save $1.50,8.0,oz,1,8.0,oz,8.0,8.0,weight,oz,unknown,False,True,True,"{""flavor"": ""unknown"", ""organic"": false, ""package_type"": ""unknown""}","{""attributes"": 1.0, ""brand"": 1.0, ""needs_review"": true, ""overall"": 0.745, ""product_type"": 0.3, ""quantity"": 1.0, ""warnings"": [""product_type is unknown"", ""package_type is unknown""]}",0.745,True,"[""product_type""]","[""product_type is unknown"", ""package_type is unknown""]",https://example.com/kroger/products/kr_0196,2026-05-01T03:12:00,3.43
kr_0197,kroger,"Simple Truth Roasted Cashews, 8 oz",simple truth roasted cashews 8 oz,Simple Truth,Simple Truth,Snacks,snacks,unknown,snacks,5.99,0.7488,Club price,8.0,oz,1,8.0,oz,8.0,8.0,weight,oz,unknown,False,True,True,"{""flavor"": ""unknown"", ""organic"": false, ""package_type"": ""unknown""}","{""attributes"": 1.0, ""brand"": 1.0, ""needs_review"": true, ""overall"": 0.745, ""product_type"": 0.3, ""quantity"": 1.0, ""warnings"": [""product_type is unknown"", ""package_type is unknown""]}",0.745,True,"[""product_type""]","[""product_type is unknown"", ""package_type is unknown""]",https://example.com/kroger/products/kr_0197,2026-05-01T02:55:00,4.27
kr_0198,kroger,"Kroger Dried Cranberries, 6 oz",kroger dried cranberries 6 oz,Kroger,Kroger,Snacks,snacks,unknown,snacks,3.92,,Digital coupon,6.0,oz,1,6.0,oz,6.0,6.0,weight,oz,unknown,False,True,True,"{""flavor"": ""unknown"", ""organic"": false, ""package_type"": ""unknown""}","{""attributes"": 1.0, ""brand"": 1.0, ""needs_review"": true, ""overall"": 0.745, ""product_type"": 0.3, ""quantity"": 1.0, ""warnings"": [""product_type is unknown"", ""package_type is unknown""]}",0.745,True,"[""product_type""]","[""product_type is unknown"", ""package_type is unknown""]",https://example.com/kroger/products/kr_0198,2026-05-01T02:38:00,2.99
kr_0199,kroger,"Kroger Raisins Seedless, 12 oz",kroger raisins seedless 12 oz,Kroger,Kroger,Snacks,snacks,unknown,snacks,4.77,0.3975,,12.0,oz,1,12.0,oz,12.0,12.0,weight,oz,unknown,False,True,True,"{""flavor"": ""unknown"", ""organic"": false, ""package_type"": ""unknown""}","{""attributes"": 1.0, ""brand"": 1.0, ""needs_review"": true, ""overall"": 0.745, ""product_type"": 0.3, ""quantity"": 1.0, ""warnings"": [""product_type is unknown"", ""package_type is unknown""]}",0.745,True,"[""product_type""]","[""product_type is unknown"", ""package_type is unknown""]",https://example.com/kroger/products/kr_0199,2026-05-01T02:21:00,3.37
kr_0200,kroger,"Kroger Fruit Snacks Variety, 10 ct",kroger fruit snacks variety 10 count,Kroger,Kroger,Snacks,snacks,unknown,snacks,4.14,0.5175,,0.8,oz,10,0.8,oz,0.8,8.0,weight,oz,unknown,False,True,True,"{""flavor"": ""unknown"", ""organic"": false, ""package_type"": ""unknown""}","{""attributes"": 1.0, ""brand"": 1.0, ""needs_review"": true, ""overall"": 0.745, ""product_type"": 0.3, ""quantity"": 1.0, ""warnings"": [""product_type is unknown"", ""package_type is unknown""]}",0.745,True,"[""product_type""]","[""product_type is unknown"", ""package_type is unknown""]",https://example.com/kroger/products/kr_0200,2026-05-01T02:04:00,2.45
kr_0201,kroger,"Kroger Apple Sauce Cups, 6 ct",kroger apple sauce cups 6 count,Kroger,Kroger,Snacks,snacks,apples,produce,4.02,0.1675,Digital coupon,4.0,oz,6,4.0,oz,4.0,24.0,weight,oz,cup,False,True,True,"{""organic"": false, ""package_type"": ""cup"", ""produce_form"": ""unknown"", ""unit_basis"": ""unknown"", ""variety"": ""unknown""}","{""attributes"": 0.5, ""brand"": 1.0, ""needs_review"": true, ""overall"": 0.725, ""product_type"": 1.0, ""quantity"": 1.0, ""warnings"": [""missing required attributes: produce_form, unit_basis"", ""raw category family snacks conflicts with inferred family produce""]}",0.725,True,"[""produce_form"", ""unit_basis""]","[""missing required attributes: produce_form, unit_basis"", ""raw category family snacks conflicts with inferred family produce""]",https://example.com/kroger/products/kr_0201,2026-05-01T01:47:00,2.37
kr_0202,kroger,"Kroger Frozen Mixed Berries, 12 oz",kroger frozen mixed berries 12 oz,Kroger,Kroger,Frozen,frozen,unknown,frozen,6.91,,,12.0,oz,1,12.0,oz,12.0,12.0,weight,oz,unknown,False,True,True,"{""flavor"": ""unknown"", ""organic"": false, ""package_type"": ""unknown""}","{""attributes"": 1.0, ""brand"": 1.0, ""needs_review"": true, ""overall"": 0.745, ""product_type"": 0.3, ""quantity"": 1.0, ""warnings"": [""product_type is unknown"", ""package_type is unknown""]}",0.745,True,"[""product_type""]","[""product_type is unknown"", ""package_type is unknown""]",https://example.com/kroger/products/kr_0202,2026-05-01T01:30:00,4.68
kr_0203,kroger,"Simple Truth Frozen Strawberries, 16 oz",simple truth frozen strawberries 16 oz,Simple Truth,Simple Truth,Frozen,frozen,berries,produce,4.96,0.31,2 for $5,16.0,oz,1,16.0,oz,16.0,16.0,weight,oz,unknown,False,True,True,"{""organic"": false, ""package_type"": ""unknown"", ""produce_form"": ""unknown"", ""unit_basis"": ""unknown"", ""variety"": ""unknown""}","{""attributes"": 0.5, ""brand"": 1.0, ""needs_review"": true, ""overall"": 0.725, ""product_type"": 1.0, ""quantity"": 1.0, ""warnings"": [""missing required attributes: produce_form, unit_basis"", ""raw category family frozen conflicts with inferred family produce""]}",0.725,True,"[""produce_form"", ""unit_basis""]","[""missing required attributes: produce_form, unit_basis"", ""raw category family frozen conflicts with inferred family produce""]",https://example.com/kroger/products/kr_0203,2026-05-01T01:13:00,3.28
kr_0204,kroger,"Simple Truth Frozen Broccoli, 12 oz",simple truth frozen broccoli 12 oz,Simple Truth,Simple Truth,Frozen,frozen,unknown,frozen,2.08,,Save $1,12.0,oz,1,12.0,oz,12.0,12.0,weight,oz,unknown,False,True,True,"{""flavor"": ""unknown"", ""organic"": false, ""package_type"": ""unknown""}","{""attributes"": 1.0, ""brand"": 1.0, ""needs_review"": true, ""overall"": 0.745, ""product_type"": 0.3, ""quantity"": 1.0, ""warnings"": [""product_type is unknown"", ""package_type is unknown""]}",0.745,True,"[""product_type""]","[""product_type is unknown"", ""package_type is unknown""]",https://example.com/kroger/products/kr_0204,2026-05-01T00:56:00,1.48
kr_0205,kroger,"Simple Truth Frozen Peas, 12 oz",simple truth frozen peas 12 oz,Simple Truth,Simple Truth,Frozen,frozen,unknown,frozen,2.52,,,12.0,oz,1,12.0,oz,12.0,12.0,weight,oz,unknown,False,True,True,"{""flavor"": ""unknown"", ""organic"": false, ""package_type"": ""unknown""}","{""attributes"": 1.0, ""brand"": 1.0, ""needs_review"": true, ""overall"": 0.745, ""product_type"": 0.3, ""quantity"": 1.0, ""warnings"": [""product_type is unknown"", ""package_type is unknown""]}",0.745,True,"[""product_type""]","[""product_type is unknown"", ""package_type is unknown""]",https://example.com/kroger/products/kr_0205,2026-05-01T00:39:00,1.73
kr_0206,kroger,"Kroger Frozen Spinach, 12 oz",kroger frozen spinach 12 oz,Kroger,Kroger,Frozen,frozen,spinach,produce,2.12,,Save $1,12.0,oz,1,12.0,oz,12.0,12.0,weight,oz,unknown,False,True,True,"{""organic"": false, ""package_type"": ""unknown"", ""produce_form"": ""unknown"", ""unit_basis"": ""unknown"", ""variety"": ""unknown""}","{""attributes"": 0.5, ""brand"": 1.0, ""needs_review"": true, ""overall"": 0.725, ""product_type"": 1.0, ""quantity"": 1.0, ""warnings"": [""missing required attributes: produce_form, unit_basis"", ""raw category family frozen conflicts with inferred family produce""]}",0.725,True,"[""produce_form"", ""unit_basis""]","[""missing required attributes: produce_form, unit_basis"", ""raw category family frozen conflicts with inferred family produce""]",https://example.com/kroger/products/kr_0206,2026-05-01T00:22:00,1.46
kr_0207,kroger,"Kroger Frozen Waffles, 10 ct",kroger frozen waffles 10 count,Kroger,Kroger,Frozen,frozen,unknown,frozen,3.22,,Save $1.50,1.25,oz,10,1.25,oz,1.25,12.5,weight,oz,unknown,False,True,True,"{""flavor"": ""unknown"", ""organic"": false, ""package_type"": ""unknown""}","{""attributes"": 1.0, ""brand"": 1.0, ""needs_review"": true, ""overall"": 0.745, ""product_type"": 0.3, ""quantity"": 1.0, ""warnings"": [""product_type is unknown"", ""package_type is unknown""]}",0.745,True,"[""product_type""]","[""product_type is unknown"", ""package_type is unknown""]",https://example.com/kroger/products/kr_0207,2026-05-01T00:05:00,2.24
kr_0208,kroger,"Simple Truth Frozen Cheese Pizza, 12 inch",simple truth frozen cheese pizza 12 inch,Simple Truth,Simple Truth,Frozen,frozen,cheese,cheese,5.14,0.4283,Save $1.50,12.0,oz,1,12.0,oz,12.0,12.0,weight,oz,unknown,False,True,True,"{""flavor"": ""unknown"", ""organic"": false, ""package_type"": ""unknown""}","{""attributes"": 1.0, ""brand"": 1.0, ""needs_review"": false, ""overall"": 0.85, ""product_type"": 1.0, ""quantity"": 1.0, ""warnings"": [""raw category family frozen conflicts with inferred family cheese""]}",0.85,False,[],"[""raw category family frozen conflicts with inferred family cheese""]",https://example.com/kroger/products/kr_0208,2026-04-30T23:48:00,3.2
kr_0209,kroger,"Kroger Frozen Burritos Bean Cheese, 8 ct",kroger frozen burritos bean cheese 8 count,Kroger,Kroger,Frozen,frozen,cheese,cheese,7.36,,Club price,4.0,oz,8,4.0,oz,4.0,32.0,weight,oz,unknown,False,True,True,"{""flavor"": ""unknown"", ""organic"": false, ""package_type"": ""unknown""}","{""attributes"": 1.0, ""brand"": 1.0, ""needs_review"": false, ""overall"": 0.85, ""product_type"": 1.0, ""quantity"": 1.0, ""warnings"": [""raw category family frozen conflicts with inferred family cheese""]}",0.85,False,[],"[""raw category family frozen conflicts with inferred family cheese""]",https://example.com/kroger/products/kr_0209,2026-04-30T23:31:00,4.91
kr_0210,kroger,"Simple Truth Vanilla Ice Cream, 48 fl oz",simple truth vanilla ice cream 48 fl oz,Simple Truth,Simple Truth,Frozen,frozen,ice_cream,frozen,4.85,0.101,,48.0,fl oz,1,48.0,fl_oz,48.0,48.0,volume,fl_oz,unknown,False,True,True,"{""flavor"": ""unknown"", ""organic"": false, ""package_type"": ""unknown""}","{""attributes"": 1.0, ""brand"": 1.0, ""needs_review"": false, ""overall"": 0.92, ""product_type"": 1.0, ""quantity"": 1.0, ""warnings"": [""package_type is unknown""]}",0.92,False,[],"[""package_type is unknown""]",https://example.com/kroger/products/kr_0210,2026-04-30T23:14:00,3.58
kr_0211,kroger,"Kroger Chocolate Ice Cream, 48 fl oz",kroger chocolate ice cream 48 fl oz,Kroger,Kroger,Frozen,frozen,ice_cream,frozen,3.15,0.0656,Digital coupon,48.0,fl oz,1,48.0,fl_oz,48.0,48.0,volume,fl_oz,unknown,False,True,True,"{""flavor"": ""unknown"", ""organic"": false, ""package_type"": ""unknown""}","{""attributes"": 1.0, ""brand"": 1.0, ""needs_review"": false, ""overall"": 0.92, ""product_type"": 1.0, ""quantity"": 1.0, ""warnings"": [""package_type is unknown""]}",0.92,False,[],"[""package_type is unknown""]",https://example.com/kroger/products/kr_0211,2026-04-30T22:57:00,2.01
kr_0212,kroger,"Kroger Cookies & Cream Ice Cream, 48 fl oz",kroger cookies and cream ice cream 48 fl oz,Kroger,Kroger,Frozen,frozen,ice_cream,frozen,4.4,0.0917,,48.0,fl oz,1,48.0,fl_oz,48.0,48.0,volume,fl_oz,unknown,False,True,True,"{""flavor"": ""unknown"", ""organic"": false, ""package_type"": ""unknown""}","{""attributes"": 1.0, ""brand"": 1.0, ""needs_review"": false, ""overall"": 0.92, ""product_type"": 1.0, ""quantity"": 1.0, ""warnings"": [""package_type is unknown""]}",0.92,False,[],"[""package_type is unknown""]",https://example.com/kroger/products/kr_0212,2026-04-30T22:40:00,3.36
kr_0213,kroger,"Kroger Apple Juice, 64 fl oz",kroger apple juice 64 fl oz,Kroger,Kroger,Beverages,beverages,apples,produce,2.33,0.0364,Save $1,64.0,fl oz,1,64.0,fl_oz,64.0,64.0,volume,fl_oz,unknown,False,True,True,"{""organic"": false, ""package_type"": ""unknown"", ""produce_form"": ""unknown"", ""unit_basis"": ""unknown"", ""variety"": ""unknown""}","{""attributes"": 0.5, ""brand"": 1.0, ""needs_review"": true, ""overall"": 0.725, ""product_type"": 1.0, ""quantity"": 1.0, ""warnings"": [""missing required attributes: produce_form, unit_basis"", ""raw category family beverages conflicts with inferred family produce""]}",0.725,True,"[""produce_form"", ""unit_basis""]","[""missing required attributes: produce_form, unit_basis"", ""raw category family beverages conflicts with inferred family produce""]",https://example.com/kroger/products/kr_0213,2026-04-30T22:23:00,1.54
kr_0214,kroger,"Kroger Cranberry Juice Cocktail, 64 fl oz",kroger cranberry juice cocktail 64 fl oz,Kroger,Kroger,Beverages,beverages,unknown,beverages,5.08,0.0794,,64.0,fl oz,1,64.0,fl_oz,64.0,64.0,volume,fl_oz,unknown,False,True,True,"{""caffeine"": ""unknown"", ""carbonated"": false, ""diet_type"": ""regular"", ""flavor"": ""classic"", ""package_type"": ""unknown""}","{""attributes"": 1.0, ""brand"": 1.0, ""needs_review"": true, ""overall"": 0.745, ""product_type"": 0.3, ""quantity"": 1.0, ""warnings"": [""product_type is unknown"", ""package_type is unknown""]}",0.745,True,"[""product_type""]","[""product_type is unknown"", ""package_type is unknown""]",https://example.com/kroger/products/kr_0214,2026-04-30T22:06:00,3.72
kr_0215,kroger,"Kroger Lemonade, 64 fl oz",kroger lemonade 64 fl oz,Kroger,Kroger,Beverages,beverages,unknown,beverages,3.35,0.0523,Club price,64.0,fl oz,1,64.0,fl_oz,64.0,64.0,volume,fl_oz,unknown,False,True,True,"{""caffeine"": ""unknown"", ""carbonated"": ""unknown"", ""diet_type"": ""regular"", ""flavor"": ""classic"", ""package_type"": ""unknown""}","{""attributes"": 1.0, ""brand"": 1.0, ""needs_review"": true, ""overall"": 0.745, ""product_type"": 0.3, ""quantity"": 1.0, ""warnings"": [""product_type is unknown"", ""package_type is unknown""]}",0.745,True,"[""product_type""]","[""product_type is unknown"", ""package_type is unknown""]",https://example.com/kroger/products/kr_0215,2026-04-30T21:49:00,2.31
wm_0001,walmart,Great Value Organic Whole Milk 1 gal,great value organic whole milk 1 gal,Great Value,Great Value,Dairy & Eggs,unknown,milk,dairy_milk,5.43,,Save $2,1.0,gal,1,1.0,gal,128.0,128.0,volume,fl_oz,unknown,True,True,True,"{""fat_content"": ""whole"", ""lactose_free"": false, ""organic"": true, ""package_type"": ""unknown""}","{""attributes"": 1.0, ""brand"": 1.0, ""needs_review"": false, ""overall"": 0.92, ""product_type"": 1.0, ""quantity"": 1.0, ""warnings"": [""package_type is unknown""]}",0.92,False,[],"[""package_type is unknown""]",https://example.com/walmart/products/wm_0001,2026-05-08T11:09:00,3.19
wm_0002,walmart,Great Value Whole Milk 1 gal,great value whole milk 1 gal,Great Value,Great Value,Dairy & Eggs,unknown,milk,dairy_milk,3.82,3.82,Save $1,1.0,gal,1,1.0,gal,128.0,128.0,volume,fl_oz,unknown,False,True,True,"{""fat_content"": ""whole"", ""lactose_free"": false, ""organic"": false, ""package_type"": ""unknown""}","{""attributes"": 1.0, ""brand"": 1.0, ""needs_review"": false, ""overall"": 0.92, ""product_type"": 1.0, ""quantity"": 1.0, ""warnings"": [""package_type is unknown""]}",0.92,False,[],"[""package_type is unknown""]",https://example.com/walmart/products/wm_0002,2026-05-08T10:01:00,2.92
wm_0003,walmart,Great Value 2% Reduced Fat Milk 0.5 gal,great value 2% reduced fat milk 0.5 gal,Great Value,Great Value,Dairy & Eggs,unknown,milk,dairy_milk,2.44,,,0.5,gal,1,0.5,gal,64.0,64.0,volume,fl_oz,unknown,False,True,True,"{""fat_content"": ""two_percent"", ""lactose_free"": false, ""organic"": false, ""package_type"": ""unknown""}","{""attributes"": 1.0, ""brand"": 1.0, ""needs_review"": false, ""overall"": 0.92, ""product_type"": 1.0, ""quantity"": 1.0, ""warnings"": [""package_type is unknown""]}",0.92,False,[],"[""package_type is unknown""]",https://example.com/walmart/products/wm_0003,2026-05-08T08:53:00,1.67
wm_0004,walmart,"Great Value Unsweetened Almond Milk, 64 fl oz",great value unsweetened almond milk 64 fl oz,Great Value,Great Value,Dairy & Eggs,unknown,almond_milk,plant_based_milk,3.12,,Save $2,64.0,fl oz,1,64.0,fl_oz,64.0,64.0,volume,fl_oz,unknown,False,True,True,"{""barista_style"": false, ""base"": ""almond"", ""package_type"": ""unknown"", ""sweetness"": ""unsweetened""}","{""attributes"": 1.0, ""brand"": 1.0, ""needs_review"": false, ""overall"": 0.92, ""product_type"": 1.0, ""quantity"": 1.0, ""warnings"": [""package_type is unknown""]}",0.92,False,[],"[""package_type is unknown""]",https://example.com/walmart/products/wm_0004,2026-05-08T08:02:00,1.91
wm_0005,walmart,Great Value Cage Free Large Brown Eggs 12 Count,great value cage free large brown eggs 12 count,Great Value,Great Value,Dairy & Eggs,unknown,eggs,eggs,3.99,0.3325,,12.0,ct,1,12.0,count,12.0,12.0,count,count,unknown,False,True,True,"{""cage_claim"": ""cage_free"", ""color"": ""brown"", ""egg_size"": ""large"", ""organic"": false, ""package_type"": ""unknown""}","{""attributes"": 1.0, ""brand"": 1.0, ""needs_review"": false, ""overall"": 0.92, ""product_type"": 1.0, ""quantity"": 1.0, ""warnings"": [""package_type is unknown""]}",0.92,False,[],"[""package_type is unknown""]",https://example.com/walmart/products/wm_0005,2026-05-08T06:03:00,2.22
wm_0006,walmart,"Great Value Organic Large Brown Eggs, 12 Count",great value organic large brown eggs 12 count,Great Value,Great Value,Dairy & Eggs,unknown,eggs,eggs,5.83,0.4858,,12.0,ct,1,12.0,count,12.0,12.0,count,count,unknown,True,True,True,"{""cage_claim"": ""unknown"", ""color"": ""brown"", ""egg_size"": ""large"", ""organic"": true, ""package_type"": ""unknown""}","{""attributes"": 1.0, ""brand"": 1.0, ""needs_review"": false, ""overall"": 0.92, ""product_type"": 1.0, ""quantity"": 1.0, ""warnings"": [""package_type is unknown""]}",0.92,False,[],"[""package_type is unknown""]",https://example.com/walmart/products/wm_0006,2026-05-08T04:55:00,3.8
wm_0007,walmart,"Great Value White Sandwich Bread, 20 oz",great value white sandwich bread 20 oz,Great Value,Great Value,Bakery,bakery,bread,bakery,2.26,,,20.0,oz,1,20.0,oz,20.0,20.0,weight,oz,unknown,False,True,True,"{""flavor"": ""unknown"", ""organic"": false, ""package_type"": ""unknown""}","{""attributes"": 1.0, ""brand"": 1.0, ""needs_review"": false, ""overall"": 1.0, ""product_type"": 1.0, ""quantity"": 1.0, ""warnings"": []}",1.0,False,[],[],https://example.com/walmart/products/wm_0007,2026-05-08T03:47:00,1.55
wm_0008,walmart,Great Value 100% Whole Wheat Bread 20 oz,great value 100% whole wheat bread 20 oz,Great Value,Great Value,Bakery,bakery,bread,bakery,2.2,,Buy 2 save $1,20.0,oz,1,20.0,oz,20.0,20.0,weight,oz,unknown,False,True,True,"{""flavor"": ""unknown"", ""organic"": false, ""package_type"": ""unknown""}","{""attributes"": 1.0, ""brand"": 1.0, ""needs_review"": false, ""overall"": 1.0, ""product_type"": 1.0, ""quantity"": 1.0, ""warnings"": []}",1.0,False,[],[],https://example.com/walmart/products/wm_0008,2026-05-08T02:56:00,1.68
wm_0009,walmart,"Great Value Creamy Peanut Butter, 16 oz",great value creamy peanut butter 16 oz,Great Value,Great Value,Pantry,pantry,peanut_butter,pantry,2.85,,,16.0,oz,1,16.0,oz,16.0,16.0,weight,oz,unknown,False,True,True,"{""flavor"": ""unknown"", ""organic"": false, ""package_type"": ""unknown""}","{""attributes"": 1.0, ""brand"": 1.0, ""needs_review"": false, ""overall"": 0.92, ""product_type"": 1.0, ""quantity"": 1.0, ""warnings"": [""package_type is unknown""]}",0.92,False,[],"[""package_type is unknown""]",https://example.com/walmart/products/wm_0009,2026-05-08T01:48:00,1.75
wm_0010,walmart,Great Value Restaurant Style White Corn Tortilla Chips 13 oz,great value restaurant style white corn tortilla chips 13 oz,Great Value,Great Value,Snacks,snacks,chips,snacks,2.34,0.18,Save $2,13.0,oz,1,13.0,oz,13.0,13.0,weight,oz,unknown,False,True,True,"{""flavor"": ""unknown"", ""organic"": false, ""package_type"": ""unknown""}","{""attributes"": 1.0, ""brand"": 1.0, ""needs_review"": false, ""overall"": 0.92, ""product_type"": 1.0, ""quantity"": 1.0, ""warnings"": [""package_type is unknown""]}",0.92,False,[],"[""package_type is unknown""]",https://example.com/walmart/products/wm_0010,2026-05-08T00:40:00,1.81
wm_0011,walmart,"Buy 2 save $1 Great Value Pepperoni Frozen Pizza, 12 in",buy 2 save 1 great value pepperoni frozen pizza 12 in,Great Value,Great Value,Frozen Foods,frozen,frozen_pizza,frozen,4.11,0.3425,Buy 2 save $1,12.0,oz,1,12.0,oz,12.0,12.0,weight,oz,unknown,False,True,True,"{""flavor"": ""unknown"", ""organic"": false, ""package_type"": ""unknown""}","{""attributes"": 1.0, ""brand"": 1.0, ""needs_review"": false, ""overall"": 0.92, ""product_type"": 1.0, ""quantity"": 1.0, ""warnings"": [""package_type is unknown""]}",0.92,False,[],"[""package_type is unknown""]",https://example.com/walmart/products/wm_0011,2026-05-07T23:49:00,2.64
wm_0012,walmart,"Great Value Organic Gala Apples, 3 lb Bag",great value organic gala apples 3 lb bag,Great Value,Great Value,Produce,produce,apples,produce,5.55,0.1156,Buy 2 save $1,48.0,oz,1,48.0,oz,48.0,48.0,weight,oz,bag,True,True,True,"{""organic"": true, ""package_type"": ""bag"", ""produce_form"": ""bagged"", ""unit_basis"": ""package"", ""variety"": ""gala""}","{""attributes"": 1.0, ""brand"": 1.0, ""needs_review"": false, ""overall"": 1.0, ""product_type"": 1.0, ""quantity"": 1.0, ""warnings"": []}",1.0,False,[],[],https://example.com/walmart/products/wm_0012,2026-05-07T22:41:00,3.76
wm_0013,walmart,Great Value Lime Sparkling Water 8pk 12oz,great value lime sparkling water 8 pack 12oz,Great Value,Great Value,Beverages,beverages,sparkling_water,beverages,3.08,0.0321,,12.0,fl oz,8,12.0,fl_oz,12.0,96.0,volume,fl_oz,unknown,False,True,True,"{""caffeine"": ""unknown"", ""carbonated"": true, ""diet_type"": ""regular"", ""flavor"": ""lime"", ""package_type"": ""unknown""}","{""attributes"": 1.0, ""brand"": 1.0, ""needs_review"": false, ""overall"": 0.92, ""product_type"": 1.0, ""quantity"": 1.0, ""warnings"": [""package_type is unknown""]}",0.92,False,[],"[""package_type is unknown""]",https://example.com/walmart/products/wm_0013,2026-05-07T21:33:00,2.18
wm_0014,walmart,Great Value Plain Nonfat Greek Yogurt 32 oz,great value plain nonfat greek yogurt 32 oz,Great Value,Great Value,Dairy & Eggs,unknown,greek_yogurt,yogurt,4.0,,Buy 2 save $1,32.0,oz,1,32.0,oz,32.0,32.0,weight,oz,unknown,False,True,True,"{""fat_content"": ""nonfat"", ""flavor"": ""plain"", ""multi_pack"": false, ""organic"": false, ""package_type"": ""unknown"", ""style"": ""greek""}","{""attributes"": 1.0, ""brand"": 1.0, ""needs_review"": false, ""overall"": 0.92, ""product_type"": 1.0, ""quantity"": 1.0, ""warnings"": [""package_type is unknown""]}",0.92,False,[],"[""package_type is unknown""]",https://example.com/walmart/products/wm_0014,2026-05-07T19:34:00,2.56
wm_0015,walmart,"Great Value Unsalted Sweet Cream Butter, 16 oz",great value unsalted sweet cream butter 16 oz,Great Value,Great Value,Dairy & Eggs,unknown,butter,butter,4.11,0.0642,,16.0,oz,4,16.0,oz,16.0,64.0,weight,oz,unknown,False,True,True,"{""flavor"": ""unknown"", ""organic"": false, ""package_type"": ""unknown""}","{""attributes"": 1.0, ""brand"": 1.0, ""needs_review"": false, ""overall"": 1.0, ""product_type"": 1.0, ""quantity"": 1.0, ""warnings"": []}",1.0,False,[],[],https://example.com/walmart/products/wm_0015,2026-05-07T18:26:00,2.98
wm_0016,walmart,"Great Value Finely Shredded Mild Cheddar Cheese, 8 oz",great value finely shredded mild cheddar cheese 8 oz,Great Value,Great Value,Dairy & Eggs,unknown,cheese,cheese,2.91,,Save $1,8.0,oz,1,8.0,oz,8.0,8.0,weight,oz,unknown,False,True,True,"{""flavor"": ""unknown"", ""organic"": false, ""package_type"": ""unknown""}","{""attributes"": 1.0, ""brand"": 1.0, ""needs_review"": false, ""overall"": 1.0, ""product_type"": 1.0, ""quantity"": 1.0, ""warnings"": []}",1.0,False,[],[],https://example.com/walmart/products/wm_0016,2026-05-07T17:35:00,1.71
wm_0017,walmart,"Great Value Black Beans, 15 oz",great value black beans 15 oz,Great Value,Great Value,Pantry,pantry,canned_beans,pantry,1.02,,,15.0,oz,1,15.0,oz,15.0,15.0,weight,oz,unknown,False,True,True,"{""flavor"": ""unknown"", ""organic"": false, ""package_type"": ""unknown""}","{""attributes"": 1.0, ""brand"": 1.0, ""needs_review"": false, ""overall"": 0.92, ""product_type"": 1.0, ""quantity"": 1.0, ""warnings"": [""package_type is unknown""]}",0.92,False,[],"[""package_type is unknown""]",https://example.com/walmart/products/wm_0017,2026-05-07T16:27:00,0.59
wm_0018,walmart,"Great Value Condensed Tomato Soup, 10.75 oz",great value condensed tomato soup 10.75 oz,Great Value,Great Value,Pantry,pantry,soup,pantry,1.28,,Rollback,10.75,oz,1,10.75,oz,10.75,10.75,weight,oz,unknown,False,True,True,"{""flavor"": ""unknown"", ""organic"": false, ""package_type"": ""unknown""}","{""attributes"": 1.0, ""brand"": 1.0, ""needs_review"": false, ""overall"": 0.92, ""product_type"": 1.0, ""quantity"": 1.0, ""warnings"": [""package_type is unknown""]}",0.92,False,[],"[""package_type is unknown""]",https://example.com/walmart/products/wm_0018,2026-05-07T15:36:00,0.71
wm_0019,walmart,"Great Value Long Grain Enriched White Rice, 5 lb",great value long grain enriched white rice 5 lb,Great Value,Great Value,Pantry,pantry,rice,pantry,4.82,0.964,Save $1,5.0,lb,1,5.0,lb,80.0,80.0,weight,oz,unknown,False,True,True,"{""flavor"": ""unknown"", ""organic"": false, ""package_type"": ""unknown""}","{""attributes"": 1.0, ""brand"": 1.0, ""needs_review"": false, ""overall"": 0.92, ""product_type"": 1.0, ""quantity"": 1.0, ""warnings"": [""package_type is unknown""]}",0.92,False,[],"[""package_type is unknown""]",https://example.com/walmart/products/wm_0019,2026-05-07T14:45:00,3.39
wm_0020,walmart,"Great Value Spaghetti Pasta, 16 oz",great value spaghetti pasta 16 oz,Great Value,Great Value,Pantry,pantry,pasta,pantry,1.24,,,16.0,oz,1,16.0,oz,16.0,16.0,weight,oz,unknown,False,True,True,"{""flavor"": ""unknown"", ""organic"": false, ""package_type"": ""unknown""}","{""attributes"": 1.0, ""brand"": 1.0, ""needs_review"": false, ""overall"": 0.92, ""product_type"": 1.0, ""quantity"": 1.0, ""warnings"": [""package_type is unknown""]}",0.92,False,[],"[""package_type is unknown""]",https://example.com/walmart/products/wm_0020,2026-05-07T13:37:00,0.69
wm_0021,walmart,"Great VaIue 100% Orange Juic No Pulp, 52 fl oz",great vaiue 100% orange juic no pulp 52 fl oz,Great Value,Great Value,Beverages,beverages,unknown,beverages,3.55,,,52.0,fl oz,1,52.0,fl_oz,52.0,52.0,volume,fl_oz,unknown,False,True,True,"{""caffeine"": ""unknown"", ""carbonated"": ""unknown"", ""diet_type"": ""regular"", ""flavor"": ""orange"", ""package_type"": ""unknown""}","{""attributes"": 1.0, ""brand"": 1.0, ""needs_review"": true, ""overall"": 0.745, ""product_type"": 0.3, ""quantity"": 1.0, ""warnings"": [""product_type is unknown"", ""package_type is unknown""]}",0.745,True,"[""product_type""]","[""product_type is unknown"", ""package_type is unknown""]",https://example.com/walmart/products/wm_0021,2026-05-07T12:46:00,2.56
wm_0022,walmart,"Buy 2 save $1 Great Value Baby-Cut Carrots, 1 lb",buy 2 save 1 great value baby cut carrots 1 lb,Great Value,Great Value,Produce,produce,carrots,produce,1.86,,Buy 2 save $1,1.0,lb,1,1.0,lb,16.0,16.0,weight,oz,unknown,False,True,True,"{""organic"": false, ""package_type"": ""unknown"", ""produce_form"": ""unknown"", ""unit_basis"": ""unknown"", ""variety"": ""unknown""}","{""attributes"": 0.5, ""brand"": 1.0, ""needs_review"": true, ""overall"": 0.875, ""product_type"": 1.0, ""quantity"": 1.0, ""warnings"": [""missing required attributes: produce_form, unit_basis""]}",0.875,True,"[""produce_form"", ""unit_basis""]","[""missing required attributes: produce_form, unit_basis""]",https://example.com/walmart/products/wm_0022,2026-05-07T11:55:00,1.07
wm_0023,walmart,"Save $1 Great Value Original Cream Cheese, 8 oz",save 1 great value original cream cheese 8 oz,Great Value,Great Value,Dairy & Eggs,unknown,cheese,cheese,2.1,0.2625,Save $1,8.0,oz,1,8.0,oz,8.0,8.0,weight,oz,unknown,False,True,True,"{""flavor"": ""original"", ""organic"": false, ""package_type"": ""unknown""}","{""attributes"": 1.0, ""brand"": 1.0, ""needs_review"": false, ""overall"": 1.0, ""product_type"": 1.0, ""quantity"": 1.0, ""warnings"": []}",1.0,False,[],[],https://example.com/walmart/products/wm_0023,2026-05-07T11:04:00,1.62
wm_0024,walmart,"Great Value Extra Virgin Olive Oil, 17 fl oz",great value extra virgin olive oil 17 fl oz,Great Value,Great Value,Pantry,pantry,olive_oil,pantry,7.2,0.4235,Save $1,17.0,fl oz,1,17.0,fl_oz,17.0,17.0,volume,fl_oz,unknown,False,True,True,"{""flavor"": ""unknown"", ""organic"": false, ""package_type"": ""unknown""}","{""attributes"": 1.0, ""brand"": 1.0, ""needs_review"": false, ""overall"": 0.92, ""product_type"": 1.0, ""quantity"": 1.0, ""warnings"": [""package_type is unknown""]}",0.92,False,[],"[""package_type is unknown""]",https://example.com/walmart/products/wm_0024,2026-05-07T09:56:00,4.4
wm_0025,walmart,Coca-Cola Zero Sugar Soda 12-Pack 12 fl oz,coca cola zero sugar soda 12 pack 12 fl oz,Coca-Cola,Coca-Cola,Beverages,beverages,soda,beverages,7.84,0.0544,Rollback,12.0,fl oz,12,12.0,fl_oz,12.0,144.0,volume,fl_oz,unknown,False,False,False,"{""caffeine"": ""caffeinated"", ""carbonated"": true, ""diet_type"": ""zero_sugar"", ""flavor"": ""zero_sugar"", ""package_type"": ""unknown""}","{""attributes"": 1.0, ""brand"": 1.0, ""needs_review"": false, ""overall"": 0.92, ""product_type"": 1.0, ""quantity"": 1.0, ""warnings"": [""package_type is unknown""]}",0.92,False,[],"[""package_type is unknown""]",https://example.com/walmart/products/wm_0025,2026-05-07T07:57:00,5.05
wm_0026,walmart,Save $1 Coca-CoIa Zro Sugar Soda 6-Pack 12 fl oz,save 1 coca coia zro sugar soda 6 pack 12 fl oz,Coca-Cola,Coca-Cola,Beverages,beverages,unknown,beverages,5.01,0.0696,Save $1,12.0,fl oz,6,12.0,fl_oz,12.0,72.0,volume,fl_oz,unknown,False,False,False,"{""caffeine"": ""unknown"", ""carbonated"": true, ""diet_type"": ""regular"", ""flavor"": ""classic"", ""package_type"": ""unknown""}","{""attributes"": 1.0, ""brand"": 1.0, ""needs_review"": true, ""overall"": 0.745, ""product_type"": 0.3, ""quantity"": 1.0, ""warnings"": [""product_type is unknown"", ""package_type is unknown""]}",0.745,True,"[""product_type""]","[""product_type is unknown"", ""package_type is unknown""]",https://example.com/walmart/products/wm_0026,2026-05-07T07:06:00,3.58
wm_0027,walmart,Coca-Cola Classic 12-Pack 12 fl oz Cans,coca cola classic 12 pack 12 fl oz cans,Coca-Cola,Coca-Cola,Beverages,beverages,soda,beverages,7.62,0.0529,Rollback,12.0,fl oz,12,12.0,fl_oz,12.0,144.0,volume,fl_oz,can,False,False,False,"{""caffeine"": ""caffeinated"", ""carbonated"": true, ""diet_type"": ""regular"", ""flavor"": ""classic"", ""package_type"": ""can""}","{""attributes"": 1.0, ""brand"": 1.0, ""needs_review"": false, ""overall"": 1.0, ""product_type"": 1.0, ""quantity"": 1.0, ""warnings"": []}",1.0,False,[],[],https://example.com/walmart/products/wm_0027,2026-05-07T05:58:00,5.31
wm_0028,walmart,"Coca-Cola Classic, 2 L",coca cola classic 2 l,Coca-Cola,Coca-Cola,Beverages,beverages,soda,beverages,2.45,,Buy 2 save $1,2.0,liter,1,2.0,liter,67.628,67.628,volume,fl_oz,unknown,False,False,False,"{""caffeine"": ""caffeinated"", ""carbonated"": true, ""diet_type"": ""regular"", ""flavor"": ""classic"", ""package_type"": ""unknown""}","{""attributes"": 1.0, ""brand"": 1.0, ""needs_review"": false, ""overall"": 0.92, ""product_type"": 1.0, ""quantity"": 1.0, ""warnings"": [""package_type is unknown""]}",0.92,False,[],"[""package_type is unknown""]",https://example.com/walmart/products/wm_0028,2026-05-07T05:07:00,1.78
wm_0029,walmart,Diet Coke Soda 12-Pack 12 fl oz,diet coke soda 12 pack 12 fl oz,Coca-Cola,Coca-Cola,Beverages,beverages,soda,beverages,7.77,,Save $2,12.0,fl oz,12,12.0,fl_oz,12.0,144.0,volume,fl_oz,unknown,False,False,False,"{""caffeine"": ""caffeinated"", ""carbonated"": true, ""diet_type"": ""diet"", ""flavor"": ""diet"", ""package_type"": ""unknown""}","{""attributes"": 1.0, ""brand"": 1.0, ""needs_review"": false, ""overall"": 0.92, ""product_type"": 1.0, ""quantity"": 1.0, ""warnings"": [""package_type is unknown""]}",0.92,False,[],"[""package_type is unknown""]",https://example.com/walmart/products/wm_0029,2026-05-07T04:16:00,5.71
wm_0030,walmart,Sprite Lemon Lime Soda 12-Pack 12 fl oz,sprite lemon lime soda 12 pack 12 fl oz,Sprite,Sprite,Beverages,beverages,soda,beverages,7.16,,Buy 2 save $1,12.0,fl oz,12,12.0,fl_oz,12.0,144.0,volume,fl_oz,unknown,False,False,False,"{""caffeine"": ""unknown"", ""carbonated"": true, ""diet_type"": ""regular"", ""flavor"": ""lemon_lime"", ""package_type"": ""unknown""}","{""attributes"": 1.0, ""brand"": 1.0, ""needs_review"": false, ""overall"": 0.92, ""product_type"": 1.0, ""quantity"": 1.0, ""warnings"": [""package_type is unknown""]}",0.92,False,[],"[""package_type is unknown""]",https://example.com/walmart/products/wm_0030,2026-05-07T03:25:00,5.05
wm_0031,walmart,Save $2 Pepsi Soda 12-Pack 12 fl oz,save 2 pepsi soda 12 pack 12 fl oz,Pepsi,Pepsi,Beverages,beverages,soda,beverages,8.15,,Save $2,12.0,fl oz,12,12.0,fl_oz,12.0,144.0,volume,fl_oz,unknown,False,False,False,"{""caffeine"": ""caffeinated"", ""carbonated"": true, ""diet_type"": ""regular"", ""flavor"": ""classic"", ""package_type"": ""unknown""}","{""attributes"": 1.0, ""brand"": 1.0, ""needs_review"": false, ""overall"": 0.92, ""product_type"": 1.0, ""quantity"": 1.0, ""warnings"": [""package_type is unknown""]}",0.92,False,[],"[""package_type is unknown""]",https://example.com/walmart/products/wm_0031,2026-05-07T02:34:00,5.87
wm_0032,walmart,LaCroix Sparkling Water Lime 8-Pack 12 fl oz Cans,lacroix sparkling water lime 8 pack 12 fl oz cans,LaCroix,LaCroix,Beverages,beverages,sparkling_water,beverages,3.66,,,12.0,fl oz,8,12.0,fl_oz,12.0,96.0,volume,fl_oz,can,False,False,False,"{""caffeine"": ""unknown"", ""carbonated"": true, ""diet_type"": ""regular"", ""flavor"": ""lime"", ""package_type"": ""can""}","{""attributes"": 1.0, ""brand"": 1.0, ""needs_review"": false, ""overall"": 1.0, ""product_type"": 1.0, ""quantity"": 1.0, ""warnings"": []}",1.0,False,[],[],https://example.com/walmart/products/wm_0032,2026-05-07T01:26:00,2.19
wm_0033,walmart,LaCroix Sparkling Water Lime 12-Pack 12 fl oz,lacroix sparkling water lime 12 pack 12 fl oz,LaCroix,LaCroix,Beverages,beverages,sparkling_water,beverages,4.97,0.0345,Rollback,12.0,fl oz,12,12.0,fl_oz,12.0,144.0,volume,fl_oz,unknown,False,False,False,"{""caffeine"": ""unknown"", ""carbonated"": true, ""diet_type"": ""regular"", ""flavor"": ""lime"", ""package_type"": ""unknown""}","{""attributes"": 1.0, ""brand"": 1.0, ""needs_review"": false, ""overall"": 0.92, ""product_type"": 1.0, ""quantity"": 1.0, ""warnings"": [""package_type is unknown""]}",0.92,False,[],"[""package_type is unknown""]",https://example.com/walmart/products/wm_0033,2026-05-07T00:35:00,3.58
wm_0034,walmart,"Silk Unsweetened Almondmilk, 64 fl oz",silk unsweetened almondmilk 64 fl oz,Silk,Silk,Dairy & Eggs,unknown,almond_milk,plant_based_milk,4.26,0.0666,Rollback,64.0,fl oz,1,64.0,fl_oz,64.0,64.0,volume,fl_oz,unknown,False,False,False,"{""barista_style"": false, ""base"": ""almond"", ""package_type"": ""unknown"", ""sweetness"": ""unsweetened""}","{""attributes"": 1.0, ""brand"": 1.0, ""needs_review"": false, ""overall"": 0.92, ""product_type"": 1.0, ""quantity"": 1.0, ""warnings"": [""package_type is unknown""]}",0.92,False,[],"[""package_type is unknown""]",https://example.com/walmart/products/wm_0034,2026-05-06T22:36:00,2.43
wm_0035,walmart,Silk Original Soymilk 64 fl oz,silk original soymilk 64 fl oz,Silk,Silk,Dairy & Eggs,unknown,soy_milk,plant_based_milk,3.58,,Save $2,64.0,fl oz,1,64.0,fl_oz,64.0,64.0,volume,fl_oz,unknown,False,False,False,"{""barista_style"": false, ""base"": ""soy"", ""package_type"": ""unknown"", ""sweetness"": ""original""}","{""attributes"": 1.0, ""brand"": 1.0, ""needs_review"": false, ""overall"": 0.92, ""product_type"": 1.0, ""quantity"": 1.0, ""warnings"": [""package_type is unknown""]}",0.92,False,[],"[""package_type is unknown""]",https://example.com/walmart/products/wm_0035,2026-05-06T21:45:00,2.19
wm_0036,walmart,"Horizon Organic Whole Milk, 64 fl oz",horizon organic whole milk 64 fl oz,Horizon Organic,Horizon Organic,Dairy & Eggs,unknown,milk,dairy_milk,4.44,0.0694,Save $2,64.0,fl oz,1,64.0,fl_oz,64.0,64.0,volume,fl_oz,unknown,True,False,False,"{""fat_content"": ""whole"", ""lactose_free"": false, ""organic"": true, ""package_type"": ""unknown""}","{""attributes"": 1.0, ""brand"": 1.0, ""needs_review"": false, ""overall"": 0.92, ""product_type"": 1.0, ""quantity"": 1.0, ""warnings"": [""package_type is unknown""]}",0.92,False,[],"[""package_type is unknown""]",https://example.com/walmart/products/wm_0036,2026-05-06T18:55:00,3.09
wm_0037,walmart,Horizon Organic 2% Reduced Fat Milk 1 gal,horizon organic 2% reduced fat milk 1 gal,Horizon Organic,Horizon Organic,Dairy & Eggs,unknown,milk,dairy_milk,6.51,6.51,Save $2,1.0,gal,1,1.0,gal,128.0,128.0,volume,fl_oz,unknown,True,False,False,"{""fat_content"": ""two_percent"", ""lactose_free"": false, ""organic"": true, ""package_type"": ""unknown""}","{""attributes"": 1.0, ""brand"": 1.0, ""needs_review"": false, ""overall"": 0.92, ""product_type"": 1.0, ""quantity"": 1.0, ""warnings"": [""package_type is unknown""]}",0.92,False,[],"[""package_type is unknown""]",https://example.com/walmart/products/wm_0037,2026-05-06T18:04:00,3.74
wm_0038,walmart,"Fairlife Lactose Free 2% Ultra-Filtered Milk, 52 fl oz",fairlife lactose free 2% ultra filtered milk 52 fl oz,Fairlife,Fairlife,Dairy & Eggs,unknown,milk,dairy_milk,3.98,0.0765,,52.0,fl oz,1,52.0,fl_oz,52.0,52.0,volume,fl_oz,unknown,False,False,False,"{""fat_content"": ""unknown"", ""lactose_free"": true, ""organic"": false, ""package_type"": ""unknown""}","{""attributes"": 0.75, ""brand"": 1.0, ""needs_review"": true, ""overall"": 0.858, ""product_type"": 1.0, ""quantity"": 1.0, ""warnings"": [""missing required attributes: fat_content"", ""package_type is unknown""]}",0.858,True,"[""fat_content""]","[""missing required attributes: fat_content"", ""package_type is unknown""]",https://example.com/walmart/products/wm_0038,2026-05-06T17:13:00,2.97
wm_0039,walmart,"Chobani Non-Fat Greek Yogurt, Blueberry, 5.3 oz",chobani non fat greek yogurt blueberry 5.3 oz,Chobani,Chobani,Dairy & Eggs,unknown,greek_yogurt,yogurt,1.3,0.2453,,5.3,oz,1,5.3,oz,5.3,5.3,weight,oz,unknown,False,False,False,"{""fat_content"": ""unknown"", ""flavor"": ""blueberry"", ""multi_pack"": false, ""organic"": false, ""package_type"": ""unknown"", ""style"": ""greek""}","{""attributes"": 1.0, ""brand"": 1.0, ""needs_review"": false, ""overall"": 0.92, ""product_type"": 1.0, ""quantity"": 1.0, ""warnings"": [""package_type is unknown""]}",0.92,False,[],"[""package_type is unknown""]",https://example.com/walmart/products/wm_0039,2026-05-06T16:05:00,0.76
wm_0040,walmart,Chobani Non-Fat Greek Yogurt Blueberry 4-Pack 5.3 oz Cups,chobani non fat greek yogurt blueberry 4 pack 5.3 oz cups,Chobani,Chobani,Dairy & Eggs,unknown,greek_yogurt,yogurt,5.57,,Save $1,5.3,oz,4,5.3,oz,5.3,21.2,weight,oz,cup,False,False,False,"{""fat_content"": ""unknown"", ""flavor"": ""blueberry"", ""multi_pack"": true, ""organic"": false, ""package_type"": ""cup"", ""style"": ""greek""}","{""attributes"": 1.0, ""brand"": 1.0, ""needs_review"": false, ""overall"": 1.0, ""product_type"": 1.0, ""quantity"": 1.0, ""warnings"": []}",1.0,False,[],[],https://example.com/walmart/products/wm_0040,2026-05-06T15:14:00,4.07
wm_0041,walmart,"Chobani Non-Fat Greek Yogurt, Strawberry, 5.3 oz",chobani non fat greek yogurt strawberry 5.3 oz,Chobani,Chobani,Dairy & Eggs,unknown,greek_yogurt,yogurt,1.29,0.2434,Save $2,5.3,oz,1,5.3,oz,5.3,5.3,weight,oz,unknown,False,False,False,"{""fat_content"": ""unknown"", ""flavor"": ""strawberry"", ""multi_pack"": false, ""organic"": false, ""package_type"": ""unknown"", ""style"": ""greek""}","{""attributes"": 1.0, ""brand"": 1.0, ""needs_review"": false, ""overall"": 0.92, ""product_type"": 1.0, ""quantity"": 1.0, ""warnings"": [""package_type is unknown""]}",0.92,False,[],"[""package_type is unknown""]",https://example.com/walmart/products/wm_0041,2026-05-06T14:06:00,0.75
wm_0042,walmart,"Cheerios Original Cereal, 12 oz Box",cheerios original cereal 12 oz box,Cheerios,Cheerios,Breakfast & Cereal,pantry,cereal,pantry,3.71,0.3092,Save $2,12.0,oz,1,12.0,oz,12.0,12.0,weight,oz,box,False,False,False,"{""flavor"": ""original"", ""organic"": false, ""package_type"": ""box""}","{""attributes"": 1.0, ""brand"": 1.0, ""needs_review"": false, ""overall"": 1.0, ""product_type"": 1.0, ""quantity"": 1.0, ""warnings"": []}",1.0,False,[],[],https://example.com/walmart/products/wm_0042,2026-05-06T12:07:00,2.35
wm_0043,walmart,"Honey Nut Cheerios Cereal, 10.8 oz",honey nut cheerios cereal 10.8 oz,Cheerios,Cheerios,Breakfast & Cereal,pantry,cereal,pantry,4.05,0.375,Rollback,10.8,oz,1,10.8,oz,10.8,10.8,weight,oz,unknown,False,False,False,"{""flavor"": ""honey_nut"", ""organic"": false, ""package_type"": ""unknown""}","{""attributes"": 1.0, ""brand"": 1.0, ""needs_review"": false, ""overall"": 0.92, ""product_type"": 1.0, ""quantity"": 1.0, ""warnings"": [""package_type is unknown""]}",0.92,False,[],"[""package_type is unknown""]",https://example.com/walmart/products/wm_0043,2026-05-06T11:16:00,3.12
wm_0044,walmart,"Kellogg's Frosted Flakes Cereal, 13.5 oz",kellogg s frosted flakes cereal 13.5 oz,Kellogg's,Kellogg S,Breakfast & Cereal,pantry,cereal,pantry,4.4,,Rollback,13.5,oz,1,13.5,oz,13.5,13.5,weight,oz,unknown,False,False,False,"{""flavor"": ""unknown"", ""organic"": false, ""package_type"": ""unknown""}","{""attributes"": 1.0, ""brand"": 1.0, ""needs_review"": false, ""overall"": 0.92, ""product_type"": 1.0, ""quantity"": 1.0, ""warnings"": [""package_type is unknown""]}",0.92,False,[],"[""package_type is unknown""]",https://example.com/walmart/products/wm_0044,2026-05-06T10:25:00,2.46
wm_0045,walmart,"Quaker Oats Old Fashioned, 42 oz",quaker oats old fashioned 42 oz,Quaker,Quaker,Breakfast & Cereal,pantry,cereal,pantry,5.48,,Save $1,42.0,oz,1,42.0,oz,42.0,42.0,weight,oz,unknown,False,False,False,"{""flavor"": ""unknown"", ""organic"": false, ""package_type"": ""unknown""}","{""attributes"": 1.0, ""brand"": 1.0, ""needs_review"": false, ""overall"": 0.92, ""product_type"": 1.0, ""quantity"": 1.0, ""warnings"": [""package_type is unknown""]}",0.92,False,[],"[""package_type is unknown""]",https://example.com/walmart/products/wm_0045,2026-05-06T09:17:00,3.79
wm_0046,walmart,"Tostitos Scoops Tortilla Chips, 10 oz Bag",tostitos scoops tortilla chips 10 oz bag,Tostitos,Tostitos,Snacks,snacks,chips,snacks,4.13,0.413,Rollback,10.0,oz,1,10.0,oz,10.0,10.0,weight,oz,bag,False,False,False,"{""flavor"": ""unknown"", ""organic"": false, ""package_type"": ""bag""}","{""attributes"": 1.0, ""brand"": 1.0, ""needs_review"": false, ""overall"": 1.0, ""product_type"": 1.0, ""quantity"": 1.0, ""warnings"": []}",1.0,False,[],[],https://example.com/walmart/products/wm_0046,2026-05-06T08:43:00,2.42
wm_0047,walmart,"Doritos Nacho Cheese Flavored Tortilla Chips, 9.25 oz",doritos nacho cheese flavored tortilla chips 9.25 oz,Doritos,Doritos,Snacks,snacks,cheese,cheese,4.89,,,9.25,oz,1,9.25,oz,9.25,9.25,weight,oz,unknown,False,False,False,"{""flavor"": ""nacho_cheese"", ""organic"": false, ""package_type"": ""unknown""}","{""attributes"": 1.0, ""brand"": 1.0, ""needs_review"": false, ""overall"": 0.85, ""product_type"": 1.0, ""quantity"": 1.0, ""warnings"": [""raw category family snacks conflicts with inferred family cheese""]}",0.85,False,[],"[""raw category family snacks conflicts with inferred family cheese""]",https://example.com/walmart/products/wm_0047,2026-05-06T07:52:00,3.55
wm_0048,walmart,"Lay's Cla$sic Potato Chip$, 8 oz Bag",lay s cla sic potato chip 8 oz bag,Lay's,Lay's,Snacks,snacks,unknown,snacks,4.03,,,8.0,oz,1,8.0,oz,8.0,8.0,weight,oz,bag,False,False,False,"{""flavor"": ""unknown"", ""organic"": false, ""package_type"": ""bag""}","{""attributes"": 1.0, ""brand"": 1.0, ""needs_review"": true, ""overall"": 0.825, ""product_type"": 0.3, ""quantity"": 1.0, ""warnings"": [""product_type is unknown""]}",0.825,True,"[""product_type""]","[""product_type is unknown""]",https://example.com/walmart/products/wm_0048,2026-05-06T07:01:00,2.81
wm_0049,walmart,"OREO Chocolate Sandwich Cookies, 14.3 oz",oreo chocolate sandwich cookies 14.3 oz,Oreo,Oreo,Snacks,snacks,cookies,snacks,4.63,0.3238,Rollback,14.3,oz,1,14.3,oz,14.3,14.3,weight,oz,unknown,False,False,False,"{""flavor"": ""unknown"", ""organic"": false, ""package_type"": ""unknown""}","{""attributes"": 1.0, ""brand"": 1.0, ""needs_review"": false, ""overall"": 0.92, ""product_type"": 1.0, ""quantity"": 1.0, ""warnings"": [""package_type is unknown""]}",0.92,False,[],"[""package_type is unknown""]",https://example.com/walmart/products/wm_0049,2026-05-06T06:10:00,3.14
wm_0050,walmart,"RITZ Original Crackers, 13.7 oz",ritz original crackers 13.7 oz,Ritz,Ritz,Snacks,snacks,crackers,snacks,3.3,,Save $1,13.7,oz,1,13.7,oz,13.7,13.7,weight,oz,unknown,False,False,False,"{""flavor"": ""original"", ""organic"": false, ""package_type"": ""unknown""}","{""attributes"": 1.0, ""brand"": 1.0, ""needs_review"": false, ""overall"": 0.92, ""product_type"": 1.0, ""quantity"": 1.0, ""warnings"": [""package_type is unknown""]}",0.92,False,[],"[""package_type is unknown""]",https://example.com/walmart/products/wm_0050,2026-05-06T05:19:00,2.55
wm_0051,walmart,"Cheez-It Original Cheese Crackers, 12.4 oz",cheez it original cheese crackers 12.4 oz,Cheez-It,Cheez-It,Snacks,snacks,crackers,snacks,3.74,0.3016,,12.4,oz,1,12.4,oz,12.4,12.4,weight,oz,unknown,False,False,False,"{""flavor"": ""original"", ""organic"": false, ""package_type"": ""unknown""}","{""attributes"": 1.0, ""brand"": 1.0, ""needs_review"": false, ""overall"": 0.92, ""product_type"": 1.0, ""quantity"": 1.0, ""warnings"": [""package_type is unknown""]}",0.92,False,[],"[""package_type is unknown""]",https://example.com/walmart/products/wm_0051,2026-05-06T04:28:00,2.53
wm_0052,walmart,"Skippy Creamy Peanut Butter, 16.3 oz",skippy creamy peanut butter 16.3 oz,Skippy,Skippy,Pantry,pantry,peanut_butter,pantry,3.15,0.1933,,16.3,oz,1,16.3,oz,16.3,16.3,weight,oz,unknown,False,False,False,"{""flavor"": ""unknown"", ""organic"": false, ""package_type"": ""unknown""}","{""attributes"": 1.0, ""brand"": 1.0, ""needs_review"": false, ""overall"": 0.92, ""product_type"": 1.0, ""quantity"": 1.0, ""warnings"": [""package_type is unknown""]}",0.92,False,[],"[""package_type is unknown""]",https://example.com/walmart/products/wm_0052,2026-05-06T03:37:00,1.85
wm_0053,walmart,"Jif Creamy Peanut Butter, 16 oz",jif creamy peanut butter 16 oz,Jif,Jif,Pantry,pantry,peanut_butter,pantry,2.88,,,16.0,oz,1,16.0,oz,16.0,16.0,weight,oz,unknown,False,False,False,"{""flavor"": ""unknown"", ""organic"": false, ""package_type"": ""unknown""}","{""attributes"": 1.0, ""brand"": 1.0, ""needs_review"": false, ""overall"": 0.92, ""product_type"": 1.0, ""quantity"": 1.0, ""warnings"": [""package_type is unknown""]}",0.92,False,[],"[""package_type is unknown""]",https://example.com/walmart/products/wm_0053,2026-05-06T02:29:00,2.14
wm_0054,walmart,"Heinz Tomato Ketchup, 20 oz",heinz tomato ketchup 20 oz,Heinz,Heinz,Pantry,pantry,condiments,pantry,3.01,,Rollback,20.0,oz,1,20.0,oz,20.0,20.0,weight,oz,unknown,False,False,False,"{""flavor"": ""unknown"", ""organic"": false, ""package_type"": ""unknown""}","{""attributes"": 1.0, ""brand"": 1.0, ""needs_review"": false, ""overall"": 0.92, ""product_type"": 1.0, ""quantity"": 1.0, ""warnings"": [""package_type is unknown""]}",0.92,False,[],"[""package_type is unknown""]",https://example.com/walmart/products/wm_0054,2026-05-06T01:38:00,2.02
wm_0055,walmart,"Hellmann's Real Mayonnaise, 30 oz",hellmann s real mayonnaise 30 oz,Hellmann's,Hellmann's,Pantry,pantry,condiments,pantry,5.97,0.199,Save $1,30.0,oz,1,30.0,oz,30.0,30.0,weight,oz,unknown,False,False,False,"{""flavor"": ""unknown"", ""organic"": false, ""package_type"": ""unknown""}","{""attributes"": 1.0, ""brand"": 1.0, ""needs_review"": false, ""overall"": 0.92, ""product_type"": 1.0, ""quantity"": 1.0, ""warnings"": [""package_type is unknown""]}",0.92,False,[],"[""package_type is unknown""]",https://example.com/walmart/products/wm_0055,2026-05-06T00:47:00,4.21
wm_0056,walmart,"Kraft Original Mac & Cheese Dinner, 7.25 oz",kraft original mac and cheese dinner 7.25 oz,Kraft,Kraft,Pantry,pantry,cheese,cheese,1.37,0.189,,7.25,oz,1,7.25,oz,7.25,7.25,weight,oz,unknown,False,False,False,"{""flavor"": ""original"", ""organic"": false, ""package_type"": ""unknown""}","{""attributes"": 1.0, ""brand"": 1.0, ""needs_review"": false, ""overall"": 0.85, ""product_type"": 1.0, ""quantity"": 1.0, ""warnings"": [""raw category family pantry conflicts with inferred family cheese""]}",0.85,False,[],"[""raw category family pantry conflicts with inferred family cheese""]",https://example.com/walmart/products/wm_0056,2026-05-05T23:56:00,0.92
wm_0057,walmart,"Barilla Spaghetti, 16 oz",barilla spaghetti 16 oz,Barilla,Barilla,Pantry,pantry,pasta,pantry,1.7,,,16.0,oz,1,16.0,oz,16.0,16.0,weight,oz,unknown,False,False,False,"{""flavor"": ""unknown"", ""organic"": false, ""package_type"": ""unknown""}","{""attributes"": 1.0, ""brand"": 1.0, ""needs_review"": false, ""overall"": 0.92, ""product_type"": 1.0, ""quantity"": 1.0, ""warnings"": [""package_type is unknown""]}",0.92,False,[],"[""package_type is unknown""]",https://example.com/walmart/products/wm_0057,2026-05-05T22:48:00,1.29
wm_0058,walmart,DiGiorno Pepperoni Frozen Pizza Original Rising Crust 27.5 oz,digiorno pepperoni frozen pizza original rising crust 27.5 oz,DiGiorno,DiGiorno,Frozen Foods,frozen,frozen_pizza,frozen,5.65,0.2055,Save $2,27.5,oz,1,27.5,oz,27.5,27.5,weight,oz,unknown,False,False,False,"{""flavor"": ""original"", ""organic"": false, ""package_type"": ""unknown""}","{""attributes"": 1.0, ""brand"": 1.0, ""needs_review"": false, ""overall"": 0.92, ""product_type"": 1.0, ""quantity"": 1.0, ""warnings"": [""package_type is unknown""]}",0.92,False,[],"[""package_type is unknown""]",https://example.com/walmart/products/wm_0058,2026-05-05T21:06:00,3.63
wm_0059,walmart,"Tombstone Pepperoni Original Frozen Pizza, 18.5 oz",tombstone pepperoni original frozen pizza 18.5 oz,Tombstone,Tombstone,Frozen Foods,frozen,frozen_pizza,frozen,4.28,,,18.5,oz,1,18.5,oz,18.5,18.5,weight,oz,unknown,False,False,False,"{""flavor"": ""original"", ""organic"": false, ""package_type"": ""unknown""}","{""attributes"": 1.0, ""brand"": 1.0, ""needs_review"": false, ""overall"": 0.92, ""product_type"": 1.0, ""quantity"": 1.0, ""warnings"": [""package_type is unknown""]}",0.92,False,[],"[""package_type is unknown""]",https://example.com/walmart/products/wm_0059,2026-05-05T20:15:00,2.87
wm_0060,walmart,"Ben & Jerry's Cherry Garcia Ice Cream, 16 fl oz Pint",ben and jerry s cherry garcia ice cream 16 fl oz pint,Ben & Jerry's,Ben Jerry S,Frozen Foods,frozen,ice_cream,frozen,4.63,0.2894,Save $2,16.0,fl oz,1,16.0,fl_oz,16.0,16.0,volume,fl_oz,unknown,False,False,False,"{""flavor"": ""unknown"", ""organic"": false, ""package_type"": ""unknown""}","{""attributes"": 1.0, ""brand"": 1.0, ""needs_review"": false, ""overall"": 0.92, ""product_type"": 1.0, ""quantity"": 1.0, ""warnings"": [""package_type is unknown""]}",0.92,False,[],"[""package_type is unknown""]",https://example.com/walmart/products/wm_0060,2026-05-05T19:24:00,3.14
wm_0061,walmart,"Haagen-Dazs Vanilla Ice Cream, 14 fl oz",haagen dazs vanilla ice cream 14 fl oz,Häagen-Dazs,Häagen Dazs,Frozen Foods,frozen,ice_cream,frozen,5.35,,,14.0,fl oz,1,14.0,fl_oz,14.0,14.0,volume,fl_oz,unknown,False,False,False,"{""flavor"": ""unknown"", ""organic"": false, ""package_type"": ""unknown""}","{""attributes"": 1.0, ""brand"": 1.0, ""needs_review"": false, ""overall"": 0.92, ""product_type"": 1.0, ""quantity"": 1.0, ""warnings"": [""package_type is unknown""]}",0.92,False,[],"[""package_type is unknown""]",https://example.com/walmart/products/wm_0061,2026-05-05T18:33:00,3.46
wm_0062,walmart,"Tropicana Pure Premium 100% Orange Juice, 52 fl oz",tropicana pure premium 100% orange juice 52 fl oz,Tropicana,Tropicana,Beverages,beverages,orange_juice,beverages,4.03,,Rollback,52.0,fl oz,1,52.0,fl_oz,52.0,52.0,volume,fl_oz,unknown,False,False,False,"{""caffeine"": ""unknown"", ""carbonated"": false, ""diet_type"": ""regular"", ""flavor"": ""orange"", ""package_type"": ""unknown""}","{""attributes"": 1.0, ""brand"": 1.0, ""needs_review"": false, ""overall"": 0.92, ""product_type"": 1.0, ""quantity"": 1.0, ""warnings"": [""package_type is unknown""]}",0.92,False,[],"[""package_type is unknown""]",https://example.com/walmart/products/wm_0062,2026-05-05T17:25:00,3.08
wm_0063,walmart,"Simply Orange Pulp Free 100% Orange Juice, 52 fl oz",simply orange pulp free 100% orange juice 52 fl oz,Simply,Simply,Beverages,beverages,orange_juice,beverages,4.72,,Save $1,52.0,fl oz,1,52.0,fl_oz,52.0,52.0,volume,fl_oz,unknown,False,False,False,"{""caffeine"": ""unknown"", ""carbonated"": false, ""diet_type"": ""regular"", ""flavor"": ""orange"", ""package_type"": ""unknown""}","{""attributes"": 1.0, ""brand"": 1.0, ""needs_review"": false, ""overall"": 0.92, ""product_type"": 1.0, ""quantity"": 1.0, ""warnings"": [""package_type is unknown""]}",0.92,False,[],"[""package_type is unknown""]",https://example.com/walmart/products/wm_0063,2026-05-05T16:34:00,3.28
wm_0064,walmart,"Folgers Classic Roast Ground Coffee, 30.5 oz",folgers classic roast ground coffee 30.5 oz,Folgers,Folgers,Beverages,beverages,coffee,beverages,8.98,,,30.5,oz,1,30.5,oz,30.5,30.5,weight,oz,unknown,False,False,False,"{""caffeine"": ""caffeinated"", ""carbonated"": false, ""diet_type"": ""regular"", ""flavor"": ""classic"", ""package_type"": ""unknown""}","{""attributes"": 1.0, ""brand"": 1.0, ""needs_review"": false, ""overall"": 0.92, ""product_type"": 1.0, ""quantity"": 1.0, ""warnings"": [""package_type is unknown""]}",0.92,False,[],"[""package_type is unknown""]",https://example.com/walmart/products/wm_0064,2026-05-05T15:43:00,5.44
wm_0065,walmart,"Starbucks Pike Place Roast Whole Bean Coffee, 12 oz Bag",starbucks pike place roast whole bean coffee 12 oz bag,Starbucks,Starbucks,Beverages,beverages,coffee,beverages,10.61,,,12.0,oz,1,12.0,oz,12.0,12.0,weight,oz,bag,False,False,False,"{""caffeine"": ""caffeinated"", ""carbonated"": false, ""diet_type"": ""regular"", ""flavor"": ""classic"", ""package_type"": ""bag""}","{""attributes"": 1.0, ""brand"": 1.0, ""needs_review"": false, ""overall"": 1.0, ""product_type"": 1.0, ""quantity"": 1.0, ""warnings"": []}",1.0,False,[],[],https://example.com/walmart/products/wm_0065,2026-05-05T14:52:00,10.76
wm_0066,walmart,"CLIF BAR Chocolate Chip Energy Bars, 6 Pack 2.4 oz",clif bar chocolate chip energy bars 6 pack 2.4 oz,Clif,Clif,Snacks,snacks,unknown,snacks,8.19,,Rollback,2.4,oz,6,2.4,oz,2.4,14.399999999999999,weight,oz,unknown,False,False,False,"{""flavor"": ""unknown"", ""organic"": false, ""package_type"": ""unknown""}","{""attributes"": 1.0, ""brand"": 1.0, ""needs_review"": true, ""overall"": 0.745, ""product_type"": 0.3, ""quantity"": 1.0, ""warnings"": [""product_type is unknown"", ""package_type is unknown""]}",0.745,True,"[""product_type""]","[""product_type is unknown"", ""package_type is unknown""]",https://example.com/walmart/products/wm_0066,2026-05-05T13:10:00,4.82
wm_0067,walmart,"Buy 2 save $1 Driscoll's Strawberries, 1 lb",buy 2 save 1 driscoll s strawberries 1 lb,Driscoll's,Driscoll S,Produce,produce,berries,produce,3.94,,Buy 2 save $1,16.0,oz,1,16.0,oz,16.0,16.0,weight,oz,unknown,False,False,False,"{""organic"": false, ""package_type"": ""unknown"", ""produce_form"": ""unknown"", ""unit_basis"": ""unknown"", ""variety"": ""unknown""}","{""attributes"": 0.5, ""brand"": 1.0, ""needs_review"": true, ""overall"": 0.875, ""product_type"": 1.0, ""quantity"": 1.0, ""warnings"": [""missing required attributes: produce_form, unit_basis""]}",0.875,True,"[""produce_form"", ""unit_basis""]","[""missing required attributes: produce_form, unit_basis""]",https://example.com/walmart/products/wm_0067,2026-05-05T12:19:00,2.99
wm_0068,walmart,"Save $2 Driscoll's Blueberries, 6 oz",save 2 driscoll s blueberries 6 oz,Driscoll's,Driscoll S,Produce,produce,berries,produce,3.84,0.64,Save $2,6.0,oz,1,6.0,oz,6.0,6.0,weight,oz,unknown,False,False,False,"{""organic"": false, ""package_type"": ""unknown"", ""produce_form"": ""unknown"", ""unit_basis"": ""unknown"", ""variety"": ""unknown""}","{""attributes"": 0.5, ""brand"": 1.0, ""needs_review"": true, ""overall"": 0.875, ""product_type"": 1.0, ""quantity"": 1.0, ""warnings"": [""missing required attributes: produce_form, unit_basis""]}",0.875,True,"[""produce_form"", ""unit_basis""]","[""missing required attributes: produce_form, unit_basis""]",https://example.com/walmart/products/wm_0068,2026-05-05T11:28:00,2.44
wm_0069,walmart,"Organic Fuji Apples Loose, per lb",organic fuji apples loose per lb,,unknown,Produce,produce,apples,produce,2.42,,Buy 2 save $1,1.0,lb,1,1.0,lb,16.0,16.0,weight,oz,unknown,True,False,False,"{""organic"": true, ""package_type"": ""unknown"", ""produce_form"": ""unknown"", ""unit_basis"": ""unknown"", ""variety"": ""fuji""}","{""attributes"": 0.5, ""brand"": 0.4, ""needs_review"": true, ""overall"": 0.725, ""product_type"": 1.0, ""quantity"": 1.0, ""warnings"": [""canonical_brand is unknown"", ""missing required attributes: produce_form, unit_basis""]}",0.725,True,"[""produce_form"", ""unit_basis""]","[""canonical_brand is unknown"", ""missing required attributes: produce_form, unit_basis""]",https://example.com/walmart/products/wm_0069,2026-05-05T10:20:00,1.73
wm_0070,walmart,"Save $1 Bananas, per lb",save 1 bananas per lb,,unknown,Produce,produce,bananas,produce,0.53,,Save $1,1.0,lb,1,1.0,lb,16.0,16.0,weight,oz,unknown,False,False,False,"{""organic"": false, ""package_type"": ""unknown"", ""produce_form"": ""unknown"", ""unit_basis"": ""unknown"", ""variety"": ""unknown""}","{""attributes"": 0.5, ""brand"": 0.4, ""needs_review"": true, ""overall"": 0.725, ""product_type"": 1.0, ""quantity"": 1.0, ""warnings"": [""canonical_brand is unknown"", ""missing required attributes: produce_form, unit_basis""]}",0.725,True,"[""produce_form"", ""unit_basis""]","[""canonical_brand is unknown"", ""missing required attributes: produce_form, unit_basis""]",https://example.com/walmart/products/wm_0070,2026-05-05T09:29:00,0.35
wm_0071,walmart,"Bonele$s Sk1nless Chicken Breast, per Ib",bonele s skinless chicken breast per ib,,unknown,Meat,meat_seafood,chicken_breast,meat_seafood,6.2,,Save $1,1.0,lb,1,1.0,lb,16.0,16.0,weight,oz,unknown,False,False,False,"{""animal"": ""chicken"", ""bone_status"": ""unknown"", ""cut"": ""breast"", ""fresh_or_frozen"": ""unknown"", ""organic"": false, ""package_type"": ""unknown"", ""skin_status"": ""skinless""}","{""attributes"": 1.0, ""brand"": 0.4, ""needs_review"": false, ""overall"": 0.85, ""product_type"": 1.0, ""quantity"": 1.0, ""warnings"": [""canonical_brand is unknown""]}",0.85,False,[],"[""canonical_brand is unknown""]",https://example.com/walmart/products/wm_0071,2026-05-05T08:21:00,3.95
wm_0072,walmart,"80% Lean / 20% Ft Ground Beef, 1 lb",80% lean 20% ft ground beef 1 lb,,unknown,Meat,meat_seafood,ground_beef,meat_seafood,5.24,,Save $1,1.0,lb,1,1.0,lb,16.0,16.0,weight,oz,unknown,False,False,False,"{""animal"": ""beef"", ""bone_status"": ""unknown"", ""cut"": ""ground"", ""fresh_or_frozen"": ""unknown"", ""organic"": false, ""package_type"": ""unknown"", ""skin_status"": ""unknown""}","{""attributes"": 1.0, ""brand"": 0.4, ""needs_review"": false, ""overall"": 0.85, ""product_type"": 1.0, ""quantity"": 1.0, ""warnings"": [""canonical_brand is unknown""]}",0.85,False,[],"[""canonical_brand is unknown""]",https://example.com/walmart/products/wm_0072,2026-05-05T07:30:00,3.24
wm_0073,walmart,"Atlantic Salmon Fillet, per lb",atlantic salmon fillet per lb,,unknown,Seafood,meat_seafood,salmon,meat_seafood,12.8,12.8,,1.0,lb,1,1.0,lb,16.0,16.0,weight,oz,unknown,False,False,False,"{""animal"": ""salmon"", ""bone_status"": ""unknown"", ""cut"": ""fillet"", ""fresh_or_frozen"": ""unknown"", ""organic"": false, ""package_type"": ""unknown"", ""skin_status"": ""unknown""}","{""attributes"": 1.0, ""brand"": 0.4, ""needs_review"": false, ""overall"": 0.85, ""product_type"": 1.0, ""quantity"": 1.0, ""warnings"": [""canonical_brand is unknown""]}",0.85,False,[],"[""canonical_brand is unknown""]",https://example.com/walmart/products/wm_0073,2026-05-05T06:22:00,8.9
wm_0074,walmart,LaCroix Sparkling Water Lime 8-Pack 12 fl oz,lacroix sparkling water lime 8 pack 12 fl oz,LaCroix,LaCroix,Beverages,beverages,sparkling_water,beverages,5.67,,Buy 2 save $1,12.0,fl oz,8,12.0,fl_oz,12.0,96.0,volume,fl_oz,unknown,False,False,False,"{""caffeine"": ""unknown"", ""carbonated"": true, ""diet_type"": ""regular"", ""flavor"": ""lime"", ""package_type"": ""unknown""}","{""attributes"": 1.0, ""brand"": 1.0, ""needs_review"": false, ""overall"": 0.92, ""product_type"": 1.0, ""quantity"": 1.0, ""warnings"": [""package_type is unknown""]}",0.92,False,[],"[""package_type is unknown""]",https://example.com/walmart/products/wm_0074,2026-05-05T05:48:00,3.89
wm_0075,walmart,"Great Value Original Almond Milk, 64 fl oz",great value original almond milk 64 fl oz,Great Value,Great Value,Dairy & Eggs,unknown,almond_milk,plant_based_milk,3.19,0.0498,Buy 2 save $1,64.0,fl oz,1,64.0,fl_oz,64.0,64.0,volume,fl_oz,unknown,False,True,True,"{""barista_style"": false, ""base"": ""almond"", ""package_type"": ""unknown"", ""sweetness"": ""original""}","{""attributes"": 1.0, ""brand"": 1.0, ""needs_review"": false, ""overall"": 0.92, ""product_type"": 1.0, ""quantity"": 1.0, ""warnings"": [""package_type is unknown""]}",0.92,False,[],"[""package_type is unknown""]",https://example.com/walmart/products/wm_0075,2026-05-05T04:57:00,2.32
wm_0076,walmart,"Chobani Non-Fat Greek Yogurt, Strawberry, 5.3 oz",chobani non fat greek yogurt strawberry 5.3 oz,Chobani,Chobani,Dairy & Eggs,unknown,greek_yogurt,yogurt,1.14,0.2151,Rollback,5.3,oz,1,5.3,oz,5.3,5.3,weight,oz,unknown,False,False,False,"{""fat_content"": ""unknown"", ""flavor"": ""strawberry"", ""multi_pack"": false, ""organic"": false, ""package_type"": ""unknown"", ""style"": ""greek""}","{""attributes"": 1.0, ""brand"": 1.0, ""needs_review"": false, ""overall"": 0.92, ""product_type"": 1.0, ""quantity"": 1.0, ""warnings"": [""package_type is unknown""]}",0.92,False,[],"[""package_type is unknown""]",https://example.com/walmart/products/wm_0076,2026-05-05T04:23:00,0.74
wm_0077,walmart,Great Value Frozen Broccoli Florets 12 oz,great value frozen broccoli florets 12 oz,Great Value,Great Value,Frozen Foods,frozen,unknown,frozen,1.19,0.0992,Save $1,12.0,oz,1,12.0,oz,12.0,12.0,weight,oz,unknown,False,True,True,"{""flavor"": ""unknown"", ""organic"": false, ""package_type"": ""unknown""}","{""attributes"": 1.0, ""brand"": 1.0, ""needs_review"": true, ""overall"": 0.745, ""product_type"": 0.3, ""quantity"": 1.0, ""warnings"": [""product_type is unknown"", ""package_type is unknown""]}",0.745,True,"[""product_type""]","[""product_type is unknown"", ""package_type is unknown""]",https://example.com/walmart/products/wm_0077,2026-05-04T10:49:00,0.83
wm_0078,walmart,Great Value 2% Reduced Fat Milk 1 gal,great value 2% reduced fat milk 1 gal,Great Value,Great Value,Dairy & Eggs,unknown,milk,dairy_milk,3.14,3.14,Save $2,1.0,gal,1,1.0,gal,128.0,128.0,volume,fl_oz,unknown,False,True,True,"{""fat_content"": ""two_percent"", ""lactose_free"": false, ""organic"": false, ""package_type"": ""unknown""}","{""attributes"": 1.0, ""brand"": 1.0, ""needs_review"": false, ""overall"": 0.92, ""product_type"": 1.0, ""quantity"": 1.0, ""warnings"": [""package_type is unknown""]}",0.92,False,[],"[""package_type is unknown""]",https://example.com/walmart/products/wm_0078,2026-05-04T10:32:00,2.07
wm_0079,walmart,Marketside Caesar Salad Kit 9.8 oz,marketside caesar salad kit 9.8 oz,Marketside,Marketside,Produce,produce,unknown,produce,3.42,0.349,Save $1,9.8,oz,1,9.8,oz,9.8,9.8,weight,oz,unknown,False,True,False,"{""organic"": false, ""package_type"": ""unknown"", ""produce_form"": ""unknown"", ""unit_basis"": ""unknown"", ""variety"": ""unknown""}","{""attributes"": 0.5, ""brand"": 1.0, ""needs_review"": true, ""overall"": 0.7, ""product_type"": 0.3, ""quantity"": 1.0, ""warnings"": [""product_type is unknown"", ""missing required attributes: produce_form, unit_basis""]}",0.7,True,"[""product_type"", ""produce_form"", ""unit_basis""]","[""product_type is unknown"", ""missing required attributes: produce_form, unit_basis""]",https://example.com/walmart/products/wm_0079,2026-05-04T10:15:00,3.35
wm_0080,walmart,Great Value Cinnamon Toast Crunch Style Cereal 12 oz,great value cinnamon toast crunch style cereal 12 oz,Great Value,Great Value,Breakfast & Cereal,pantry,cereal,pantry,2.46,0.205,,12.0,oz,1,12.0,oz,12.0,12.0,weight,oz,unknown,False,True,True,"{""flavor"": ""unknown"", ""organic"": false, ""package_type"": ""unknown""}","{""attributes"": 1.0, ""brand"": 1.0, ""needs_review"": false, ""overall"": 0.92, ""product_type"": 1.0, ""quantity"": 1.0, ""warnings"": [""package_type is unknown""]}",0.92,False,[],"[""package_type is unknown""]",https://example.com/walmart/products/wm_0080,2026-05-04T09:58:00,1.65
wm_0081,walmart,Great Value Apple Juice 64 fl oz,great value apple juice 64 fl oz,Great Value,Great Value,Beverages,beverages,apples,produce,2.09,,Save $2,64.0,fl oz,1,64.0,fl_oz,64.0,64.0,volume,fl_oz,unknown,False,True,True,"{""organic"": false, ""package_type"": ""unknown"", ""produce_form"": ""unknown"", ""unit_basis"": ""unknown"", ""variety"": ""unknown""}","{""attributes"": 0.5, ""brand"": 1.0, ""needs_review"": true, ""overall"": 0.725, ""product_type"": 1.0, ""quantity"": 1.0, ""warnings"": [""missing required attributes: produce_form, unit_basis"", ""raw category family beverages conflicts with inferred family produce""]}",0.725,True,"[""produce_form"", ""unit_basis""]","[""missing required attributes: produce_form, unit_basis"", ""raw category family beverages conflicts with inferred family produce""]",https://example.com/walmart/products/wm_0081,2026-05-04T09:41:00,1.54
wm_0082,walmart,Great Value Saltine Crackers 16 oz,great value saltine crackers 16 oz,Great Value,Great Value,Snacks,snacks,crackers,snacks,1.4,,Buy 2 save $1,16.0,oz,1,16.0,oz,16.0,16.0,weight,oz,unknown,False,True,True,"{""flavor"": ""unknown"", ""organic"": false, ""package_type"": ""unknown""}","{""attributes"": 1.0, ""brand"": 1.0, ""needs_review"": false, ""overall"": 0.92, ""product_type"": 1.0, ""quantity"": 1.0, ""warnings"": [""package_type is unknown""]}",0.92,False,[],"[""package_type is unknown""]",https://example.com/walmart/products/wm_0082,2026-05-04T09:24:00,1.04
wm_0083,walmart,Great Value Whole Milk Mozzarella Shredded 16 oz,great value whole milk mozzarella shredded 16 oz,Great Value,Great Value,Dairy & Eggs,unknown,milk,dairy_milk,3.96,,,16.0,oz,1,16.0,oz,16.0,16.0,weight,oz,unknown,False,True,True,"{""fat_content"": ""whole"", ""lactose_free"": false, ""organic"": false, ""package_type"": ""unknown""}","{""attributes"": 1.0, ""brand"": 1.0, ""needs_review"": false, ""overall"": 0.92, ""product_type"": 1.0, ""quantity"": 1.0, ""warnings"": [""package_type is unknown""]}",0.92,False,[],"[""package_type is unknown""]",https://example.com/walmart/products/wm_0083,2026-05-04T09:07:00,3.01
wm_0084,walmart,Great Value Salted Butter 1 lb (4 Sticks),great value salted butter 1 lb 4 sticks,Great Value,Great Value,Dairy & Eggs,unknown,butter,butter,3.93,,,1.0,lb,4,1.0,lb,16.0,64.0,weight,oz,stick,False,True,True,"{""flavor"": ""unknown"", ""organic"": false, ""package_type"": ""stick""}","{""attributes"": 1.0, ""brand"": 1.0, ""needs_review"": false, ""overall"": 1.0, ""product_type"": 1.0, ""quantity"": 1.0, ""warnings"": []}",1.0,False,[],[],https://example.com/walmart/products/wm_0084,2026-05-04T08:50:00,3.02
wm_0085,walmart,Marketside Rotisserie Chicken each,marketside rotisserie chicken each,Marketside,Marketside,Meat,meat_seafood,unknown,meat_seafood,3.81,3.81,Save $1,1.0,each,1,1.0,count,1.0,1.0,count,count,each,False,True,False,"{""animal"": ""chicken"", ""bone_status"": ""unknown"", ""cut"": ""unknown"", ""fresh_or_frozen"": ""unknown"", ""organic"": false, ""package_type"": ""each"", ""skin_status"": ""unknown""}","{""attributes"": 0.75, ""brand"": 1.0, ""needs_review"": true, ""overall"": 0.762, ""product_type"": 0.3, ""quantity"": 1.0, ""warnings"": [""product_type is unknown"", ""missing required attributes: cut""]}",0.762,True,"[""product_type"", ""cut""]","[""product_type is unknown"", ""missing required attributes: cut""]",https://example.com/walmart/products/wm_0085,2026-05-04T08:33:00,2.11
wm_0086,walmart,Great Value Chicken Broth 32 fl oz,great value chicken broth 32 fl oz,Great Value,Great Value,Pantry,pantry,unknown,pantry,1.17,,Save $1,32.0,fl oz,1,32.0,fl_oz,32.0,32.0,volume,fl_oz,unknown,False,True,True,"{""flavor"": ""unknown"", ""organic"": false, ""package_type"": ""unknown""}","{""attributes"": 1.0, ""brand"": 1.0, ""needs_review"": true, ""overall"": 0.745, ""product_type"": 0.3, ""quantity"": 1.0, ""warnings"": [""product_type is unknown"", ""package_type is unknown""]}",0.745,True,"[""product_type""]","[""product_type is unknown"", ""package_type is unknown""]",https://example.com/walmart/products/wm_0086,2026-05-04T08:16:00,0.87
wm_0087,walmart,Rollback Great Value Frozen Chicken Nuggets 32 oz,rollback great value frozen chicken nuggets 32 oz,Great Value,Great Value,Meat,meat_seafood,unknown,meat_seafood,6.2,0.1938,Rollback,32.0,oz,1,32.0,oz,32.0,32.0,weight,oz,unknown,False,True,True,"{""animal"": ""chicken"", ""bone_status"": ""unknown"", ""cut"": ""unknown"", ""fresh_or_frozen"": ""frozen"", ""organic"": false, ""package_type"": ""unknown"", ""skin_status"": ""unknown""}","{""attributes"": 0.75, ""brand"": 1.0, ""needs_review"": true, ""overall"": 0.762, ""product_type"": 0.3, ""quantity"": 1.0, ""warnings"": [""product_type is unknown"", ""missing required attributes: cut""]}",0.762,True,"[""product_type"", ""cut""]","[""product_type is unknown"", ""missing required attributes: cut""]",https://example.com/walmart/products/wm_0087,2026-05-04T07:59:00,3.93
wm_0088,walmart,Great Value Hamburger Buns 8 ct,great value hamburger buns 8 count,Great Value,Great Value,Bakery,bakery,unknown,bakery,1.45,0.1812,,8.0,ct,1,8.0,count,8.0,8.0,count,count,unknown,False,True,True,"{""flavor"": ""unknown"", ""organic"": false, ""package_type"": ""unknown""}","{""attributes"": 1.0, ""brand"": 1.0, ""needs_review"": true, ""overall"": 0.825, ""product_type"": 0.3, ""quantity"": 1.0, ""warnings"": [""product_type is unknown""]}",0.825,True,"[""product_type""]","[""product_type is unknown""]",https://example.com/walmart/products/wm_0088,2026-05-04T07:42:00,0.9
wm_0089,walmart,Marketside Italian Style Pizza 14 inch,marketside italian style pizza 14 inch,Marketside,Marketside,Frozen Foods,frozen,frozen_pizza,frozen,6.4,0.4571,,14.0,oz,1,14.0,oz,14.0,14.0,weight,oz,unknown,False,True,False,"{""flavor"": ""unknown"", ""organic"": false, ""package_type"": ""unknown""}","{""attributes"": 1.0, ""brand"": 1.0, ""needs_review"": false, ""overall"": 0.92, ""product_type"": 1.0, ""quantity"": 1.0, ""warnings"": [""package_type is unknown""]}",0.92,False,[],"[""package_type is unknown""]",https://example.com/walmart/products/wm_0089,2026-05-04T07:25:00,4.24
wm_0090,walmart,Great Value Frozen French Fries 32 oz,great value frozen french fries 32 oz,Great Value,Great Value,Frozen Foods,frozen,unknown,frozen,3.0,,Rollback,32.0,oz,1,32.0,oz,32.0,32.0,weight,oz,unknown,False,True,True,"{""flavor"": ""unknown"", ""organic"": false, ""package_type"": ""unknown""}","{""attributes"": 1.0, ""brand"": 1.0, ""needs_review"": true, ""overall"": 0.745, ""product_type"": 0.3, ""quantity"": 1.0, ""warnings"": [""product_type is unknown"", ""package_type is unknown""]}",0.745,True,"[""product_type""]","[""product_type is unknown"", ""package_type is unknown""]",https://example.com/walmart/products/wm_0090,2026-05-04T07:08:00,2.06
wm_0091,walmart,Great Value Whole Almonds 16 oz,great value whole almonds 16 oz,Great Value,Great Value,Snacks,snacks,unknown,snacks,6.5,0.4062,,16.0,oz,1,16.0,oz,16.0,16.0,weight,oz,unknown,False,True,True,"{""flavor"": ""unknown"", ""organic"": false, ""package_type"": ""unknown""}","{""attributes"": 1.0, ""brand"": 1.0, ""needs_review"": true, ""overall"": 0.745, ""product_type"": 0.3, ""quantity"": 1.0, ""warnings"": [""product_type is unknown"", ""package_type is unknown""]}",0.745,True,"[""product_type""]","[""product_type is unknown"", ""package_type is unknown""]",https://example.com/walmart/products/wm_0091,2026-05-04T06:51:00,3.58
wm_0092,walmart,Great Value Sliced White Bread 20 oz,great value sliced white bread 20 oz,Great Value,Great Value,Bakery,bakery,bread,bakery,1.27,,Buy 2 save $1,20.0,oz,1,20.0,oz,20.0,20.0,weight,oz,unknown,False,True,True,"{""flavor"": ""unknown"", ""organic"": false, ""package_type"": ""unknown""}","{""attributes"": 1.0, ""brand"": 1.0, ""needs_review"": false, ""overall"": 1.0, ""product_type"": 1.0, ""quantity"": 1.0, ""warnings"": []}",1.0,False,[],[],https://example.com/walmart/products/wm_0092,2026-05-04T06:34:00,1.24
wm_0093,walmart,Great Value Vanilla Ice Cream 48 fl oz,great value vanilla ice cream 48 fl oz,Great Value,Great Value,Frozen Foods,frozen,ice_cream,frozen,2.95,,Save $2,48.0,fl oz,1,48.0,fl_oz,48.0,48.0,volume,fl_oz,unknown,False,True,True,"{""flavor"": ""unknown"", ""organic"": false, ""package_type"": ""unknown""}","{""attributes"": 1.0, ""brand"": 1.0, ""needs_review"": false, ""overall"": 0.92, ""product_type"": 1.0, ""quantity"": 1.0, ""warnings"": [""package_type is unknown""]}",0.92,False,[],"[""package_type is unknown""]",https://example.com/walmart/products/wm_0093,2026-05-04T06:17:00,2.29
wm_0094,walmart,Great Value Granulated Sugar 4 lb,great value granulated sugar 4 lb,Great Value,Great Value,Pantry,pantry,unknown,pantry,3.51,,,4.0,lb,1,4.0,lb,64.0,64.0,weight,oz,unknown,False,True,True,"{""flavor"": ""unknown"", ""organic"": false, ""package_type"": ""unknown""}","{""attributes"": 1.0, ""brand"": 1.0, ""needs_review"": true, ""overall"": 0.745, ""product_type"": 0.3, ""quantity"": 1.0, ""warnings"": [""product_type is unknown"", ""package_type is unknown""]}",0.745,True,"[""product_type""]","[""product_type is unknown"", ""package_type is unknown""]",https://example.com/walmart/products/wm_0094,2026-05-04T06:00:00,2.52
wm_0095,walmart,Great Value Long Grain Brown Rice 5 lb,great value long grain brown rice 5 lb,Great Value,Great Value,Pantry,pantry,rice,pantry,4.48,0.896,Rollback,5.0,lb,1,5.0,lb,80.0,80.0,weight,oz,unknown,False,True,True,"{""flavor"": ""unknown"", ""organic"": false, ""package_type"": ""unknown""}","{""attributes"": 1.0, ""brand"": 1.0, ""needs_review"": false, ""overall"": 0.92, ""product_type"": 1.0, ""quantity"": 1.0, ""warnings"": [""package_type is unknown""]}",0.92,False,[],"[""package_type is unknown""]",https://example.com/walmart/products/wm_0095,2026-05-04T05:43:00,2.58
wm_0096,walmart,Great Value Pasta Sauce Marinara 24 oz,great value pasta sauce marinara 24 oz,Great Value,Great Value,Pantry,pantry,pasta,pantry,1.67,0.0696,,24.0,oz,1,24.0,oz,24.0,24.0,weight,oz,unknown,False,True,True,"{""flavor"": ""unknown"", ""organic"": false, ""package_type"": ""unknown""}","{""attributes"": 1.0, ""brand"": 1.0, ""needs_review"": false, ""overall"": 0.92, ""product_type"": 1.0, ""quantity"": 1.0, ""warnings"": [""package_type is unknown""]}",0.92,False,[],"[""package_type is unknown""]",https://example.com/walmart/products/wm_0096,2026-05-04T05:26:00,1.08
wm_0097,walmart,Great Value Chunk Light Tuna in Water 5 oz,great value chunk light tuna in water 5 oz,Great Value,Great Value,Pantry,pantry,unknown,pantry,0.85,,Save $1,5.0,oz,1,5.0,oz,5.0,5.0,weight,oz,unknown,False,True,True,"{""flavor"": ""unknown"", ""organic"": false, ""package_type"": ""unknown""}","{""attributes"": 1.0, ""brand"": 1.0, ""needs_review"": true, ""overall"": 0.745, ""product_type"": 0.3, ""quantity"": 1.0, ""warnings"": [""product_type is unknown"", ""package_type is unknown""]}",0.745,True,"[""product_type""]","[""product_type is unknown"", ""package_type is unknown""]",https://example.com/walmart/products/wm_0097,2026-05-04T05:09:00,0.62
wm_0098,walmart,Great Value Garlic Powder 3.4 oz,great value garlic powder 3.4 oz,Great Value,Great Value,Pantry,pantry,unknown,pantry,1.53,,,3.4,oz,1,3.4,oz,3.4,3.4,weight,oz,unknown,False,True,True,"{""flavor"": ""unknown"", ""organic"": false, ""package_type"": ""unknown""}","{""attributes"": 1.0, ""brand"": 1.0, ""needs_review"": true, ""overall"": 0.745, ""product_type"": 0.3, ""quantity"": 1.0, ""warnings"": [""product_type is unknown"", ""package_type is unknown""]}",0.745,True,"[""product_type""]","[""product_type is unknown"", ""package_type is unknown""]",https://example.com/walmart/products/wm_0098,2026-05-04T04:52:00,0.95
wm_0099,walmart,Great Value Frozen Sweet Corn 12 oz,great value frozen sweet corn 12 oz,Great Value,Great Value,Frozen Foods,frozen,unknown,frozen,1.17,0.0975,,12.0,oz,1,12.0,oz,12.0,12.0,weight,oz,unknown,False,True,True,"{""flavor"": ""unknown"", ""organic"": false, ""package_type"": ""unknown""}","{""attributes"": 1.0, ""brand"": 1.0, ""needs_review"": true, ""overall"": 0.745, ""product_type"": 0.3, ""quantity"": 1.0, ""warnings"": [""product_type is unknown"", ""package_type is unknown""]}",0.745,True,"[""product_type""]","[""product_type is unknown"", ""package_type is unknown""]",https://example.com/walmart/products/wm_0099,2026-05-04T04:35:00,0.79
wm_0100,walmart,Great Value Chocolate Chip Cookies 14.4 oz,great value chocolate chip cookies 14.4 oz,Great Value,Great Value,Snacks,snacks,cookies,snacks,2.44,,,14.4,oz,1,14.4,oz,14.4,14.4,weight,oz,unknown,False,True,True,"{""flavor"": ""unknown"", ""organic"": false, ""package_type"": ""unknown""}","{""attributes"": 1.0, ""brand"": 1.0, ""needs_review"": false, ""overall"": 0.92, ""product_type"": 1.0, ""quantity"": 1.0, ""warnings"": [""package_type is unknown""]}",0.92,False,[],"[""package_type is unknown""]",https://example.com/walmart/products/wm_0100,2026-05-04T04:18:00,1.58
wm_0101,walmart,Mountain Dew Soda 2 L,mountain dew soda 2 l,Mountain Dew,Mountain Dew,Beverages,beverages,unknown,beverages,1.93,0.965,Buy 2 save $1,2.0,liter,1,2.0,liter,67.628,67.628,volume,fl_oz,unknown,False,False,False,"{""caffeine"": ""unknown"", ""carbonated"": true, ""diet_type"": ""regular"", ""flavor"": ""classic"", ""package_type"": ""unknown""}","{""attributes"": 1.0, ""brand"": 1.0, ""needs_review"": true, ""overall"": 0.745, ""product_type"": 0.3, ""quantity"": 1.0, ""warnings"": [""product_type is unknown"", ""package_type is unknown""]}",0.745,True,"[""product_type""]","[""product_type is unknown"", ""package_type is unknown""]",https://example.com/walmart/products/wm_0101,2026-05-04T04:01:00,1.37
wm_0102,walmart,Marketside Fresh Strawberries 1 lb,marketside fresh strawberries 1 lb,Marketside,Marketside,Produce,produce,berries,produce,3.71,3.71,Buy 2 save $1,1.0,lb,1,1.0,lb,16.0,16.0,weight,oz,unknown,False,True,False,"{""organic"": false, ""package_type"": ""unknown"", ""produce_form"": ""unknown"", ""unit_basis"": ""unknown"", ""variety"": ""unknown""}","{""attributes"": 0.5, ""brand"": 1.0, ""needs_review"": true, ""overall"": 0.875, ""product_type"": 1.0, ""quantity"": 1.0, ""warnings"": [""missing required attributes: produce_form, unit_basis""]}",0.875,True,"[""produce_form"", ""unit_basis""]","[""missing required attributes: produce_form, unit_basis""]",https://example.com/walmart/products/wm_0102,2026-05-04T03:44:00,2.38
wm_0103,walmart,Great Value Vegetable Oil 48 fl oz,great value vegetable oil 48 fl oz,Great Value,Great Value,Pantry,pantry,unknown,pantry,3.72,0.0775,Save $2,48.0,fl oz,1,48.0,fl_oz,48.0,48.0,volume,fl_oz,unknown,False,True,True,"{""flavor"": ""unknown"", ""organic"": false, ""package_type"": ""unknown""}","{""attributes"": 1.0, ""brand"": 1.0, ""needs_review"": true, ""overall"": 0.745, ""product_type"": 0.3, ""quantity"": 1.0, ""warnings"": [""product_type is unknown"", ""package_type is unknown""]}",0.745,True,"[""product_type""]","[""product_type is unknown"", ""package_type is unknown""]",https://example.com/walmart/products/wm_0103,2026-05-04T03:27:00,2.61
wm_0104,walmart,Great Value Lemonade Frozen Concentrate 12 fl oz,great value lemonade frozen concentrate 12 fl oz,Great Value,Great Value,Beverages,beverages,unknown,beverages,1.02,,Save $2,12.0,fl oz,1,12.0,fl_oz,12.0,12.0,volume,fl_oz,unknown,False,True,True,"{""caffeine"": ""unknown"", ""carbonated"": ""unknown"", ""diet_type"": ""regular"", ""flavor"": ""classic"", ""package_type"": ""unknown""}","{""attributes"": 1.0, ""brand"": 1.0, ""needs_review"": true, ""overall"": 0.745, ""product_type"": 0.3, ""quantity"": 1.0, ""warnings"": [""product_type is unknown"", ""package_type is unknown""]}",0.745,True,"[""product_type""]","[""product_type is unknown"", ""package_type is unknown""]",https://example.com/walmart/products/wm_0104,2026-05-04T03:10:00,0.67
wm_0105,walmart,Equate Vitamin D3 100 ct,equate vitamin d3 100 count,Equate,Equate,Pantry,pantry,unknown,pantry,4.25,0.0425,,100.0,ct,1,100.0,count,100.0,100.0,count,count,unknown,False,True,False,"{""flavor"": ""unknown"", ""organic"": false, ""package_type"": ""unknown""}","{""attributes"": 1.0, ""brand"": 1.0, ""needs_review"": true, ""overall"": 0.745, ""product_type"": 0.3, ""quantity"": 1.0, ""warnings"": [""product_type is unknown"", ""package_type is unknown""]}",0.745,True,"[""product_type""]","[""product_type is unknown"", ""package_type is unknown""]",https://example.com/walmart/products/wm_0105,2026-05-04T02:53:00,2.43
wm_0106,walmart,Great Value Sliced American Cheese 24 ct,great value sliced american cheese 24 count,Great Value,Great Value,Dairy & Eggs,unknown,cheese,cheese,3.83,0.1596,Save $2,24.0,ct,1,24.0,count,24.0,24.0,count,count,unknown,False,True,True,"{""flavor"": ""unknown"", ""organic"": false, ""package_type"": ""unknown""}","{""attributes"": 1.0, ""brand"": 1.0, ""needs_review"": false, ""overall"": 1.0, ""product_type"": 1.0, ""quantity"": 1.0, ""warnings"": []}",1.0,False,[],[],https://example.com/walmart/products/wm_0106,2026-05-04T02:36:00,3.69
wm_0107,walmart,"Great Value All-Purpose Flour, 5 lb",great value all purpose flour 5 lb,Great Value,Great Value,Pantry,pantry,unknown,pantry,5.17,,,5.0,lb,1,5.0,lb,80.0,80.0,weight,oz,unknown,False,True,True,"{""flavor"": ""unknown"", ""organic"": false, ""package_type"": ""unknown""}","{""attributes"": 1.0, ""brand"": 1.0, ""needs_review"": true, ""overall"": 0.745, ""product_type"": 0.3, ""quantity"": 1.0, ""warnings"": [""product_type is unknown"", ""package_type is unknown""]}",0.745,True,"[""product_type""]","[""product_type is unknown"", ""package_type is unknown""]",https://example.com/walmart/products/wm_0107,2026-04-30T21:32:00,2.88
wm_0108,walmart,"Great Value Granulated Sugar, 4 lb",great value granulated sugar 4 lb,Great Value,Great Value,Pantry,pantry,unknown,pantry,6.83,1.7075,Buy 2 save $1,4.0,lb,1,4.0,lb,64.0,64.0,weight,oz,unknown,False,True,True,"{""flavor"": ""unknown"", ""organic"": false, ""package_type"": ""unknown""}","{""attributes"": 1.0, ""brand"": 1.0, ""needs_review"": true, ""overall"": 0.745, ""product_type"": 0.3, ""quantity"": 1.0, ""warnings"": [""product_type is unknown"", ""package_type is unknown""]}",0.745,True,"[""product_type""]","[""product_type is unknown"", ""package_type is unknown""]",https://example.com/walmart/products/wm_0108,2026-04-30T21:15:00,4.58
wm_0109,walmart,"Great Value Brown Sugar, 16 oz",great value brown sugar 16 oz,Great Value,Great Value,Pantry,pantry,unknown,pantry,2.89,0.1806,,16.0,oz,1,16.0,oz,16.0,16.0,weight,oz,unknown,False,True,True,"{""flavor"": ""unknown"", ""organic"": false, ""package_type"": ""unknown""}","{""attributes"": 1.0, ""brand"": 1.0, ""needs_review"": true, ""overall"": 0.745, ""product_type"": 0.3, ""quantity"": 1.0, ""warnings"": [""product_type is unknown"", ""package_type is unknown""]}",0.745,True,"[""product_type""]","[""product_type is unknown"", ""package_type is unknown""]",https://example.com/walmart/products/wm_0109,2026-04-30T20:58:00,2.03
wm_0110,walmart,"Great Value Baking Soda, 16 oz",great value baking soda 16 oz,Great Value,Great Value,Pantry,pantry,unknown,pantry,1.3,0.0813,Save $2,16.0,oz,1,16.0,oz,16.0,16.0,weight,oz,unknown,False,True,True,"{""flavor"": ""unknown"", ""organic"": false, ""package_type"": ""unknown""}","{""attributes"": 1.0, ""brand"": 1.0, ""needs_review"": true, ""overall"": 0.745, ""product_type"": 0.3, ""quantity"": 1.0, ""warnings"": [""product_type is unknown"", ""package_type is unknown""]}",0.745,True,"[""product_type""]","[""product_type is unknown"", ""package_type is unknown""]",https://example.com/walmart/products/wm_0110,2026-04-30T20:41:00,0.86
wm_0111,walmart,"Great Value Baking Powder, 8 oz",great value baking powder 8 oz,Great Value,Great Value,Pantry,pantry,unknown,pantry,3.14,0.3925,Rollback,8.0,oz,1,8.0,oz,8.0,8.0,weight,oz,unknown,False,True,True,"{""flavor"": ""unknown"", ""organic"": false, ""package_type"": ""unknown""}","{""attributes"": 1.0, ""brand"": 1.0, ""needs_review"": true, ""overall"": 0.745, ""product_type"": 0.3, ""quantity"": 1.0, ""warnings"": [""product_type is unknown"", ""package_type is unknown""]}",0.745,True,"[""product_type""]","[""product_type is unknown"", ""package_type is unknown""]",https://example.com/walmart/products/wm_0111,2026-04-30T20:24:00,3.18
wm_0112,walmart,"Great Value Active Dry Yeast, 0.75 oz 3 ct",great value active dry yeast 0.75 oz 3 count,Great Value,Great Value,Pantry,pantry,unknown,pantry,4.17,,Save $2,0.25,oz,3,0.25,oz,0.25,0.75,weight,oz,unknown,False,True,True,"{""flavor"": ""unknown"", ""organic"": false, ""package_type"": ""unknown""}","{""attributes"": 1.0, ""brand"": 1.0, ""needs_review"": true, ""overall"": 0.745, ""product_type"": 0.3, ""quantity"": 1.0, ""warnings"": [""product_type is unknown"", ""package_type is unknown""]}",0.745,True,"[""product_type""]","[""product_type is unknown"", ""package_type is unknown""]",https://example.com/walmart/products/wm_0112,2026-04-30T20:07:00,2.57
wm_0113,walmart,"Great Value Vanilla Extract, 2 fl oz",great value vanilla extract 2 fl oz,Great Value,Great Value,Pantry,pantry,unknown,pantry,4.38,,,2.0,fl oz,1,2.0,fl_oz,2.0,2.0,volume,fl_oz,unknown,False,True,True,"{""flavor"": ""unknown"", ""organic"": false, ""package_type"": ""unknown""}","{""attributes"": 1.0, ""brand"": 1.0, ""needs_review"": true, ""overall"": 0.745, ""product_type"": 0.3, ""quantity"": 1.0, ""warnings"": [""product_type is unknown"", ""package_type is unknown""]}",0.745,True,"[""product_type""]","[""product_type is unknown"", ""package_type is unknown""]",https://example.com/walmart/products/wm_0113,2026-04-30T19:50:00,3.03
wm_0114,walmart,"Great Value Ground Cinnamon, 2 oz",great value ground cinnamon 2 oz,Great Value,Great Value,Pantry,pantry,unknown,pantry,4.33,,,2.0,oz,1,2.0,oz,2.0,2.0,weight,oz,unknown,False,True,True,"{""flavor"": ""unknown"", ""organic"": false, ""package_type"": ""unknown""}","{""attributes"": 1.0, ""brand"": 1.0, ""needs_review"": true, ""overall"": 0.745, ""product_type"": 0.3, ""quantity"": 1.0, ""warnings"": [""product_type is unknown"", ""package_type is unknown""]}",0.745,True,"[""product_type""]","[""product_type is unknown"", ""package_type is unknown""]",https://example.com/walmart/products/wm_0114,2026-04-30T19:33:00,3.04
wm_0115,walmart,"Great Value Paprika, 2 oz",great value paprika 2 oz,Great Value,Great Value,Pantry,pantry,unknown,pantry,2.88,1.44,Rollback,2.0,oz,1,2.0,oz,2.0,2.0,weight,oz,unknown,False,True,True,"{""flavor"": ""unknown"", ""organic"": false, ""package_type"": ""unknown""}","{""attributes"": 1.0, ""brand"": 1.0, ""needs_review"": true, ""overall"": 0.745, ""product_type"": 0.3, ""quantity"": 1.0, ""warnings"": [""product_type is unknown"", ""package_type is unknown""]}",0.745,True,"[""product_type""]","[""product_type is unknown"", ""package_type is unknown""]",https://example.com/walmart/products/wm_0115,2026-04-30T19:16:00,2.93
wm_0116,walmart,"Great Value Ground Cumin, 2 oz",great value ground cumin 2 oz,Great Value,Great Value,Pantry,pantry,unknown,pantry,3.89,1.945,,2.0,oz,1,2.0,oz,2.0,2.0,weight,oz,unknown,False,True,True,"{""flavor"": ""unknown"", ""organic"": false, ""package_type"": ""unknown""}","{""attributes"": 1.0, ""brand"": 1.0, ""needs_review"": true, ""overall"": 0.745, ""product_type"": 0.3, ""quantity"": 1.0, ""warnings"": [""product_type is unknown"", ""package_type is unknown""]}",0.745,True,"[""product_type""]","[""product_type is unknown"", ""package_type is unknown""]",https://example.com/walmart/products/wm_0116,2026-04-30T18:59:00,2.73
wm_0117,walmart,"Great Value Italian Seasoning, 0.75 oz",great value italian seasoning 0.75 oz,Great Value,Great Value,Pantry,pantry,unknown,pantry,1.62,,Buy 2 save $1,0.75,oz,1,0.75,oz,0.75,0.75,weight,oz,unknown,False,True,True,"{""flavor"": ""unknown"", ""organic"": false, ""package_type"": ""unknown""}","{""attributes"": 1.0, ""brand"": 1.0, ""needs_review"": true, ""overall"": 0.745, ""product_type"": 0.3, ""quantity"": 1.0, ""warnings"": [""product_type is unknown"", ""package_type is unknown""]}",0.745,True,"[""product_type""]","[""product_type is unknown"", ""package_type is unknown""]",https://example.com/walmart/products/wm_0117,2026-04-30T18:42:00,1.06
wm_0118,walmart,"Great Value Garlic Powder, 3 oz",great value garlic powder 3 oz,Great Value,Great Value,Pantry,pantry,unknown,pantry,2.38,,Buy 2 save $1,3.0,oz,1,3.0,oz,3.0,3.0,weight,oz,unknown,False,True,True,"{""flavor"": ""unknown"", ""organic"": false, ""package_type"": ""unknown""}","{""attributes"": 1.0, ""brand"": 1.0, ""needs_review"": true, ""overall"": 0.745, ""product_type"": 0.3, ""quantity"": 1.0, ""warnings"": [""product_type is unknown"", ""package_type is unknown""]}",0.745,True,"[""product_type""]","[""product_type is unknown"", ""package_type is unknown""]",https://example.com/walmart/products/wm_0118,2026-04-30T18:25:00,1.45
wm_0119,walmart,"Great Value Black Pepper Ground, 3 oz",great value black pepper ground 3 oz,Great Value,Great Value,Pantry,pantry,unknown,pantry,2.66,,Save $1,3.0,oz,1,3.0,oz,3.0,3.0,weight,oz,unknown,False,True,True,"{""flavor"": ""unknown"", ""organic"": false, ""package_type"": ""unknown""}","{""attributes"": 1.0, ""brand"": 1.0, ""needs_review"": true, ""overall"": 0.745, ""product_type"": 0.3, ""quantity"": 1.0, ""warnings"": [""product_type is unknown"", ""package_type is unknown""]}",0.745,True,"[""product_type""]","[""product_type is unknown"", ""package_type is unknown""]",https://example.com/walmart/products/wm_0119,2026-04-30T18:08:00,1.79
wm_0120,walmart,"Great Value Iodized Salt, 26 oz",great value iodized salt 26 oz,Great Value,Great Value,Pantry,pantry,unknown,pantry,1.65,0.0635,Save $1,26.0,oz,1,26.0,oz,26.0,26.0,weight,oz,unknown,False,True,True,"{""flavor"": ""unknown"", ""organic"": false, ""package_type"": ""unknown""}","{""attributes"": 1.0, ""brand"": 1.0, ""needs_review"": true, ""overall"": 0.745, ""product_type"": 0.3, ""quantity"": 1.0, ""warnings"": [""product_type is unknown"", ""package_type is unknown""]}",0.745,True,"[""product_type""]","[""product_type is unknown"", ""package_type is unknown""]",https://example.com/walmart/products/wm_0120,2026-04-30T17:51:00,1.0
wm_0121,walmart,"Great Value Sea Salt, 17.6 oz",great value sea salt 17.6 oz,Great Value,Great Value,Pantry,pantry,unknown,pantry,2.93,0.1665,Buy 2 save $1,17.6,oz,1,17.6,oz,17.6,17.6,weight,oz,unknown,False,True,True,"{""flavor"": ""unknown"", ""organic"": false, ""package_type"": ""unknown""}","{""attributes"": 1.0, ""brand"": 1.0, ""needs_review"": true, ""overall"": 0.745, ""product_type"": 0.3, ""quantity"": 1.0, ""warnings"": [""product_type is unknown"", ""package_type is unknown""]}",0.745,True,"[""product_type""]","[""product_type is unknown"", ""package_type is unknown""]",https://example.com/walmart/products/wm_0121,2026-04-30T17:34:00,2.08
wm_0122,walmart,"Great Value Soy Sauce, 10 fl oz",great value soy sauce 10 fl oz,Great Value,Great Value,Pantry,pantry,unknown,pantry,2.87,0.287,,10.0,fl oz,1,10.0,fl_oz,10.0,10.0,volume,fl_oz,unknown,False,True,True,"{""flavor"": ""unknown"", ""organic"": false, ""package_type"": ""unknown""}","{""attributes"": 1.0, ""brand"": 1.0, ""needs_review"": true, ""overall"": 0.745, ""product_type"": 0.3, ""quantity"": 1.0, ""warnings"": [""product_type is unknown"", ""package_type is unknown""]}",0.745,True,"[""product_type""]","[""product_type is unknown"", ""package_type is unknown""]",https://example.com/walmart/products/wm_0122,2026-04-30T17:17:00,1.65
wm_0123,walmart,"Great Value Apple Cider Vinegar, 16 fl oz",great value apple cider vinegar 16 fl oz,Great Value,Great Value,Pantry,pantry,apples,produce,2.83,0.1769,Buy 2 save $1,16.0,fl oz,1,16.0,fl_oz,16.0,16.0,volume,fl_oz,unknown,False,True,True,"{""organic"": false, ""package_type"": ""unknown"", ""produce_form"": ""unknown"", ""unit_basis"": ""unknown"", ""variety"": ""unknown""}","{""attributes"": 0.5, ""brand"": 1.0, ""needs_review"": true, ""overall"": 0.725, ""product_type"": 1.0, ""quantity"": 1.0, ""warnings"": [""missing required attributes: produce_form, unit_basis"", ""raw category family pantry conflicts with inferred family produce""]}",0.725,True,"[""produce_form"", ""unit_basis""]","[""missing required attributes: produce_form, unit_basis"", ""raw category family pantry conflicts with inferred family produce""]",https://example.com/walmart/products/wm_0123,2026-04-30T17:00:00,1.98
wm_0124,walmart,"Great Value White Vinegar, 32 fl oz",great value white vinegar 32 fl oz,Great Value,Great Value,Pantry,pantry,unknown,pantry,4.26,0.1331,Buy 2 save $1,32.0,fl oz,1,32.0,fl_oz,32.0,32.0,volume,fl_oz,unknown,False,True,True,"{""flavor"": ""unknown"", ""organic"": false, ""package_type"": ""unknown""}","{""attributes"": 1.0, ""brand"": 1.0, ""needs_review"": true, ""overall"": 0.745, ""product_type"": 0.3, ""quantity"": 1.0, ""warnings"": [""product_type is unknown"", ""package_type is unknown""]}",0.745,True,"[""product_type""]","[""product_type is unknown"", ""package_type is unknown""]",https://example.com/walmart/products/wm_0124,2026-04-30T16:43:00,2.98
wm_0125,walmart,"Buy 2 save $1 Great Value Yellow Mustard, 8 oz",buy 2 save 1 great value yellow mustard 8 oz,Great Value,Great Value,Pantry,pantry,unknown,pantry,1.89,0.2362,Buy 2 save $1,8.0,oz,1,8.0,oz,8.0,8.0,weight,oz,unknown,False,True,True,"{""flavor"": ""unknown"", ""organic"": false, ""package_type"": ""unknown""}","{""attributes"": 1.0, ""brand"": 1.0, ""needs_review"": true, ""overall"": 0.745, ""product_type"": 0.3, ""quantity"": 1.0, ""warnings"": [""product_type is unknown"", ""package_type is unknown""]}",0.745,True,"[""product_type""]","[""product_type is unknown"", ""package_type is unknown""]",https://example.com/walmart/products/wm_0125,2026-04-30T16:26:00,1.37
wm_0126,walmart,"Great Value Dijon Mustard, 8 oz",great value dijon mustard 8 oz,Great Value,Great Value,Pantry,pantry,unknown,pantry,2.04,0.255,,8.0,oz,1,8.0,oz,8.0,8.0,weight,oz,unknown,False,True,True,"{""flavor"": ""unknown"", ""organic"": false, ""package_type"": ""unknown""}","{""attributes"": 1.0, ""brand"": 1.0, ""needs_review"": true, ""overall"": 0.745, ""product_type"": 0.3, ""quantity"": 1.0, ""warnings"": [""product_type is unknown"", ""package_type is unknown""]}",0.745,True,"[""product_type""]","[""product_type is unknown"", ""package_type is unknown""]",https://example.com/walmart/products/wm_0126,2026-04-30T16:09:00,1.24
wm_0127,walmart,"Great Value BBQ Sauce Original, 18 oz",great value bbq sauce original 18 oz,Great Value,Great Value,Pantry,pantry,unknown,pantry,2.39,,,18.0,oz,1,18.0,oz,18.0,18.0,weight,oz,unknown,False,True,True,"{""flavor"": ""original"", ""organic"": false, ""package_type"": ""unknown""}","{""attributes"": 1.0, ""brand"": 1.0, ""needs_review"": true, ""overall"": 0.745, ""product_type"": 0.3, ""quantity"": 1.0, ""warnings"": [""product_type is unknown"", ""package_type is unknown""]}",0.745,True,"[""product_type""]","[""product_type is unknown"", ""package_type is unknown""]",https://example.com/walmart/products/wm_0127,2026-04-30T15:52:00,1.58
wm_0128,walmart,"Great Value Hot Sauce, 5 fl oz",great value hot sauce 5 fl oz,Great Value,Great Value,Pantry,pantry,unknown,pantry,4.05,0.81,Save $1,5.0,fl oz,1,5.0,fl_oz,5.0,5.0,volume,fl_oz,unknown,False,True,True,"{""flavor"": ""unknown"", ""organic"": false, ""package_type"": ""unknown""}","{""attributes"": 1.0, ""brand"": 1.0, ""needs_review"": true, ""overall"": 0.745, ""product_type"": 0.3, ""quantity"": 1.0, ""warnings"": [""product_type is unknown"", ""package_type is unknown""]}",0.745,True,"[""product_type""]","[""product_type is unknown"", ""package_type is unknown""]",https://example.com/walmart/products/wm_0128,2026-04-30T15:35:00,2.76
wm_0129,walmart,"Great Value Sriracha, 17 fl oz",great value sriracha 17 fl oz,Great Value,Great Value,Pantry,pantry,unknown,pantry,6.09,,,17.0,fl oz,1,17.0,fl_oz,17.0,17.0,volume,fl_oz,unknown,False,True,True,"{""flavor"": ""unknown"", ""organic"": false, ""package_type"": ""unknown""}","{""attributes"": 1.0, ""brand"": 1.0, ""needs_review"": true, ""overall"": 0.745, ""product_type"": 0.3, ""quantity"": 1.0, ""warnings"": [""product_type is unknown"", ""package_type is unknown""]}",0.745,True,"[""product_type""]","[""product_type is unknown"", ""package_type is unknown""]",https://example.com/walmart/products/wm_0129,2026-04-30T15:18:00,4.28
wm_0130,walmart,"Great Value Strawberry Jam, 12 oz",great value strawberry jam 12 oz,Great Value,Great Value,Pantry,pantry,unknown,pantry,2.58,,Rollback,12.0,oz,1,12.0,oz,12.0,12.0,weight,oz,unknown,False,True,True,"{""flavor"": ""unknown"", ""organic"": false, ""package_type"": ""unknown""}","{""attributes"": 1.0, ""brand"": 1.0, ""needs_review"": true, ""overall"": 0.745, ""product_type"": 0.3, ""quantity"": 1.0, ""warnings"": [""product_type is unknown"", ""package_type is unknown""]}",0.745,True,"[""product_type""]","[""product_type is unknown"", ""package_type is unknown""]",https://example.com/walmart/products/wm_0130,2026-04-30T15:01:00,1.68
wm_0131,walmart,"Great Value Grape Jelly, 18 oz",great value grape jelly 18 oz,Great Value,Great Value,Pantry,pantry,unknown,pantry,3.54,,,18.0,oz,1,18.0,oz,18.0,18.0,weight,oz,unknown,False,True,True,"{""flavor"": ""unknown"", ""organic"": false, ""package_type"": ""unknown""}","{""attributes"": 1.0, ""brand"": 1.0, ""needs_review"": true, ""overall"": 0.745, ""product_type"": 0.3, ""quantity"": 1.0, ""warnings"": [""product_type is unknown"", ""package_type is unknown""]}",0.745,True,"[""product_type""]","[""product_type is unknown"", ""package_type is unknown""]",https://example.com/walmart/products/wm_0131,2026-04-30T14:44:00,2.38
wm_0132,walmart,"Great Value Maple Syrup Pure, 8 fl oz",great value maple syrup pure 8 fl oz,Great Value,Great Value,Pantry,pantry,unknown,pantry,8.36,1.045,Rollback,8.0,fl oz,1,8.0,fl_oz,8.0,8.0,volume,fl_oz,unknown,False,True,True,"{""flavor"": ""unknown"", ""organic"": false, ""package_type"": ""unknown""}","{""attributes"": 1.0, ""brand"": 1.0, ""needs_review"": true, ""overall"": 0.745, ""product_type"": 0.3, ""quantity"": 1.0, ""warnings"": [""product_type is unknown"", ""package_type is unknown""]}",0.745,True,"[""product_type""]","[""product_type is unknown"", ""package_type is unknown""]",https://example.com/walmart/products/wm_0132,2026-04-30T14:27:00,6.45
wm_0133,walmart,"Great Value Pancake Syrup, 24 fl oz",great value pancake syrup 24 fl oz,Great Value,Great Value,Pantry,pantry,unknown,pantry,3.89,0.1621,Rollback,24.0,fl oz,1,24.0,fl_oz,24.0,24.0,volume,fl_oz,unknown,False,True,True,"{""flavor"": ""unknown"", ""organic"": false, ""package_type"": ""unknown""}","{""attributes"": 1.0, ""brand"": 1.0, ""needs_review"": true, ""overall"": 0.745, ""product_type"": 0.3, ""quantity"": 1.0, ""warnings"": [""product_type is unknown"", ""package_type is unknown""]}",0.745,True,"[""product_type""]","[""product_type is unknown"", ""package_type is unknown""]",https://example.com/walmart/products/wm_0133,2026-04-30T14:10:00,2.76
wm_0134,walmart,"Great Value Olive Oil, 17 fl oz",great value olive oil 17 fl oz,Great Value,Great Value,Pantry,pantry,olive_oil,pantry,9.47,0.5571,Rollback,17.0,fl oz,1,17.0,fl_oz,17.0,17.0,volume,fl_oz,unknown,False,True,True,"{""flavor"": ""unknown"", ""organic"": false, ""package_type"": ""unknown""}","{""attributes"": 1.0, ""brand"": 1.0, ""needs_review"": false, ""overall"": 0.92, ""product_type"": 1.0, ""quantity"": 1.0, ""warnings"": [""package_type is unknown""]}",0.92,False,[],"[""package_type is unknown""]",https://example.com/walmart/products/wm_0134,2026-04-30T13:53:00,8.74
wm_0135,walmart,"Great Value Canola Oil, 48 fl oz",great value canola oil 48 fl oz,Great Value,Great Value,Pantry,pantry,unknown,pantry,4.47,0.0931,,48.0,fl oz,1,48.0,fl_oz,48.0,48.0,volume,fl_oz,unknown,False,True,True,"{""flavor"": ""unknown"", ""organic"": false, ""package_type"": ""unknown""}","{""attributes"": 1.0, ""brand"": 1.0, ""needs_review"": true, ""overall"": 0.745, ""product_type"": 0.3, ""quantity"": 1.0, ""warnings"": [""product_type is unknown"", ""package_type is unknown""]}",0.745,True,"[""product_type""]","[""product_type is unknown"", ""package_type is unknown""]",https://example.com/walmart/products/wm_0135,2026-04-30T13:36:00,3.29
wm_0136,walmart,"Great Value Vegetable Oil, 48 fl oz",great value vegetable oil 48 fl oz,Great Value,Great Value,Pantry,pantry,unknown,pantry,3.31,0.069,,48.0,fl oz,1,48.0,fl_oz,48.0,48.0,volume,fl_oz,unknown,False,True,True,"{""flavor"": ""unknown"", ""organic"": false, ""package_type"": ""unknown""}","{""attributes"": 1.0, ""brand"": 1.0, ""needs_review"": true, ""overall"": 0.745, ""product_type"": 0.3, ""quantity"": 1.0, ""warnings"": [""product_type is unknown"", ""package_type is unknown""]}",0.745,True,"[""product_type""]","[""product_type is unknown"", ""package_type is unknown""]",https://example.com/walmart/products/wm_0136,2026-04-30T13:19:00,2.32
wm_0137,walmart,"Great Value Chunk Light Tuna in Water, 5 oz can",great value chunk light tuna in water 5 oz can,Great Value,Great Value,Pantry,pantry,unknown,pantry,2.35,0.47,Save $2,5.0,oz,1,5.0,oz,5.0,5.0,weight,oz,can,False,True,True,"{""flavor"": ""unknown"", ""organic"": false, ""package_type"": ""can""}","{""attributes"": 1.0, ""brand"": 1.0, ""needs_review"": true, ""overall"": 0.825, ""product_type"": 0.3, ""quantity"": 1.0, ""warnings"": [""product_type is unknown""]}",0.825,True,"[""product_type""]","[""product_type is unknown""]",https://example.com/walmart/products/wm_0137,2026-04-30T13:02:00,1.55
wm_0138,walmart,"Buy 2 save $1 Great Value Albacore Tuna in Water, 5 oz can",buy 2 save 1 great value albacore tuna in water 5 oz can,Great Value,Great Value,Pantry,pantry,unknown,pantry,2.0,,Buy 2 save $1,5.0,oz,1,5.0,oz,5.0,5.0,weight,oz,can,False,True,True,"{""flavor"": ""unknown"", ""organic"": false, ""package_type"": ""can""}","{""attributes"": 1.0, ""brand"": 1.0, ""needs_review"": true, ""overall"": 0.825, ""product_type"": 0.3, ""quantity"": 1.0, ""warnings"": [""product_type is unknown""]}",0.825,True,"[""product_type""]","[""product_type is unknown""]",https://example.com/walmart/products/wm_0138,2026-04-30T12:45:00,1.18
wm_0139,walmart,"Great Value Diced Tomatoes, 14.5 oz can",great value diced tomatoes 14.5 oz can,Great Value,Great Value,Pantry,pantry,unknown,pantry,2.3,,,14.5,oz,1,14.5,oz,14.5,14.5,weight,oz,can,False,True,True,"{""flavor"": ""unknown"", ""organic"": false, ""package_type"": ""can""}","{""attributes"": 1.0, ""brand"": 1.0, ""needs_review"": true, ""overall"": 0.825, ""product_type"": 0.3, ""quantity"": 1.0, ""warnings"": [""product_type is unknown""]}",0.825,True,"[""product_type""]","[""product_type is unknown""]",https://example.com/walmart/products/wm_0139,2026-04-30T12:28:00,1.37
wm_0140,walmart,"Great Value Tomato Sauce, 8 oz can",great value tomato sauce 8 oz can,Great Value,Great Value,Pantry,pantry,unknown,pantry,1.29,,Buy 2 save $1,8.0,oz,1,8.0,oz,8.0,8.0,weight,oz,can,False,True,True,"{""flavor"": ""unknown"", ""organic"": false, ""package_type"": ""can""}","{""attributes"": 1.0, ""brand"": 1.0, ""needs_review"": true, ""overall"": 0.825, ""product_type"": 0.3, ""quantity"": 1.0, ""warnings"": [""product_type is unknown""]}",0.825,True,"[""product_type""]","[""product_type is unknown""]",https://example.com/walmart/products/wm_0140,2026-04-30T12:11:00,0.96
wm_0141,walmart,"Save $2 Great Value Tomato Paste, 6 oz can",save 2 great value tomato paste 6 oz can,Great Value,Great Value,Pantry,pantry,unknown,pantry,1.62,0.27,Save $2,6.0,oz,1,6.0,oz,6.0,6.0,weight,oz,can,False,True,True,"{""flavor"": ""unknown"", ""organic"": false, ""package_type"": ""can""}","{""attributes"": 1.0, ""brand"": 1.0, ""needs_review"": true, ""overall"": 0.825, ""product_type"": 0.3, ""quantity"": 1.0, ""warnings"": [""product_type is unknown""]}",0.825,True,"[""product_type""]","[""product_type is unknown""]",https://example.com/walmart/products/wm_0141,2026-04-30T11:54:00,0.95
wm_0142,walmart,"Great Value Sweet Corn Canned, 15 oz can",great value sweet corn canned 15 oz can,Great Value,Great Value,Pantry,pantry,unknown,pantry,1.58,,,15.0,oz,1,15.0,oz,15.0,15.0,weight,oz,can,False,True,True,"{""flavor"": ""unknown"", ""organic"": false, ""package_type"": ""can""}","{""attributes"": 1.0, ""brand"": 1.0, ""needs_review"": true, ""overall"": 0.825, ""product_type"": 0.3, ""quantity"": 1.0, ""warnings"": [""product_type is unknown""]}",0.825,True,"[""product_type""]","[""product_type is unknown""]",https://example.com/walmart/products/wm_0142,2026-04-30T11:37:00,0.93
wm_0143,walmart,"Great Value Green Beans Canned, 14.5 oz can",great value green beans canned 14.5 oz can,Great Value,Great Value,Pantry,pantry,canned_beans,pantry,0.67,,,14.5,oz,1,14.5,oz,14.5,14.5,weight,oz,can,False,True,True,"{""flavor"": ""unknown"", ""organic"": false, ""package_type"": ""can""}","{""attributes"": 1.0, ""brand"": 1.0, ""needs_review"": false, ""overall"": 1.0, ""product_type"": 1.0, ""quantity"": 1.0, ""warnings"": []}",1.0,False,[],[],https://example.com/walmart/products/wm_0143,2026-04-30T11:20:00,0.43
wm_0144,walmart,"Great Value Pinto Beans Canned, 15 oz can",great value pinto beans canned 15 oz can,Great Value,Great Value,Pantry,pantry,canned_beans,pantry,1.2,0.08,,15.0,oz,1,15.0,oz,15.0,15.0,weight,oz,can,False,True,True,"{""flavor"": ""unknown"", ""organic"": false, ""package_type"": ""can""}","{""attributes"": 1.0, ""brand"": 1.0, ""needs_review"": false, ""overall"": 1.0, ""product_type"": 1.0, ""quantity"": 1.0, ""warnings"": []}",1.0,False,[],[],https://example.com/walmart/products/wm_0144,2026-04-30T11:03:00,0.71
wm_0145,walmart,"Great Value Kidney Beans Canned, 15 oz can",great value kidney beans canned 15 oz can,Great Value,Great Value,Pantry,pantry,canned_beans,pantry,1.44,,Buy 2 save $1,15.0,oz,1,15.0,oz,15.0,15.0,weight,oz,can,False,True,True,"{""flavor"": ""unknown"", ""organic"": false, ""package_type"": ""can""}","{""attributes"": 1.0, ""brand"": 1.0, ""needs_review"": false, ""overall"": 1.0, ""product_type"": 1.0, ""quantity"": 1.0, ""warnings"": []}",1.0,False,[],[],https://example.com/walmart/products/wm_0145,2026-04-30T10:46:00,0.79
wm_0146,walmart,"Great Value Garbanzo Beans Canned, 15 oz can",great value garbanzo beans canned 15 oz can,Great Value,Great Value,Pantry,pantry,canned_beans,pantry,1.25,,Save $2,15.0,oz,1,15.0,oz,15.0,15.0,weight,oz,can,False,True,True,"{""flavor"": ""unknown"", ""organic"": false, ""package_type"": ""can""}","{""attributes"": 1.0, ""brand"": 1.0, ""needs_review"": false, ""overall"": 1.0, ""product_type"": 1.0, ""quantity"": 1.0, ""warnings"": []}",1.0,False,[],[],https://example.com/walmart/products/wm_0146,2026-04-30T10:29:00,0.82
wm_0147,walmart,"Great Value Chicken Noodle Soup, 10.5 oz can",great value chicken noodle soup 10.5 oz can,Great Value,Great Value,Pantry,pantry,soup,pantry,1.49,,,10.5,oz,1,10.5,oz,10.5,10.5,weight,oz,can,False,True,True,"{""flavor"": ""unknown"", ""organic"": false, ""package_type"": ""can""}","{""attributes"": 1.0, ""brand"": 1.0, ""needs_review"": false, ""overall"": 1.0, ""product_type"": 1.0, ""quantity"": 1.0, ""warnings"": []}",1.0,False,[],[],https://example.com/walmart/products/wm_0147,2026-04-30T10:12:00,0.99
wm_0148,walmart,"Great Value Cream of Mushroom Soup, 10.5 oz can",great value cream of mushroom soup 10.5 oz can,Great Value,Great Value,Pantry,pantry,soup,pantry,1.78,0.1695,,10.5,oz,1,10.5,oz,10.5,10.5,weight,oz,can,False,True,True,"{""flavor"": ""unknown"", ""organic"": false, ""package_type"": ""can""}","{""attributes"": 1.0, ""brand"": 1.0, ""needs_review"": false, ""overall"": 1.0, ""product_type"": 1.0, ""quantity"": 1.0, ""warnings"": []}",1.0,False,[],[],https://example.com/walmart/products/wm_0148,2026-04-30T09:55:00,1.23
wm_0149,walmart,"Great Value Vegetable Broth, 32 fl oz carton",great value vegetable broth 32 fl oz carton,Great Value,Great Value,Pantry,pantry,unknown,pantry,1.96,0.0612,Buy 2 save $1,32.0,fl oz,1,32.0,fl_oz,32.0,32.0,volume,fl_oz,carton_or_jug,False,True,True,"{""flavor"": ""unknown"", ""organic"": false, ""package_type"": ""carton_or_jug""}","{""attributes"": 1.0, ""brand"": 1.0, ""needs_review"": true, ""overall"": 0.825, ""product_type"": 0.3, ""quantity"": 1.0, ""warnings"": [""product_type is unknown""]}",0.825,True,"[""product_type""]","[""product_type is unknown""]",https://example.com/walmart/products/wm_0149,2026-04-30T09:38:00,1.18
wm_0150,walmart,"Great Value Chicken Broth, 32 fl oz carton",great value chicken broth 32 fl oz carton,Great Value,Great Value,Pantry,pantry,unknown,pantry,3.68,0.115,Rollback,32.0,fl oz,1,32.0,fl_oz,32.0,32.0,volume,fl_oz,carton_or_jug,False,True,True,"{""flavor"": ""unknown"", ""organic"": false, ""package_type"": ""carton_or_jug""}","{""attributes"": 1.0, ""brand"": 1.0, ""needs_review"": true, ""overall"": 0.825, ""product_type"": 0.3, ""quantity"": 1.0, ""warnings"": [""product_type is unknown""]}",0.825,True,"[""product_type""]","[""product_type is unknown""]",https://example.com/walmart/products/wm_0150,2026-04-30T09:21:00,2.22
wm_0151,walmart,"Great Value Penne Pasta, 16 oz",great value penne pasta 16 oz,Great Value,Great Value,Pantry,pantry,pasta,pantry,1.82,0.1138,,16.0,oz,1,16.0,oz,16.0,16.0,weight,oz,unknown,False,True,True,"{""flavor"": ""unknown"", ""organic"": false, ""package_type"": ""unknown""}","{""attributes"": 1.0, ""brand"": 1.0, ""needs_review"": false, ""overall"": 0.92, ""product_type"": 1.0, ""quantity"": 1.0, ""warnings"": [""package_type is unknown""]}",0.92,False,[],"[""package_type is unknown""]",https://example.com/walmart/products/wm_0151,2026-04-30T09:04:00,1.37
wm_0152,walmart,"Great Value Rotini Pasta, 16 oz",great value rotini pasta 16 oz,Great Value,Great Value,Pantry,pantry,pasta,pantry,1.37,,Save $2,16.0,oz,1,16.0,oz,16.0,16.0,weight,oz,unknown,False,True,True,"{""flavor"": ""unknown"", ""organic"": false, ""package_type"": ""unknown""}","{""attributes"": 1.0, ""brand"": 1.0, ""needs_review"": false, ""overall"": 0.92, ""product_type"": 1.0, ""quantity"": 1.0, ""warnings"": [""package_type is unknown""]}",0.92,False,[],"[""package_type is unknown""]",https://example.com/walmart/products/wm_0152,2026-04-30T08:47:00,1.06
wm_0153,walmart,"Great Value Elbow Macaroni, 16 oz",great value elbow macaroni 16 oz,Great Value,Great Value,Pantry,pantry,unknown,pantry,1.48,0.0925,,16.0,oz,1,16.0,oz,16.0,16.0,weight,oz,unknown,False,True,True,"{""flavor"": ""unknown"", ""organic"": false, ""package_type"": ""unknown""}","{""attributes"": 1.0, ""brand"": 1.0, ""needs_review"": true, ""overall"": 0.745, ""product_type"": 0.3, ""quantity"": 1.0, ""warnings"": [""product_type is unknown"", ""package_type is unknown""]}",0.745,True,"[""product_type""]","[""product_type is unknown"", ""package_type is unknown""]",https://example.com/walmart/products/wm_0153,2026-04-30T08:30:00,0.97
wm_0154,walmart,"Great Value Lasagna Noodles, 16 oz",great value lasagna noodles 16 oz,Great Value,Great Value,Pantry,pantry,unknown,pantry,2.97,,,16.0,oz,1,16.0,oz,16.0,16.0,weight,oz,unknown,False,True,True,"{""flavor"": ""unknown"", ""organic"": false, ""package_type"": ""unknown""}","{""attributes"": 1.0, ""brand"": 1.0, ""needs_review"": true, ""overall"": 0.745, ""product_type"": 0.3, ""quantity"": 1.0, ""warnings"": [""product_type is unknown"", ""package_type is unknown""]}",0.745,True,"[""product_type""]","[""product_type is unknown"", ""package_type is unknown""]",https://example.com/walmart/products/wm_0154,2026-04-30T08:13:00,2.05
wm_0155,walmart,"Great Value Marinara Sauce, 24 oz",great value marinara sauce 24 oz,Great Value,Great Value,Pantry,pantry,unknown,pantry,3.19,0.1329,Save $2,24.0,oz,1,24.0,oz,24.0,24.0,weight,oz,unknown,False,True,True,"{""flavor"": ""unknown"", ""organic"": false, ""package_type"": ""unknown""}","{""attributes"": 1.0, ""brand"": 1.0, ""needs_review"": true, ""overall"": 0.745, ""product_type"": 0.3, ""quantity"": 1.0, ""warnings"": [""product_type is unknown"", ""package_type is unknown""]}",0.745,True,"[""product_type""]","[""product_type is unknown"", ""package_type is unknown""]",https://example.com/walmart/products/wm_0155,2026-04-30T07:56:00,2.19
wm_0156,walmart,"Great Value Alfredo Sauce, 15 oz",great value alfredo sauce 15 oz,Great Value,Great Value,Pantry,pantry,unknown,pantry,2.64,0.176,Buy 2 save $1,15.0,oz,1,15.0,oz,15.0,15.0,weight,oz,unknown,False,True,True,"{""flavor"": ""unknown"", ""organic"": false, ""package_type"": ""unknown""}","{""attributes"": 1.0, ""brand"": 1.0, ""needs_review"": true, ""overall"": 0.745, ""product_type"": 0.3, ""quantity"": 1.0, ""warnings"": [""product_type is unknown"", ""package_type is unknown""]}",0.745,True,"[""product_type""]","[""product_type is unknown"", ""package_type is unknown""]",https://example.com/walmart/products/wm_0156,2026-04-30T07:39:00,2.02
wm_0157,walmart,"Great Value Jasmine Rice, 2 lb",great value jasmine rice 2 lb,Great Value,Great Value,Pantry,pantry,rice,pantry,6.67,,,2.0,lb,1,2.0,lb,32.0,32.0,weight,oz,unknown,False,True,True,"{""flavor"": ""unknown"", ""organic"": false, ""package_type"": ""unknown""}","{""attributes"": 1.0, ""brand"": 1.0, ""needs_review"": false, ""overall"": 0.92, ""product_type"": 1.0, ""quantity"": 1.0, ""warnings"": [""package_type is unknown""]}",0.92,False,[],"[""package_type is unknown""]",https://example.com/walmart/products/wm_0157,2026-04-30T07:22:00,4.44
wm_0158,walmart,"Great Value Basmati Rice, 2 lb",great value basmati rice 2 lb,Great Value,Great Value,Pantry,pantry,rice,pantry,5.87,2.935,Save $1,2.0,lb,1,2.0,lb,32.0,32.0,weight,oz,unknown,False,True,True,"{""flavor"": ""unknown"", ""organic"": false, ""package_type"": ""unknown""}","{""attributes"": 1.0, ""brand"": 1.0, ""needs_review"": false, ""overall"": 0.92, ""product_type"": 1.0, ""quantity"": 1.0, ""warnings"": [""package_type is unknown""]}",0.92,False,[],"[""package_type is unknown""]",https://example.com/walmart/products/wm_0158,2026-04-30T07:05:00,4.25
wm_0159,walmart,"Great Value Brown Rice, 2 lb",great value brown rice 2 lb,Great Value,Great Value,Pantry,pantry,rice,pantry,5.55,,,2.0,lb,1,2.0,lb,32.0,32.0,weight,oz,unknown,False,True,True,"{""flavor"": ""unknown"", ""organic"": false, ""package_type"": ""unknown""}","{""attributes"": 1.0, ""brand"": 1.0, ""needs_review"": false, ""overall"": 0.92, ""product_type"": 1.0, ""quantity"": 1.0, ""warnings"": [""package_type is unknown""]}",0.92,False,[],"[""package_type is unknown""]",https://example.com/walmart/products/wm_0159,2026-04-30T06:48:00,5.48
wm_0160,walmart,"Great Value Quinoa, 12 oz",great value quinoa 12 oz,Great Value,Great Value,Pantry,pantry,unknown,pantry,5.7,,Save $2,12.0,oz,1,12.0,oz,12.0,12.0,weight,oz,unknown,False,True,True,"{""flavor"": ""unknown"", ""organic"": false, ""package_type"": ""unknown""}","{""attributes"": 1.0, ""brand"": 1.0, ""needs_review"": true, ""overall"": 0.745, ""product_type"": 0.3, ""quantity"": 1.0, ""warnings"": [""product_type is unknown"", ""package_type is unknown""]}",0.745,True,"[""product_type""]","[""product_type is unknown"", ""package_type is unknown""]",https://example.com/walmart/products/wm_0160,2026-04-30T06:31:00,3.67
wm_0161,walmart,"Great Value Steel Cut Oats, 24 oz",great value steel cut oats 24 oz,Great Value,Great Value,Breakfast & Cereal,pantry,cereal,pantry,4.84,,Buy 2 save $1,24.0,oz,1,24.0,oz,24.0,24.0,weight,oz,unknown,False,True,True,"{""flavor"": ""unknown"", ""organic"": false, ""package_type"": ""unknown""}","{""attributes"": 1.0, ""brand"": 1.0, ""needs_review"": false, ""overall"": 0.92, ""product_type"": 1.0, ""quantity"": 1.0, ""warnings"": [""package_type is unknown""]}",0.92,False,[],"[""package_type is unknown""]",https://example.com/walmart/products/wm_0161,2026-04-30T06:14:00,2.7
wm_0162,walmart,"Great Value Instant Oatmeal Variety Pack, 12 ct",great value instant oatmeal variety pack 12 count,Great Value,Great Value,Breakfast & Cereal,pantry,unknown,pantry,5.15,,Buy 2 save $1,12.0,ct,1,12.0,count,12.0,12.0,count,count,unknown,False,True,True,"{""flavor"": ""unknown"", ""organic"": false, ""package_type"": ""unknown""}","{""attributes"": 1.0, ""brand"": 1.0, ""needs_review"": true, ""overall"": 0.745, ""product_type"": 0.3, ""quantity"": 1.0, ""warnings"": [""product_type is unknown"", ""package_type is unknown""]}",0.745,True,"[""product_type""]","[""product_type is unknown"", ""package_type is unknown""]",https://example.com/walmart/products/wm_0162,2026-04-30T05:57:00,3.88
wm_0163,walmart,"Great Value Pancake Mix Original, 32 oz",great value pancake mix original 32 oz,Great Value,Great Value,Breakfast & Cereal,pantry,unknown,pantry,3.12,0.0975,Buy 2 save $1,32.0,oz,1,32.0,oz,32.0,32.0,weight,oz,unknown,False,True,True,"{""flavor"": ""original"", ""organic"": false, ""package_type"": ""unknown""}","{""attributes"": 1.0, ""brand"": 1.0, ""needs_review"": true, ""overall"": 0.745, ""product_type"": 0.3, ""quantity"": 1.0, ""warnings"": [""product_type is unknown"", ""package_type is unknown""]}",0.745,True,"[""product_type""]","[""product_type is unknown"", ""package_type is unknown""]",https://example.com/walmart/products/wm_0163,2026-04-30T05:40:00,2.98
wm_0164,walmart,"Great Value Plain Bagels, 6 ct",great value plain bagels 6 count,Great Value,Great Value,Bakery,bakery,unknown,bakery,3.2,0.5333,,6.0,ct,1,6.0,count,6.0,6.0,count,count,unknown,False,True,True,"{""flavor"": ""plain"", ""organic"": false, ""package_type"": ""unknown""}","{""attributes"": 1.0, ""brand"": 1.0, ""needs_review"": true, ""overall"": 0.825, ""product_type"": 0.3, ""quantity"": 1.0, ""warnings"": [""product_type is unknown""]}",0.825,True,"[""product_type""]","[""product_type is unknown""]",https://example.com/walmart/products/wm_0164,2026-04-30T05:23:00,2.3
wm_0165,walmart,"Great Value Hamburger Buns, 8 ct",great value hamburger buns 8 count,Great Value,Great Value,Bakery,bakery,unknown,bakery,2.88,0.36,,8.0,ct,1,8.0,count,8.0,8.0,count,count,unknown,False,True,True,"{""flavor"": ""unknown"", ""organic"": false, ""package_type"": ""unknown""}","{""attributes"": 1.0, ""brand"": 1.0, ""needs_review"": true, ""overall"": 0.825, ""product_type"": 0.3, ""quantity"": 1.0, ""warnings"": [""product_type is unknown""]}",0.825,True,"[""product_type""]","[""product_type is unknown""]",https://example.com/walmart/products/wm_0165,2026-04-30T05:06:00,1.62
wm_0166,walmart,"Great Value Hot Dog Buns, 8 ct",great value hot dog buns 8 count,Great Value,Great Value,Bakery,bakery,unknown,bakery,1.99,0.2487,Save $1,8.0,ct,1,8.0,count,8.0,8.0,count,count,unknown,False,True,True,"{""flavor"": ""unknown"", ""organic"": false, ""package_type"": ""unknown""}","{""attributes"": 1.0, ""brand"": 1.0, ""needs_review"": true, ""overall"": 0.825, ""product_type"": 0.3, ""quantity"": 1.0, ""warnings"": [""product_type is unknown""]}",0.825,True,"[""product_type""]","[""product_type is unknown""]",https://example.com/walmart/products/wm_0166,2026-04-30T04:49:00,1.51
wm_0167,walmart,"Great Value Flour Tortillas, 10 ct",great value flour tortillas 10 count,Great Value,Great Value,Bakery,bakery,unknown,bakery,3.29,0.329,Buy 2 save $1,10.0,ct,1,10.0,count,10.0,10.0,count,count,unknown,False,True,True,"{""flavor"": ""unknown"", ""organic"": false, ""package_type"": ""unknown""}","{""attributes"": 1.0, ""brand"": 1.0, ""needs_review"": true, ""overall"": 0.825, ""product_type"": 0.3, ""quantity"": 1.0, ""warnings"": [""product_type is unknown""]}",0.825,True,"[""product_type""]","[""product_type is unknown""]",https://example.com/walmart/products/wm_0167,2026-04-30T04:32:00,2.16
wm_0168,walmart,"Great Value Corn Tortillas, 30 ct",great value corn tortillas 30 count,Great Value,Great Value,Bakery,bakery,unknown,bakery,3.17,0.1057,,30.0,ct,1,30.0,count,30.0,30.0,count,count,unknown,False,True,True,"{""flavor"": ""unknown"", ""organic"": false, ""package_type"": ""unknown""}","{""attributes"": 1.0, ""brand"": 1.0, ""needs_review"": true, ""overall"": 0.825, ""product_type"": 0.3, ""quantity"": 1.0, ""warnings"": [""product_type is unknown""]}",0.825,True,"[""product_type""]","[""product_type is unknown""]",https://example.com/walmart/products/wm_0168,2026-04-30T04:15:00,2.25
wm_0169,walmart,"Great Value Pita Bread, 6 ct",great value pita bread 6 count,Great Value,Great Value,Bakery,bakery,bread,bakery,2.57,0.4283,,6.0,ct,1,6.0,count,6.0,6.0,count,count,unknown,False,True,True,"{""flavor"": ""unknown"", ""organic"": false, ""package_type"": ""unknown""}","{""attributes"": 1.0, ""brand"": 1.0, ""needs_review"": false, ""overall"": 1.0, ""product_type"": 1.0, ""quantity"": 1.0, ""warnings"": []}",1.0,False,[],[],https://example.com/walmart/products/wm_0169,2026-04-30T03:58:00,1.73
wm_0170,walmart,"Great Value English Muffins, 6 ct",great value english muffins 6 count,Great Value,Great Value,Bakery,bakery,unknown,bakery,2.52,0.42,Save $1,6.0,ct,1,6.0,count,6.0,6.0,count,count,unknown,False,True,True,"{""flavor"": ""unknown"", ""organic"": false, ""package_type"": ""unknown""}","{""attributes"": 1.0, ""brand"": 1.0, ""needs_review"": true, ""overall"": 0.825, ""product_type"": 0.3, ""quantity"": 1.0, ""warnings"": [""product_type is unknown""]}",0.825,True,"[""product_type""]","[""product_type is unknown""]",https://example.com/walmart/products/wm_0170,2026-04-30T03:41:00,1.52
wm_0171,walmart,"Great Value Half and Half, 1 pt",great value half and half 1 pt,Great Value,Great Value,Dairy & Eggs,unknown,unknown,unknown,3.21,,Rollback,16.0,fl oz,1,16.0,fl_oz,16.0,16.0,volume,fl_oz,unknown,False,True,True,{},"{""attributes"": 1.0, ""brand"": 1.0, ""needs_review"": true, ""overall"": 0.825, ""product_type"": 0.3, ""quantity"": 1.0, ""warnings"": [""product_type is unknown""]}",0.825,True,"[""product_type""]","[""product_type is unknown""]",https://example.com/walmart/products/wm_0171,2026-04-30T03:24:00,2.17
wm_0172,walmart,"Great Value Heavy Whipping Cream, 1 pt",great value heavy whipping cream 1 pt,Great Value,Great Value,Dairy & Eggs,unknown,unknown,unknown,4.32,,,16.0,fl oz,1,16.0,fl_oz,16.0,16.0,volume,fl_oz,unknown,False,True,True,{},"{""attributes"": 1.0, ""brand"": 1.0, ""needs_review"": true, ""overall"": 0.825, ""product_type"": 0.3, ""quantity"": 1.0, ""warnings"": [""product_type is unknown""]}",0.825,True,"[""product_type""]","[""product_type is unknown""]",https://example.com/walmart/products/wm_0172,2026-04-30T03:07:00,2.75
wm_0173,walmart,"Great Value Sour Cream, 8 oz",great value sour cream 8 oz,Great Value,Great Value,Dairy & Eggs,unknown,unknown,unknown,2.46,,,8.0,oz,1,8.0,oz,8.0,8.0,weight,oz,unknown,False,True,True,{},"{""attributes"": 1.0, ""brand"": 1.0, ""needs_review"": true, ""overall"": 0.825, ""product_type"": 0.3, ""quantity"": 1.0, ""warnings"": [""product_type is unknown""]}",0.825,True,"[""product_type""]","[""product_type is unknown""]",https://example.com/walmart/products/wm_0173,2026-04-30T02:50:00,1.44
wm_0174,walmart,"Great Value Cottage Cheese, 16 oz",great value cottage cheese 16 oz,Great Value,Great Value,Dairy & Eggs,unknown,cheese,cheese,2.84,,,16.0,oz,1,16.0,oz,16.0,16.0,weight,oz,unknown,False,True,True,"{""flavor"": ""unknown"", ""organic"": false, ""package_type"": ""unknown""}","{""attributes"": 1.0, ""brand"": 1.0, ""needs_review"": false, ""overall"": 1.0, ""product_type"": 1.0, ""quantity"": 1.0, ""warnings"": []}",1.0,False,[],[],https://example.com/walmart/products/wm_0174,2026-04-30T02:33:00,1.72
wm_0175,walmart,"Save $2 Great Value Ricotta Cheese, 15 oz",save 2 great value ricotta cheese 15 oz,Great Value,Great Value,Dairy & Eggs,unknown,cheese,cheese,4.36,0.2907,Save $2,15.0,oz,1,15.0,oz,15.0,15.0,weight,oz,unknown,False,True,True,"{""flavor"": ""unknown"", ""organic"": false, ""package_type"": ""unknown""}","{""attributes"": 1.0, ""brand"": 1.0, ""needs_review"": false, ""overall"": 1.0, ""product_type"": 1.0, ""quantity"": 1.0, ""warnings"": []}",1.0,False,[],[],https://example.com/walmart/products/wm_0175,2026-04-30T02:16:00,2.74
wm_0176,walmart,"Great Value String Cheese Mozzarella, 12 ct",great value string cheese mozzarella 12 count,Great Value,Great Value,Dairy & Eggs,unknown,cheese,cheese,4.68,0.39,,12.0,ct,1,12.0,count,12.0,12.0,count,count,unknown,False,True,True,"{""flavor"": ""unknown"", ""organic"": false, ""package_type"": ""unknown""}","{""attributes"": 1.0, ""brand"": 1.0, ""needs_review"": false, ""overall"": 1.0, ""product_type"": 1.0, ""quantity"": 1.0, ""warnings"": []}",1.0,False,[],[],https://example.com/walmart/products/wm_0176,2026-04-30T01:59:00,3.4
wm_0177,walmart,"Great Value Sliced Swiss Cheese, 8 oz",great value sliced swiss cheese 8 oz,Great Value,Great Value,Dairy & Eggs,unknown,cheese,cheese,5.2,,,8.0,oz,1,8.0,oz,8.0,8.0,weight,oz,unknown,False,True,True,"{""flavor"": ""unknown"", ""organic"": false, ""package_type"": ""unknown""}","{""attributes"": 1.0, ""brand"": 1.0, ""needs_review"": false, ""overall"": 1.0, ""product_type"": 1.0, ""quantity"": 1.0, ""warnings"": []}",1.0,False,[],[],https://example.com/walmart/products/wm_0177,2026-04-30T01:42:00,3.7
wm_0178,walmart,"Great Value Pepper Jack Shredded, 8 oz",great value pepper jack shredded 8 oz,Great Value,Great Value,Dairy & Eggs,unknown,unknown,unknown,5.12,,Save $2,8.0,oz,1,8.0,oz,8.0,8.0,weight,oz,unknown,False,True,True,{},"{""attributes"": 1.0, ""brand"": 1.0, ""needs_review"": true, ""overall"": 0.825, ""product_type"": 0.3, ""quantity"": 1.0, ""warnings"": [""product_type is unknown""]}",0.825,True,"[""product_type""]","[""product_type is unknown""]",https://example.com/walmart/products/wm_0178,2026-04-30T01:25:00,2.95
wm_0179,walmart,"Great Value Plain Whole Milk Yogurt, 32 oz",great value plain whole milk yogurt 32 oz,Great Value,Great Value,Dairy & Eggs,unknown,milk,dairy_milk,4.71,0.1472,,32.0,oz,1,32.0,oz,32.0,32.0,weight,oz,unknown,False,True,True,"{""fat_content"": ""whole"", ""lactose_free"": false, ""organic"": false, ""package_type"": ""unknown""}","{""attributes"": 1.0, ""brand"": 1.0, ""needs_review"": false, ""overall"": 0.92, ""product_type"": 1.0, ""quantity"": 1.0, ""warnings"": [""package_type is unknown""]}",0.92,False,[],"[""package_type is unknown""]",https://example.com/walmart/products/wm_0179,2026-04-30T01:08:00,2.83
wm_0180,walmart,"Great Value Strawberry Yogurt, 6 oz",great value strawberry yogurt 6 oz,Great Value,Great Value,Dairy & Eggs,unknown,yogurt,yogurt,0.71,0.1183,,6.0,oz,1,6.0,oz,6.0,6.0,weight,oz,unknown,False,True,True,"{""fat_content"": ""unknown"", ""flavor"": ""strawberry"", ""multi_pack"": false, ""organic"": false, ""package_type"": ""unknown"", ""style"": ""regular""}","{""attributes"": 1.0, ""brand"": 1.0, ""needs_review"": false, ""overall"": 0.92, ""product_type"": 1.0, ""quantity"": 1.0, ""warnings"": [""package_type is unknown""]}",0.92,False,[],"[""package_type is unknown""]",https://example.com/walmart/products/wm_0180,2026-04-30T00:51:00,0.52
wm_0181,walmart,"Great Value Vanilla Almond Granola, 12 oz",great value vanilla almond granola 12 oz,Great Value,Great Value,Breakfast & Cereal,pantry,unknown,pantry,4.09,,Save $2,12.0,oz,1,12.0,oz,12.0,12.0,weight,oz,unknown,False,True,True,"{""flavor"": ""unknown"", ""organic"": false, ""package_type"": ""unknown""}","{""attributes"": 1.0, ""brand"": 1.0, ""needs_review"": true, ""overall"": 0.745, ""product_type"": 0.3, ""quantity"": 1.0, ""warnings"": [""product_type is unknown"", ""package_type is unknown""]}",0.745,True,"[""product_type""]","[""product_type is unknown"", ""package_type is unknown""]",https://example.com/walmart/products/wm_0181,2026-04-30T00:34:00,2.71
wm_0182,walmart,"Great Value Honey Nut Granola, 12 oz",great value honey nut granola 12 oz,Great Value,Great Value,Breakfast & Cereal,pantry,honey,pantry,6.0,0.5,Rollback,12.0,oz,1,12.0,oz,12.0,12.0,weight,oz,unknown,False,True,True,"{""flavor"": ""honey_nut"", ""organic"": false, ""package_type"": ""unknown""}","{""attributes"": 1.0, ""brand"": 1.0, ""needs_review"": false, ""overall"": 0.92, ""product_type"": 1.0, ""quantity"": 1.0, ""warnings"": [""package_type is unknown""]}",0.92,False,[],"[""package_type is unknown""]",https://example.com/walmart/products/wm_0182,2026-04-30T00:17:00,5.73
wm_0183,walmart,"Great Value Granola Bars Chewy, 8 ct",great value granola bars chewy 8 count,Great Value,Great Value,Snacks,snacks,granola_bars,snacks,5.88,,Save $2,0.84,oz,8,0.84,oz,0.84,6.72,weight,oz,unknown,False,True,True,"{""flavor"": ""unknown"", ""organic"": false, ""package_type"": ""unknown""}","{""attributes"": 1.0, ""brand"": 1.0, ""needs_review"": false, ""overall"": 0.92, ""product_type"": 1.0, ""quantity"": 1.0, ""warnings"": [""package_type is unknown""]}",0.92,False,[],"[""package_type is unknown""]",https://example.com/walmart/products/wm_0183,2026-04-30T00:00:00,4.32
wm_0184,walmart,"Great Value Pretzels Mini Twists, 16 oz",great value pretzels mini twists 16 oz,Great Value,Great Value,Snacks,snacks,unknown,snacks,2.73,0.1706,Save $1,16.0,oz,1,16.0,oz,16.0,16.0,weight,oz,unknown,False,True,True,"{""flavor"": ""unknown"", ""organic"": false, ""package_type"": ""unknown""}","{""attributes"": 1.0, ""brand"": 1.0, ""needs_review"": true, ""overall"": 0.745, ""product_type"": 0.3, ""quantity"": 1.0, ""warnings"": [""product_type is unknown"", ""package_type is unknown""]}",0.745,True,"[""product_type""]","[""product_type is unknown"", ""package_type is unknown""]",https://example.com/walmart/products/wm_0184,2026-04-29T23:43:00,2.12
wm_0185,walmart,"Great Value Pretzel Sticks, 15 oz",great value pretzel sticks 15 oz,Great Value,Great Value,Snacks,snacks,unknown,snacks,3.22,,Save $2,15.0,oz,1,15.0,oz,15.0,15.0,weight,oz,stick,False,True,True,"{""flavor"": ""unknown"", ""organic"": false, ""package_type"": ""stick""}","{""attributes"": 1.0, ""brand"": 1.0, ""needs_review"": true, ""overall"": 0.825, ""product_type"": 0.3, ""quantity"": 1.0, ""warnings"": [""product_type is unknown""]}",0.825,True,"[""product_type""]","[""product_type is unknown""]",https://example.com/walmart/products/wm_0185,2026-04-29T23:26:00,2.18
wm_0186,walmart,"Great Value Microwave Popcorn Butter, 3 ct",great value microwave popcorn butter 3 count,Great Value,Great Value,Snacks,snacks,butter,butter,2.87,0.299,Save $1,3.2,oz,3,3.2,oz,3.2,9.600000000000001,weight,oz,unknown,False,True,True,"{""flavor"": ""unknown"", ""organic"": false, ""package_type"": ""unknown""}","{""attributes"": 1.0, ""brand"": 1.0, ""needs_review"": false, ""overall"": 0.85, ""product_type"": 1.0, ""quantity"": 1.0, ""warnings"": [""raw category family snacks conflicts with inferred family butter""]}",0.85,False,[],"[""raw category family snacks conflicts with inferred family butter""]",https://example.com/walmart/products/wm_0186,2026-04-29T23:09:00,1.9
wm_0187,walmart,"Great Value Mixed Nuts Salted, 8 oz",great value mixed nuts salted 8 oz,Great Value,Great Value,Snacks,snacks,unknown,snacks,4.99,,,8.0,oz,1,8.0,oz,8.0,8.0,weight,oz,unknown,False,True,True,"{""flavor"": ""unknown"", ""organic"": false, ""package_type"": ""unknown""}","{""attributes"": 1.0, ""brand"": 1.0, ""needs_review"": true, ""overall"": 0.745, ""product_type"": 0.3, ""quantity"": 1.0, ""warnings"": [""product_type is unknown"", ""package_type is unknown""]}",0.745,True,"[""product_type""]","[""product_type is unknown"", ""package_type is unknown""]",https://example.com/walmart/products/wm_0187,2026-04-29T22:52:00,2.89
wm_0188,walmart,"Great Value Roasted Cashews, 8 oz",great value roasted cashews 8 oz,Great Value,Great Value,Snacks,snacks,unknown,snacks,6.77,,Save $1,8.0,oz,1,8.0,oz,8.0,8.0,weight,oz,unknown,False,True,True,"{""flavor"": ""unknown"", ""organic"": false, ""package_type"": ""unknown""}","{""attributes"": 1.0, ""brand"": 1.0, ""needs_review"": true, ""overall"": 0.745, ""product_type"": 0.3, ""quantity"": 1.0, ""warnings"": [""product_type is unknown"", ""package_type is unknown""]}",0.745,True,"[""product_type""]","[""product_type is unknown"", ""package_type is unknown""]",https://example.com/walmart/products/wm_0188,2026-04-29T22:35:00,5.23
wm_0189,walmart,"Great Value Dried Cranberries, 6 oz",great value dried cranberries 6 oz,Great Value,Great Value,Snacks,snacks,unknown,snacks,3.58,,Save $2,6.0,oz,1,6.0,oz,6.0,6.0,weight,oz,unknown,False,True,True,"{""flavor"": ""unknown"", ""organic"": false, ""package_type"": ""unknown""}","{""attributes"": 1.0, ""brand"": 1.0, ""needs_review"": true, ""overall"": 0.745, ""product_type"": 0.3, ""quantity"": 1.0, ""warnings"": [""product_type is unknown"", ""package_type is unknown""]}",0.745,True,"[""product_type""]","[""product_type is unknown"", ""package_type is unknown""]",https://example.com/walmart/products/wm_0189,2026-04-29T22:18:00,2.28
wm_0190,walmart,"Great Value Raisins Seedless, 12 oz",great value raisins seedless 12 oz,Great Value,Great Value,Snacks,snacks,unknown,snacks,4.46,0.3717,,12.0,oz,1,12.0,oz,12.0,12.0,weight,oz,unknown,False,True,True,"{""flavor"": ""unknown"", ""organic"": false, ""package_type"": ""unknown""}","{""attributes"": 1.0, ""brand"": 1.0, ""needs_review"": true, ""overall"": 0.745, ""product_type"": 0.3, ""quantity"": 1.0, ""warnings"": [""product_type is unknown"", ""package_type is unknown""]}",0.745,True,"[""product_type""]","[""product_type is unknown"", ""package_type is unknown""]",https://example.com/walmart/products/wm_0190,2026-04-29T22:01:00,2.82
wm_0191,walmart,"Great Value Fruit Snacks Variety, 10 ct",great value fruit snacks variety 10 count,Great Value,Great Value,Snacks,snacks,unknown,snacks,3.04,0.38,Save $1,0.8,oz,10,0.8,oz,0.8,8.0,weight,oz,unknown,False,True,True,"{""flavor"": ""unknown"", ""organic"": false, ""package_type"": ""unknown""}","{""attributes"": 1.0, ""brand"": 1.0, ""needs_review"": true, ""overall"": 0.745, ""product_type"": 0.3, ""quantity"": 1.0, ""warnings"": [""product_type is unknown"", ""package_type is unknown""]}",0.745,True,"[""product_type""]","[""product_type is unknown"", ""package_type is unknown""]",https://example.com/walmart/products/wm_0191,2026-04-29T21:44:00,1.73
wm_0192,walmart,"Great Value Apple Sauce Cups, 6 ct",great value apple sauce cups 6 count,Great Value,Great Value,Snacks,snacks,apples,produce,4.12,0.1717,,4.0,oz,6,4.0,oz,4.0,24.0,weight,oz,cup,False,True,True,"{""organic"": false, ""package_type"": ""cup"", ""produce_form"": ""unknown"", ""unit_basis"": ""unknown"", ""variety"": ""unknown""}","{""attributes"": 0.5, ""brand"": 1.0, ""needs_review"": true, ""overall"": 0.725, ""product_type"": 1.0, ""quantity"": 1.0, ""warnings"": [""missing required attributes: produce_form, unit_basis"", ""raw category family snacks conflicts with inferred family produce""]}",0.725,True,"[""produce_form"", ""unit_basis""]","[""missing required attributes: produce_form, unit_basis"", ""raw category family snacks conflicts with inferred family produce""]",https://example.com/walmart/products/wm_0192,2026-04-29T21:27:00,2.57
wm_0193,walmart,"Great Value Frozen Mixed Berries, 12 oz",great value frozen mixed berries 12 oz,Great Value,Great Value,Frozen Foods,frozen,unknown,frozen,4.58,,Buy 2 save $1,12.0,oz,1,12.0,oz,12.0,12.0,weight,oz,unknown,False,True,True,"{""flavor"": ""unknown"", ""organic"": false, ""package_type"": ""unknown""}","{""attributes"": 1.0, ""brand"": 1.0, ""needs_review"": true, ""overall"": 0.745, ""product_type"": 0.3, ""quantity"": 1.0, ""warnings"": [""product_type is unknown"", ""package_type is unknown""]}",0.745,True,"[""product_type""]","[""product_type is unknown"", ""package_type is unknown""]",https://example.com/walmart/products/wm_0193,2026-04-29T21:10:00,4.45
wm_0194,walmart,"Great Value Frozen Strawberries, 16 oz",great value frozen strawberries 16 oz,Great Value,Great Value,Frozen Foods,frozen,berries,produce,4.54,0.2838,Save $1,16.0,oz,1,16.0,oz,16.0,16.0,weight,oz,unknown,False,True,True,"{""organic"": false, ""package_type"": ""unknown"", ""produce_form"": ""unknown"", ""unit_basis"": ""unknown"", ""variety"": ""unknown""}","{""attributes"": 0.5, ""brand"": 1.0, ""needs_review"": true, ""overall"": 0.725, ""product_type"": 1.0, ""quantity"": 1.0, ""warnings"": [""missing required attributes: produce_form, unit_basis"", ""raw category family frozen conflicts with inferred family produce""]}",0.725,True,"[""produce_form"", ""unit_basis""]","[""missing required attributes: produce_form, unit_basis"", ""raw category family frozen conflicts with inferred family produce""]",https://example.com/walmart/products/wm_0194,2026-04-29T20:53:00,2.69
wm_0195,walmart,"Great Value Frozen Broccoli, 12 oz",great value frozen broccoli 12 oz,Great Value,Great Value,Frozen Foods,frozen,unknown,frozen,1.65,0.1375,,12.0,oz,1,12.0,oz,12.0,12.0,weight,oz,unknown,False,True,True,"{""flavor"": ""unknown"", ""organic"": false, ""package_type"": ""unknown""}","{""attributes"": 1.0, ""brand"": 1.0, ""needs_review"": true, ""overall"": 0.745, ""product_type"": 0.3, ""quantity"": 1.0, ""warnings"": [""product_type is unknown"", ""package_type is unknown""]}",0.745,True,"[""product_type""]","[""product_type is unknown"", ""package_type is unknown""]",https://example.com/walmart/products/wm_0195,2026-04-29T20:36:00,1.17
wm_0196,walmart,"Great Value Frozen Peas, 12 oz",great value frozen peas 12 oz,Great Value,Great Value,Frozen Foods,frozen,unknown,frozen,2.33,0.1942,Save $2,12.0,oz,1,12.0,oz,12.0,12.0,weight,oz,unknown,False,True,True,"{""flavor"": ""unknown"", ""organic"": false, ""package_type"": ""unknown""}","{""attributes"": 1.0, ""brand"": 1.0, ""needs_review"": true, ""overall"": 0.745, ""product_type"": 0.3, ""quantity"": 1.0, ""warnings"": [""product_type is unknown"", ""package_type is unknown""]}",0.745,True,"[""product_type""]","[""product_type is unknown"", ""package_type is unknown""]",https://example.com/walmart/products/wm_0196,2026-04-29T20:19:00,1.35
wm_0197,walmart,"Great Value Frozen Spinach, 12 oz",great value frozen spinach 12 oz,Great Value,Great Value,Frozen Foods,frozen,spinach,produce,2.4,0.2,,12.0,oz,1,12.0,oz,12.0,12.0,weight,oz,unknown,False,True,True,"{""organic"": false, ""package_type"": ""unknown"", ""produce_form"": ""unknown"", ""unit_basis"": ""unknown"", ""variety"": ""unknown""}","{""attributes"": 0.5, ""brand"": 1.0, ""needs_review"": true, ""overall"": 0.725, ""product_type"": 1.0, ""quantity"": 1.0, ""warnings"": [""missing required attributes: produce_form, unit_basis"", ""raw category family frozen conflicts with inferred family produce""]}",0.725,True,"[""produce_form"", ""unit_basis""]","[""missing required attributes: produce_form, unit_basis"", ""raw category family frozen conflicts with inferred family produce""]",https://example.com/walmart/products/wm_0197,2026-04-29T20:02:00,1.55
wm_0198,walmart,"Great Value Frozen Waffles, 10 ct",great value frozen waffles 10 count,Great Value,Great Value,Frozen Foods,frozen,unknown,frozen,2.06,,Save $1,1.25,oz,10,1.25,oz,1.25,12.5,weight,oz,unknown,False,True,True,"{""flavor"": ""unknown"", ""organic"": false, ""package_type"": ""unknown""}","{""attributes"": 1.0, ""brand"": 1.0, ""needs_review"": true, ""overall"": 0.745, ""product_type"": 0.3, ""quantity"": 1.0, ""warnings"": [""product_type is unknown"", ""package_type is unknown""]}",0.745,True,"[""product_type""]","[""product_type is unknown"", ""package_type is unknown""]",https://example.com/walmart/products/wm_0198,2026-04-29T19:45:00,1.16
wm_0199,walmart,"Great Value Frozen Cheese Pizza, 12 inch",great value frozen cheese pizza 12 inch,Great Value,Great Value,Frozen Foods,frozen,cheese,cheese,5.11,,,12.0,oz,1,12.0,oz,12.0,12.0,weight,oz,unknown,False,True,True,"{""flavor"": ""unknown"", ""organic"": false, ""package_type"": ""unknown""}","{""attributes"": 1.0, ""brand"": 1.0, ""needs_review"": false, ""overall"": 0.85, ""product_type"": 1.0, ""quantity"": 1.0, ""warnings"": [""raw category family frozen conflicts with inferred family cheese""]}",0.85,False,[],"[""raw category family frozen conflicts with inferred family cheese""]",https://example.com/walmart/products/wm_0199,2026-04-29T19:28:00,3.89
wm_0200,walmart,"Great Value Frozen Burritos Bean Cheese, 8 ct",great value frozen burritos bean cheese 8 count,Great Value,Great Value,Frozen Foods,frozen,cheese,cheese,4.78,0.1494,,4.0,oz,8,4.0,oz,4.0,32.0,weight,oz,unknown,False,True,True,"{""flavor"": ""unknown"", ""organic"": false, ""package_type"": ""unknown""}","{""attributes"": 1.0, ""brand"": 1.0, ""needs_review"": false, ""overall"": 0.85, ""product_type"": 1.0, ""quantity"": 1.0, ""warnings"": [""raw category family frozen conflicts with inferred family cheese""]}",0.85,False,[],"[""raw category family frozen conflicts with inferred family cheese""]",https://example.com/walmart/products/wm_0200,2026-04-29T19:11:00,3.66
wm_0201,walmart,"Great Value Vanilla Ice Cream, 48 fl oz",great value vanilla ice cream 48 fl oz,Great Value,Great Value,Frozen Foods,frozen,ice_cream,frozen,3.49,0.0727,Save $2,48.0,fl oz,1,48.0,fl_oz,48.0,48.0,volume,fl_oz,unknown,False,True,True,"{""flavor"": ""unknown"", ""organic"": false, ""package_type"": ""unknown""}","{""attributes"": 1.0, ""brand"": 1.0, ""needs_review"": false, ""overall"": 0.92, ""product_type"": 1.0, ""quantity"": 1.0, ""warnings"": [""package_type is unknown""]}",0.92,False,[],"[""package_type is unknown""]",https://example.com/walmart/products/wm_0201,2026-04-29T18:54:00,2.53
wm_0202,walmart,"Great Value Chocolate Ice Cream, 48 fl oz",great value chocolate ice cream 48 fl oz,Great Value,Great Value,Frozen Foods,frozen,ice_cream,frozen,4.27,,Rollback,48.0,fl oz,1,48.0,fl_oz,48.0,48.0,volume,fl_oz,unknown,False,True,True,"{""flavor"": ""unknown"", ""organic"": false, ""package_type"": ""unknown""}","{""attributes"": 1.0, ""brand"": 1.0, ""needs_review"": false, ""overall"": 0.92, ""product_type"": 1.0, ""quantity"": 1.0, ""warnings"": [""package_type is unknown""]}",0.92,False,[],"[""package_type is unknown""]",https://example.com/walmart/products/wm_0202,2026-04-29T18:37:00,3.18
wm_0203,walmart,"Great Value Cookies & Cream Ice Cream, 48 fl oz",great value cookies and cream ice cream 48 fl oz,Great Value,Great Value,Frozen Foods,frozen,ice_cream,frozen,4.08,,Save $2,48.0,fl oz,1,48.0,fl_oz,48.0,48.0,volume,fl_oz,unknown,False,True,True,"{""flavor"": ""unknown"", ""organic"": false, ""package_type"": ""unknown""}","{""attributes"": 1.0, ""brand"": 1.0, ""needs_review"": false, ""overall"": 0.92, ""product_type"": 1.0, ""quantity"": 1.0, ""warnings"": [""package_type is unknown""]}",0.92,False,[],"[""package_type is unknown""]",https://example.com/walmart/products/wm_0203,2026-04-29T18:20:00,2.73
wm_0204,walmart,"Rollback Great Value Apple Juice, 64 fl oz",rollback great value apple juice 64 fl oz,Great Value,Great Value,Beverages,beverages,apples,produce,2.48,,Rollback,64.0,fl oz,1,64.0,fl_oz,64.0,64.0,volume,fl_oz,unknown,False,True,True,"{""organic"": false, ""package_type"": ""unknown"", ""produce_form"": ""unknown"", ""unit_basis"": ""unknown"", ""variety"": ""unknown""}","{""attributes"": 0.5, ""brand"": 1.0, ""needs_review"": true, ""overall"": 0.725, ""product_type"": 1.0, ""quantity"": 1.0, ""warnings"": [""missing required attributes: produce_form, unit_basis"", ""raw category family beverages conflicts with inferred family produce""]}",0.725,True,"[""produce_form"", ""unit_basis""]","[""missing required attributes: produce_form, unit_basis"", ""raw category family beverages conflicts with inferred family produce""]",https://example.com/walmart/products/wm_0204,2026-04-29T18:03:00,1.39
wm_0205,walmart,"Great Value Cranberry Juice Cocktail, 64 fl oz",great value cranberry juice cocktail 64 fl oz,Great Value,Great Value,Beverages,beverages,unknown,beverages,3.4,,Save $1,64.0,fl oz,1,64.0,fl_oz,64.0,64.0,volume,fl_oz,unknown,False,True,True,"{""caffeine"": ""unknown"", ""carbonated"": false, ""diet_type"": ""regular"", ""flavor"": ""classic"", ""package_type"": ""unknown""}","{""attributes"": 1.0, ""brand"": 1.0, ""needs_review"": true, ""overall"": 0.745, ""product_type"": 0.3, ""quantity"": 1.0, ""warnings"": [""product_type is unknown"", ""package_type is unknown""]}",0.745,True,"[""product_type""]","[""product_type is unknown"", ""package_type is unknown""]",https://example.com/walmart/products/wm_0205,2026-04-29T17:46:00,2.3
wm_0206,walmart,"Save $1 Great Value Lemonade, 64 fl oz",save 1 great value lemonade 64 fl oz,Great Value,Great Value,Beverages,beverages,unknown,beverages,4.07,,Save $1,64.0,fl oz,1,64.0,fl_oz,64.0,64.0,volume,fl_oz,unknown,False,True,True,"{""caffeine"": ""unknown"", ""carbonated"": ""unknown"", ""diet_type"": ""regular"", ""flavor"": ""classic"", ""package_type"": ""unknown""}","{""attributes"": 1.0, ""brand"": 1.0, ""needs_review"": true, ""overall"": 0.745, ""product_type"": 0.3, ""quantity"": 1.0, ""warnings"": [""product_type is unknown"", ""package_type is unknown""]}",0.745,True,"[""product_type""]","[""product_type is unknown"", ""package_type is unknown""]",https://example.com/walmart/products/wm_0206,2026-04-29T17:29:00,3.17
wm_0207,walmart,"Great Value Iced Tea Black, 128 fl oz",great value iced tea black 128 fl oz,Great Value,Great Value,Beverages,beverages,unknown,beverages,3.38,0.0264,Save $1,128.0,fl oz,1,128.0,fl_oz,128.0,128.0,volume,fl_oz,unknown,False,True,True,"{""caffeine"": ""unknown"", ""carbonated"": ""unknown"", ""diet_type"": ""regular"", ""flavor"": ""classic"", ""package_type"": ""unknown""}","{""attributes"": 1.0, ""brand"": 1.0, ""needs_review"": true, ""overall"": 0.745, ""product_type"": 0.3, ""quantity"": 1.0, ""warnings"": [""product_type is unknown"", ""package_type is unknown""]}",0.745,True,"[""product_type""]","[""product_type is unknown"", ""package_type is unknown""]",https://example.com/walmart/products/wm_0207,2026-04-29T17:12:00,2.32
wm_0208,walmart,"Great Value Black Tea Bags, 100 ct",great value black tea bags 100 count,Great Value,Great Value,Beverages,beverages,unknown,beverages,5.79,0.0579,,100.0,ct,1,100.0,count,100.0,100.0,count,count,unknown,False,True,True,"{""caffeine"": ""unknown"", ""carbonated"": ""unknown"", ""diet_type"": ""regular"", ""flavor"": ""classic"", ""package_type"": ""unknown""}","{""attributes"": 1.0, ""brand"": 1.0, ""needs_review"": true, ""overall"": 0.745, ""product_type"": 0.3, ""quantity"": 1.0, ""warnings"": [""product_type is unknown"", ""package_type is unknown""]}",0.745,True,"[""product_type""]","[""product_type is unknown"", ""package_type is unknown""]",https://example.com/walmart/products/wm_0208,2026-04-29T16:55:00,4.5
wm_0209,walmart,"Great Value Green Tea Bags, 40 ct",great value green tea bags 40 count,Great Value,Great Value,Beverages,beverages,unknown,beverages,3.38,,Save $1,40.0,ct,1,40.0,count,40.0,40.0,count,count,unknown,False,True,True,"{""caffeine"": ""unknown"", ""carbonated"": ""unknown"", ""diet_type"": ""regular"", ""flavor"": ""classic"", ""package_type"": ""unknown""}","{""attributes"": 1.0, ""brand"": 1.0, ""needs_review"": true, ""overall"": 0.745, ""product_type"": 0.3, ""quantity"": 1.0, ""warnings"": [""product_type is unknown"", ""package_type is unknown""]}",0.745,True,"[""product_type""]","[""product_type is unknown"", ""package_type is unknown""]",https://example.com/walmart/products/wm_0209,2026-04-29T16:38:00,2.47
wm_0210,walmart,"Great Value Coffee Filters, 100 ct",great value coffee filters 100 count,Great Value,Great Value,Beverages,beverages,coffee,beverages,2.53,0.0253,Buy 2 save $1,100.0,ct,1,100.0,count,100.0,100.0,count,count,unknown,False,True,True,"{""caffeine"": ""caffeinated"", ""carbonated"": false, ""diet_type"": ""regular"", ""flavor"": ""classic"", ""package_type"": ""unknown""}","{""attributes"": 1.0, ""brand"": 1.0, ""needs_review"": false, ""overall"": 0.92, ""product_type"": 1.0, ""quantity"": 1.0, ""warnings"": [""package_type is unknown""]}",0.92,False,[],"[""package_type is unknown""]",https://example.com/walmart/products/wm_0210,2026-04-29T16:21:00,1.45
wm_0211,walmart,"Great Value Ground Coffee Medium Roast, 12 oz",great value ground coffee medium roast 12 oz,Great Value,Great Value,Beverages,beverages,coffee,beverages,7.72,0.6433,,12.0,oz,1,12.0,oz,12.0,12.0,weight,oz,unknown,False,True,True,"{""caffeine"": ""caffeinated"", ""carbonated"": false, ""diet_type"": ""regular"", ""flavor"": ""classic"", ""package_type"": ""unknown""}","{""attributes"": 1.0, ""brand"": 1.0, ""needs_review"": false, ""overall"": 0.92, ""product_type"": 1.0, ""quantity"": 1.0, ""warnings"": [""package_type is unknown""]}",0.92,False,[],"[""package_type is unknown""]",https://example.com/walmart/products/wm_0211,2026-04-29T16:04:00,4.37
wm_0212,walmart,"Great Value Decaf Ground Coffee, 12 oz",great value decaf ground coffee 12 oz,Great Value,Great Value,Beverages,beverages,coffee,beverages,9.86,,Save $1,12.0,oz,1,12.0,oz,12.0,12.0,weight,oz,unknown,False,True,True,"{""caffeine"": ""caffeine_free"", ""carbonated"": false, ""diet_type"": ""regular"", ""flavor"": ""classic"", ""package_type"": ""unknown""}","{""attributes"": 1.0, ""brand"": 1.0, ""needs_review"": false, ""overall"": 0.92, ""product_type"": 1.0, ""quantity"": 1.0, ""warnings"": [""package_type is unknown""]}",0.92,False,[],"[""package_type is unknown""]",https://example.com/walmart/products/wm_0212,2026-04-29T15:47:00,6.92
wm_0213,walmart,"Great Value K-Cup Coffee Pods, 18 ct",great value k cup coffee pods 18 count,Great Value,Great Value,Beverages,beverages,coffee,beverages,13.36,1.8556,,0.4,oz,18,0.4,oz,0.4,7.2,weight,oz,cup,False,True,True,"{""caffeine"": ""caffeinated"", ""carbonated"": false, ""diet_type"": ""regular"", ""flavor"": ""classic"", ""package_type"": ""cup""}","{""attributes"": 1.0, ""brand"": 1.0, ""needs_review"": false, ""overall"": 1.0, ""product_type"": 1.0, ""quantity"": 1.0, ""warnings"": []}",1.0,False,[],[],https://example.com/walmart/products/wm_0213,2026-04-29T15:30:00,9.84
wm_0214,walmart,"Great Value All-Purpose Flour, 10 lb",great value all purpose flour 10 lb,Great Value,Great Value,Pantry,pantry,unknown,pantry,6.48,0.648,,10.0,lb,1,10.0,lb,160.0,160.0,weight,oz,unknown,False,True,True,"{""flavor"": ""unknown"", ""organic"": false, ""package_type"": ""unknown""}","{""attributes"": 1.0, ""brand"": 1.0, ""needs_review"": true, ""overall"": 0.745, ""product_type"": 0.3, ""quantity"": 1.0, ""warnings"": [""product_type is unknown"", ""package_type is unknown""]}",0.745,True,"[""product_type""]","[""product_type is unknown"", ""package_type is unknown""]",https://example.com/walmart/products/wm_0214,2026-04-29T15:13:00,4.84
wm_0215,walmart,"Great Value Granulated Sugar, 10 lb",great value granulated sugar 10 lb,Great Value,Great Value,Pantry,pantry,unknown,pantry,5.63,,,10.0,lb,1,10.0,lb,160.0,160.0,weight,oz,unknown,False,True,True,"{""flavor"": ""unknown"", ""organic"": false, ""package_type"": ""unknown""}","{""attributes"": 1.0, ""brand"": 1.0, ""needs_review"": true, ""overall"": 0.745, ""product_type"": 0.3, ""quantity"": 1.0, ""warnings"": [""product_type is unknown"", ""package_type is unknown""]}",0.745,True,"[""product_type""]","[""product_type is unknown"", ""package_type is unknown""]",https://example.com/walmart/products/wm_0215,2026-04-29T14:56:00,3.31
tg_0001,target,Good & Gather Organic Whole Milk 1 Gal,good and gather organic whole milk 1 gal,Good & Gather,Good & Gather,Milk & Cream,dairy_milk,milk,dairy_milk,6.2,6.2,Circle deal,1.0,gal,1,1.0,gal,128.0,128.0,volume,fl_oz,unknown,True,True,True,"{""fat_content"": ""whole"", ""lactose_free"": false, ""organic"": true, ""package_type"": ""unknown""}","{""attributes"": 1.0, ""brand"": 1.0, ""needs_review"": false, ""overall"": 0.92, ""product_type"": 1.0, ""quantity"": 1.0, ""warnings"": [""package_type is unknown""]}",0.92,False,[],"[""package_type is unknown""]",https://example.com/target/products/tg_0001,2026-05-08T10:52:00,4.27
tg_0002,target,"Good & Gather Whole Milk, 1 Gallon",good and gather whole milk 1 gallon,Good & Gather,Good & Gather,Milk & Cream,dairy_milk,milk,dairy_milk,4.53,4.53,BOGO 50% off,1.0,gal,1,1.0,gal,128.0,128.0,volume,fl_oz,unknown,False,True,True,"{""fat_content"": ""whole"", ""lactose_free"": false, ""organic"": false, ""package_type"": ""unknown""}","{""attributes"": 1.0, ""brand"": 1.0, ""needs_review"": false, ""overall"": 0.92, ""product_type"": 1.0, ""quantity"": 1.0, ""warnings"": [""package_type is unknown""]}",0.92,False,[],"[""package_type is unknown""]",https://example.com/target/products/tg_0002,2026-05-08T09:44:00,3.46
tg_0003,target,Good & Gather Unsweetened Almond Milk 64 fl oz,good and gather unsweetened almond milk 64 fl oz,Good & Gather,Good & Gather,Plant-Based,plant_based_milk,almond_milk,plant_based_milk,3.37,0.0527,,64.0,fl oz,1,64.0,fl_oz,64.0,64.0,volume,fl_oz,unknown,False,True,True,"{""barista_style"": false, ""base"": ""almond"", ""package_type"": ""unknown"", ""sweetness"": ""unsweetened""}","{""attributes"": 1.0, ""brand"": 1.0, ""needs_review"": false, ""overall"": 0.92, ""product_type"": 1.0, ""quantity"": 1.0, ""warnings"": [""package_type is unknown""]}",0.92,False,[],"[""package_type is unknown""]",https://example.com/target/products/tg_0003,2026-05-08T07:45:00,2.41
tg_0004,target,Good & Gather 0at Mlk 64 fI oz,good and gather oat mlk 64 fl oz,Good & Gather,Good & Gather,Plant-Based,plant_based_milk,unknown,plant_based_milk,4.01,0.0627,Circle deal,64.0,fl oz,1,64.0,fl_oz,64.0,64.0,volume,fl_oz,unknown,False,True,True,"{""barista_style"": false, ""base"": ""oat"", ""package_type"": ""unknown"", ""sweetness"": ""unknown""}","{""attributes"": 1.0, ""brand"": 1.0, ""needs_review"": true, ""overall"": 0.745, ""product_type"": 0.3, ""quantity"": 1.0, ""warnings"": [""product_type is unknown"", ""package_type is unknown""]}",0.745,True,"[""product_type""]","[""product_type is unknown"", ""package_type is unknown""]",https://example.com/target/products/tg_0004,2026-05-08T06:54:00,2.45
tg_0005,target,Good & Gather Cage-Free Large Brown Grade A Eggs - 1 Dozen,good and gather cage free large brown grade a eggs 1 dozen,Good & Gather,Good & Gather,Dairy & Eggs,unknown,eggs,eggs,4.28,,BOGO 50% off,1.0,dozen,1,1.0,dozen,12.0,12.0,count,count,unknown,False,True,True,"{""cage_claim"": ""cage_free"", ""color"": ""brown"", ""egg_size"": ""large"", ""organic"": false, ""package_type"": ""unknown""}","{""attributes"": 1.0, ""brand"": 1.0, ""needs_review"": false, ""overall"": 0.92, ""product_type"": 1.0, ""quantity"": 1.0, ""warnings"": [""package_type is unknown""]}",0.92,False,[],"[""package_type is unknown""]",https://example.com/target/products/tg_0005,2026-05-08T05:46:00,2.82
tg_0006,target,Good & Gather Organic Cage-Free Grade A Large Brown Eggs - 1 Dozen,good and gather organic cage free grade a large brown eggs 1 dozen,Good & Gather,Good & Gather,Dairy & Eggs,unknown,eggs,eggs,6.69,6.69,BOGO 50% off,1.0,dozen,1,1.0,dozen,12.0,12.0,count,count,unknown,True,True,True,"{""cage_claim"": ""cage_free"", ""color"": ""brown"", ""egg_size"": ""large"", ""organic"": true, ""package_type"": ""unknown""}","{""attributes"": 1.0, ""brand"": 1.0, ""needs_review"": false, ""overall"": 0.92, ""product_type"": 1.0, ""quantity"": 1.0, ""warnings"": [""package_type is unknown""]}",0.92,False,[],"[""package_type is unknown""]",https://example.com/target/products/tg_0006,2026-05-08T04:38:00,4.04
tg_0007,target,Market Pantry Classic White Bread - 20oz,market pantry classic white bread 20oz,Market Pantry,Market Pantry,Bakery,bakery,bread,bakery,2.37,,BOGO 50% off,20.0,oz,1,20.0,oz,20.0,20.0,weight,oz,unknown,False,True,True,"{""flavor"": ""classic"", ""organic"": false, ""package_type"": ""unknown""}","{""attributes"": 1.0, ""brand"": 1.0, ""needs_review"": false, ""overall"": 1.0, ""product_type"": 1.0, ""quantity"": 1.0, ""warnings"": []}",1.0,False,[],[],https://example.com/target/products/tg_0007,2026-05-08T03:30:00,1.43
tg_0008,target,Market Pantry 100% Whole Wheat Bread 20 oz,market pantry 100% whole wheat bread 20 oz,Market Pantry,Market Pantry,Bakery,bakery,bread,bakery,3.28,,,20.0,oz,1,20.0,oz,20.0,20.0,weight,oz,unknown,False,True,True,"{""flavor"": ""unknown"", ""organic"": false, ""package_type"": ""unknown""}","{""attributes"": 1.0, ""brand"": 1.0, ""needs_review"": false, ""overall"": 1.0, ""product_type"": 1.0, ""quantity"": 1.0, ""warnings"": []}",1.0,False,[],[],https://example.com/target/products/tg_0008,2026-05-08T02:39:00,1.96
tg_0009,target,Good & Gather Creamy Peanut Butter 16 oz,good and gather creamy peanut butter 16 oz,Good & Gather,Good & Gather,Pantry,pantry,peanut_butter,pantry,3.1,,Circle deal,16.0,oz,1,16.0,oz,16.0,16.0,weight,oz,unknown,False,True,True,"{""flavor"": ""unknown"", ""organic"": false, ""package_type"": ""unknown""}","{""attributes"": 1.0, ""brand"": 1.0, ""needs_review"": false, ""overall"": 0.92, ""product_type"": 1.0, ""quantity"": 1.0, ""warnings"": [""package_type is unknown""]}",0.92,False,[],"[""package_type is unknown""]",https://example.com/target/products/tg_0009,2026-05-08T01:31:00,1.77
tg_0010,target,C1rcle deal Good & Gather Re$taurant Style Tortilla Ch1ps 13oz,circle deal good and gather re taurant style tortilla chips 13oz,Good & Gather,Good & Gather,Snacks,snacks,chips,snacks,3.54,,Circle deal,13.0,oz,1,13.0,oz,13.0,13.0,weight,oz,unknown,False,True,True,"{""flavor"": ""unknown"", ""organic"": false, ""package_type"": ""unknown""}","{""attributes"": 1.0, ""brand"": 1.0, ""needs_review"": false, ""overall"": 0.92, ""product_type"": 1.0, ""quantity"": 1.0, ""warnings"": [""package_type is unknown""]}",0.92,False,[],"[""package_type is unknown""]",https://example.com/target/products/tg_0010,2026-05-08T00:23:00,2.59
tg_0011,target,Market Pantry Pepperoni Frozen Pizza 12in,market pantry pepperoni frozen pizza 12in,Market Pantry,Market Pantry,Frozen,frozen,frozen_pizza,frozen,4.38,0.365,BOGO 50% off,12.0,oz,1,12.0,oz,12.0,12.0,weight,oz,unknown,False,True,True,"{""flavor"": ""unknown"", ""organic"": false, ""package_type"": ""unknown""}","{""attributes"": 1.0, ""brand"": 1.0, ""needs_review"": false, ""overall"": 0.92, ""product_type"": 1.0, ""quantity"": 1.0, ""warnings"": [""package_type is unknown""]}",0.92,False,[],"[""package_type is unknown""]",https://example.com/target/products/tg_0011,2026-05-07T23:32:00,3.4
tg_0012,target,Good & Gather Organic Gala Apples - 3lb Bag,good and gather organic gala apples 3lb bag,Good & Gather,Good & Gather,Fresh Produce,produce,apples,produce,7.06,,Save $1,3.0,lb,1,3.0,lb,48.0,48.0,weight,oz,bag,True,True,True,"{""organic"": true, ""package_type"": ""bag"", ""produce_form"": ""bagged"", ""unit_basis"": ""package"", ""variety"": ""gala""}","{""attributes"": 1.0, ""brand"": 1.0, ""needs_review"": false, ""overall"": 1.0, ""product_type"": 1.0, ""quantity"": 1.0, ""warnings"": []}",1.0,False,[],[],https://example.com/target/products/tg_0012,2026-05-07T22:24:00,4.77
tg_0013,target,Good & Gather Lime Sparkling Water 8 Pack 12 fl oz Cans,good and gather lime sparkling water 8 pack 12 fl oz cans,Good & Gather,Good & Gather,Beverages,beverages,sparkling_water,beverages,3.59,,,12.0,fl oz,8,12.0,fl_oz,12.0,96.0,volume,fl_oz,can,False,True,True,"{""caffeine"": ""unknown"", ""carbonated"": true, ""diet_type"": ""regular"", ""flavor"": ""lime"", ""package_type"": ""can""}","{""attributes"": 1.0, ""brand"": 1.0, ""needs_review"": false, ""overall"": 1.0, ""product_type"": 1.0, ""quantity"": 1.0, ""warnings"": []}",1.0,False,[],[],https://example.com/target/products/tg_0013,2026-05-07T21:16:00,2.36
tg_0014,target,Good & Gather Organic Baby Spinach 5oz,good and gather organic baby spinach 5oz,Good & Gather,Good & Gather,Fresh Produce,produce,spinach,produce,4.68,0.936,Save 20%,5.0,oz,1,5.0,oz,5.0,5.0,weight,oz,unknown,True,True,True,"{""organic"": true, ""package_type"": ""unknown"", ""produce_form"": ""unknown"", ""unit_basis"": ""unknown"", ""variety"": ""baby_spinach""}","{""attributes"": 0.5, ""brand"": 1.0, ""needs_review"": true, ""overall"": 0.875, ""product_type"": 1.0, ""quantity"": 1.0, ""warnings"": [""missing required attributes: produce_form, unit_basis""]}",0.875,True,"[""produce_form"", ""unit_basis""]","[""missing required attributes: produce_form, unit_basis""]",https://example.com/target/products/tg_0014,2026-05-07T20:25:00,3.1
tg_0015,target,Good & Gather Plain Whole Milk Greek Yogurt - 32oz,good and gather plain whole milk greek yogurt 32oz,Good & Gather,Good & Gather,Dairy & Eggs,unknown,greek_yogurt,yogurt,5.21,,Save 20%,32.0,oz,1,32.0,oz,32.0,32.0,weight,oz,unknown,False,True,True,"{""fat_content"": ""whole"", ""flavor"": ""plain"", ""multi_pack"": false, ""organic"": false, ""package_type"": ""unknown"", ""style"": ""greek""}","{""attributes"": 1.0, ""brand"": 1.0, ""needs_review"": false, ""overall"": 0.92, ""product_type"": 1.0, ""quantity"": 1.0, ""warnings"": [""package_type is unknown""]}",0.92,False,[],"[""package_type is unknown""]",https://example.com/target/products/tg_0015,2026-05-07T19:17:00,3.19
tg_0016,target,Good & Gather Unsalted Sweet Cream Butter Sticks - 1 lb,good and gather unsalted sweet cream butter sticks 1 lb,Good & Gather,Good & Gather,Dairy & Eggs,unknown,butter,butter,4.56,1.14,Save 20%,1.0,lb,4,1.0,lb,16.0,64.0,weight,oz,stick,False,True,True,"{""flavor"": ""unknown"", ""organic"": false, ""package_type"": ""stick""}","{""attributes"": 1.0, ""brand"": 1.0, ""needs_review"": false, ""overall"": 1.0, ""product_type"": 1.0, ""quantity"": 1.0, ""warnings"": []}",1.0,False,[],[],https://example.com/target/products/tg_0016,2026-05-07T18:09:00,2.88
tg_0017,target,Good & Gather Mild Cheddar Shredded Cheese - 8oz,good and gather mild cheddar shredded cheese 8oz,Good & Gather,Good & Gather,Dairy & Eggs,unknown,cheese,cheese,3.54,0.4425,Save $1,8.0,oz,1,8.0,oz,8.0,8.0,weight,oz,unknown,False,True,True,"{""flavor"": ""unknown"", ""organic"": false, ""package_type"": ""unknown""}","{""attributes"": 1.0, ""brand"": 1.0, ""needs_review"": false, ""overall"": 1.0, ""product_type"": 1.0, ""quantity"": 1.0, ""warnings"": []}",1.0,False,[],[],https://example.com/target/products/tg_0017,2026-05-07T17:18:00,2.7
tg_0018,target,Good & Gather Black Beans 15oz,good and gather black beans 15oz,Good & Gather,Good & Gather,Pantry,pantry,canned_beans,pantry,1.17,0.078,Save $1,15.0,oz,1,15.0,oz,15.0,15.0,weight,oz,unknown,False,True,True,"{""flavor"": ""unknown"", ""organic"": false, ""package_type"": ""unknown""}","{""attributes"": 1.0, ""brand"": 1.0, ""needs_review"": false, ""overall"": 0.92, ""product_type"": 1.0, ""quantity"": 1.0, ""warnings"": [""package_type is unknown""]}",0.92,False,[],"[""package_type is unknown""]",https://example.com/target/products/tg_0018,2026-05-07T16:10:00,0.82
tg_0019,target,Market Pantry Condensed Tomato Soup 10.75 oz,market pantry condensed tomato soup 10.75 oz,Market Pantry,Market Pantry,Pantry,pantry,soup,pantry,1.54,0.1433,,10.75,oz,1,10.75,oz,10.75,10.75,weight,oz,unknown,False,True,True,"{""flavor"": ""unknown"", ""organic"": false, ""package_type"": ""unknown""}","{""attributes"": 1.0, ""brand"": 1.0, ""needs_review"": false, ""overall"": 0.92, ""product_type"": 1.0, ""quantity"": 1.0, ""warnings"": [""package_type is unknown""]}",0.92,False,[],"[""package_type is unknown""]",https://example.com/target/products/tg_0019,2026-05-07T15:19:00,1.06
tg_0020,target,Good & Gather Long Grain White Rice - 5lb,good and gather long grain white rice 5lb,Good & Gather,Good & Gather,Pantry,pantry,rice,pantry,6.67,1.334,BOGO 50% off,5.0,lb,1,5.0,lb,80.0,80.0,weight,oz,unknown,False,True,True,"{""flavor"": ""unknown"", ""organic"": false, ""package_type"": ""unknown""}","{""attributes"": 1.0, ""brand"": 1.0, ""needs_review"": false, ""overall"": 0.92, ""product_type"": 1.0, ""quantity"": 1.0, ""warnings"": [""package_type is unknown""]}",0.92,False,[],"[""package_type is unknown""]",https://example.com/target/products/tg_0020,2026-05-07T14:28:00,4.08
tg_0021,target,G0od & Gather Spaghetti - 16oz,good and gather spaghetti 16oz,Good & Gather,Good & Gather,Pantry,pantry,pasta,pantry,1.56,0.0975,Circle deal,16.0,oz,1,16.0,oz,16.0,16.0,weight,oz,unknown,False,True,True,"{""flavor"": ""unknown"", ""organic"": false, ""package_type"": ""unknown""}","{""attributes"": 1.0, ""brand"": 1.0, ""needs_review"": false, ""overall"": 0.92, ""product_type"": 1.0, ""quantity"": 1.0, ""warnings"": [""package_type is unknown""]}",0.92,False,[],"[""package_type is unknown""]",https://example.com/target/products/tg_0021,2026-05-07T13:20:00,1.2
tg_0022,target,Good & Gather 100% Orange Juice No Pulp 52 fl oz,good and gather 100% orange juice no pulp 52 fl oz,Good & Gather,Good & Gather,Beverages,beverages,orange_juice,beverages,4.08,0.0785,,52.0,fl oz,1,52.0,fl_oz,52.0,52.0,volume,fl_oz,unknown,False,True,True,"{""caffeine"": ""unknown"", ""carbonated"": false, ""diet_type"": ""regular"", ""flavor"": ""orange"", ""package_type"": ""unknown""}","{""attributes"": 1.0, ""brand"": 1.0, ""needs_review"": false, ""overall"": 0.92, ""product_type"": 1.0, ""quantity"": 1.0, ""warnings"": [""package_type is unknown""]}",0.92,False,[],"[""package_type is unknown""]",https://example.com/target/products/tg_0022,2026-05-07T12:29:00,2.76
tg_0023,target,Good & Gather Cut & Peeled Baby Carrots - 1lb,good and gather cut and peeled baby carrots 1lb,Good & Gather,Good & Gather,Fresh Produce,produce,carrots,produce,2.36,2.36,,1.0,lb,1,1.0,lb,16.0,16.0,weight,oz,unknown,False,True,True,"{""organic"": false, ""package_type"": ""unknown"", ""produce_form"": ""unknown"", ""unit_basis"": ""unknown"", ""variety"": ""unknown""}","{""attributes"": 0.5, ""brand"": 1.0, ""needs_review"": true, ""overall"": 0.875, ""product_type"": 1.0, ""quantity"": 1.0, ""warnings"": [""missing required attributes: produce_form, unit_basis""]}",0.875,True,"[""produce_form"", ""unit_basis""]","[""missing required attributes: produce_form, unit_basis""]",https://example.com/target/products/tg_0023,2026-05-07T11:38:00,1.46
tg_0024,target,Market Pantry Original Cream Cheese - 8oz,market pantry original cream cheese 8oz,Market Pantry,Market Pantry,Dairy & Eggs,unknown,cheese,cheese,2.67,,BOGO 50% off,8.0,oz,1,8.0,oz,8.0,8.0,weight,oz,unknown,False,True,True,"{""flavor"": ""original"", ""organic"": false, ""package_type"": ""unknown""}","{""attributes"": 1.0, ""brand"": 1.0, ""needs_review"": false, ""overall"": 1.0, ""product_type"": 1.0, ""quantity"": 1.0, ""warnings"": []}",1.0,False,[],[],https://example.com/target/products/tg_0024,2026-05-07T10:47:00,1.94
tg_0025,target,Good & Gather Extra Virgin Olive Oil - 17 fl oz,good and gather extra virgin olive oil 17 fl oz,Good & Gather,Good & Gather,Pantry,pantry,olive_oil,pantry,7.97,,Circle deal,17.0,fl oz,1,17.0,fl_oz,17.0,17.0,volume,fl_oz,unknown,False,True,True,"{""flavor"": ""unknown"", ""organic"": false, ""package_type"": ""unknown""}","{""attributes"": 1.0, ""brand"": 1.0, ""needs_review"": false, ""overall"": 0.92, ""product_type"": 1.0, ""quantity"": 1.0, ""warnings"": [""package_type is unknown""]}",0.92,False,[],"[""package_type is unknown""]",https://example.com/target/products/tg_0025,2026-05-07T09:39:00,4.82
tg_0026,target,Good & Gather Pure Honey 12oz Squeeze Bottle,good and gather pure honey 12oz squeeze bottle,Good & Gather,Good & Gather,Pantry,pantry,honey,pantry,5.55,,,12.0,oz,1,12.0,oz,12.0,12.0,weight,oz,bottle,False,True,True,"{""flavor"": ""unknown"", ""organic"": false, ""package_type"": ""bottle""}","{""attributes"": 1.0, ""brand"": 1.0, ""needs_review"": false, ""overall"": 1.0, ""product_type"": 1.0, ""quantity"": 1.0, ""warnings"": []}",1.0,False,[],[],https://example.com/target/products/tg_0026,2026-05-07T08:48:00,3.41
tg_0027,target,Coca-Cola Zero Sugar 12 Pack 12oz Cans,coca cola zero sugar 12 pack 12oz cans,Coca-Cola,Coca-Cola,Beverages,beverages,soda,beverages,9.63,,Save 20%,12.0,fl oz,12,12.0,fl_oz,12.0,144.0,volume,fl_oz,can,False,False,False,"{""caffeine"": ""caffeinated"", ""carbonated"": true, ""diet_type"": ""zero_sugar"", ""flavor"": ""zero_sugar"", ""package_type"": ""can""}","{""attributes"": 1.0, ""brand"": 1.0, ""needs_review"": false, ""overall"": 1.0, ""product_type"": 1.0, ""quantity"": 1.0, ""warnings"": []}",1.0,False,[],[],https://example.com/target/products/tg_0027,2026-05-07T07:40:00,7.47
tg_0028,target,BOGO 50% off Coca-Cola Zero Sugar 6 Pack 12oz Cans,bogo 50% off coca cola zero sugar 6 pack 12oz cans,Coca-Cola,Coca-Cola,Beverages,beverages,soda,beverages,5.87,,BOGO 50% off,12.0,fl oz,6,12.0,fl_oz,12.0,72.0,volume,fl_oz,can,False,False,False,"{""caffeine"": ""caffeinated"", ""carbonated"": true, ""diet_type"": ""zero_sugar"", ""flavor"": ""zero_sugar"", ""package_type"": ""can""}","{""attributes"": 1.0, ""brand"": 1.0, ""needs_review"": false, ""overall"": 1.0, ""product_type"": 1.0, ""quantity"": 1.0, ""warnings"": []}",1.0,False,[],[],https://example.com/target/products/tg_0028,2026-05-07T06:49:00,3.81
tg_0029,target,Coca-Cola 12 Pack 12oz Cans,coca cola 12 pack 12oz cans,Coca-Cola,Coca-Cola,Beverages,beverages,soda,beverages,10.4,,Circle deal,12.0,fl oz,12,12.0,fl_oz,12.0,144.0,volume,fl_oz,can,False,False,False,"{""caffeine"": ""caffeinated"", ""carbonated"": true, ""diet_type"": ""regular"", ""flavor"": ""classic"", ""package_type"": ""can""}","{""attributes"": 1.0, ""brand"": 1.0, ""needs_review"": false, ""overall"": 1.0, ""product_type"": 1.0, ""quantity"": 1.0, ""warnings"": []}",1.0,False,[],[],https://example.com/target/products/tg_0029,2026-05-07T05:41:00,6.63
tg_0030,target,Circle deal Coca-Cola - 2 L Bottle,circle deal coca cola 2 l bottle,Coca-Cola,Coca-Cola,Beverages,beverages,soda,beverages,2.73,,Circle deal,2.0,liter,1,2.0,liter,67.628,67.628,volume,fl_oz,bottle,False,False,False,"{""caffeine"": ""caffeinated"", ""carbonated"": true, ""diet_type"": ""regular"", ""flavor"": ""classic"", ""package_type"": ""bottle""}","{""attributes"": 1.0, ""brand"": 1.0, ""needs_review"": false, ""overall"": 1.0, ""product_type"": 1.0, ""quantity"": 1.0, ""warnings"": []}",1.0,False,[],[],https://example.com/target/products/tg_0030,2026-05-07T04:50:00,1.59
tg_0031,target,Diet Coke 12 Pack 12oz Cans,diet coke 12 pack 12oz cans,Coca-Cola,Coca-Cola,Beverages,beverages,soda,beverages,8.67,,Circle deal,12.0,fl oz,12,12.0,fl_oz,12.0,144.0,volume,fl_oz,can,False,False,False,"{""caffeine"": ""caffeinated"", ""carbonated"": ""unknown"", ""diet_type"": ""diet"", ""flavor"": ""diet"", ""package_type"": ""can""}","{""attributes"": 1.0, ""brand"": 1.0, ""needs_review"": false, ""overall"": 1.0, ""product_type"": 1.0, ""quantity"": 1.0, ""warnings"": []}",1.0,False,[],[],https://example.com/target/products/tg_0031,2026-05-07T03:59:00,6.12
tg_0032,target,Sprite 12 Pack 12oz Cans,sprite 12 pack 12oz cans,Sprite,Sprite,Beverages,beverages,soda,beverages,9.91,0.0688,BOGO 50% off,12.0,fl oz,12,12.0,fl_oz,12.0,144.0,volume,fl_oz,can,False,False,False,"{""caffeine"": ""unknown"", ""carbonated"": true, ""diet_type"": ""regular"", ""flavor"": ""lemon_lime"", ""package_type"": ""can""}","{""attributes"": 1.0, ""brand"": 1.0, ""needs_review"": false, ""overall"": 1.0, ""product_type"": 1.0, ""quantity"": 1.0, ""warnings"": []}",1.0,False,[],[],https://example.com/target/products/tg_0032,2026-05-07T03:08:00,7.33
tg_0033,target,Pepsi 12 Pack 12oz Cans,pepsi 12 pack 12oz cans,Pepsi,Pepsi,Beverages,beverages,soda,beverages,9.58,,Save 20%,12.0,fl oz,12,12.0,fl_oz,12.0,144.0,volume,fl_oz,can,False,False,False,"{""caffeine"": ""caffeinated"", ""carbonated"": true, ""diet_type"": ""regular"", ""flavor"": ""classic"", ""package_type"": ""can""}","{""attributes"": 1.0, ""brand"": 1.0, ""needs_review"": false, ""overall"": 1.0, ""product_type"": 1.0, ""quantity"": 1.0, ""warnings"": []}",1.0,False,[],[],https://example.com/target/products/tg_0033,2026-05-07T02:17:00,6.79
tg_0034,target,BOGO 50% off LaCroix Lime Sparkling Water 8 Pack 12oz Cans,bogo 50% off lacroix lime sparkling water 8 pack 12oz cans,LaCroix,LaCroix,Beverages,beverages,sparkling_water,beverages,4.78,0.0498,BOGO 50% off,12.0,fl oz,8,12.0,fl_oz,12.0,96.0,volume,fl_oz,can,False,False,False,"{""caffeine"": ""unknown"", ""carbonated"": true, ""diet_type"": ""regular"", ""flavor"": ""lime"", ""package_type"": ""can""}","{""attributes"": 1.0, ""brand"": 1.0, ""needs_review"": false, ""overall"": 1.0, ""product_type"": 1.0, ""quantity"": 1.0, ""warnings"": []}",1.0,False,[],[],https://example.com/target/products/tg_0034,2026-05-07T01:09:00,2.63
tg_0035,target,Save $1 LaCroix Lime Sparkling Water 12 Pack 12oz,save 1 lacroix lime sparkling water 12 pack 12oz,LaCroix,LaCroix,Beverages,beverages,sparkling_water,beverages,6.42,0.0446,Save $1,12.0,fl oz,12,12.0,fl_oz,12.0,144.0,volume,fl_oz,unknown,False,False,False,"{""caffeine"": ""unknown"", ""carbonated"": true, ""diet_type"": ""regular"", ""flavor"": ""lime"", ""package_type"": ""unknown""}","{""attributes"": 1.0, ""brand"": 1.0, ""needs_review"": false, ""overall"": 0.92, ""product_type"": 1.0, ""quantity"": 1.0, ""warnings"": [""package_type is unknown""]}",0.92,False,[],"[""package_type is unknown""]",https://example.com/target/products/tg_0035,2026-05-07T00:18:00,4.44
tg_0036,target,LaCroix Pamplemousse Sparkling Water 8 Pack 12oz,lacroix pamplemousse sparkling water 8 pack 12oz,LaCroix,LaCroix,Beverages,beverages,sparkling_water,beverages,4.82,0.0502,BOGO 50% off,12.0,fl oz,8,12.0,fl_oz,12.0,96.0,volume,fl_oz,unknown,False,False,False,"{""caffeine"": ""unknown"", ""carbonated"": true, ""diet_type"": ""regular"", ""flavor"": ""classic"", ""package_type"": ""unknown""}","{""attributes"": 1.0, ""brand"": 1.0, ""needs_review"": false, ""overall"": 0.92, ""product_type"": 1.0, ""quantity"": 1.0, ""warnings"": [""package_type is unknown""]}",0.92,False,[],"[""package_type is unknown""]",https://example.com/target/products/tg_0036,2026-05-06T23:27:00,3.13
tg_0037,target,S1Ik Unsweetened Almondmilk - 64 fl oz,siik unsweetened almondmilk 64 fl oz,Silk,Silk,Plant-Based,plant_based_milk,almond_milk,plant_based_milk,4.36,0.0681,Save $1,64.0,fl oz,1,64.0,fl_oz,64.0,64.0,volume,fl_oz,unknown,False,False,False,"{""barista_style"": false, ""base"": ""almond"", ""package_type"": ""unknown"", ""sweetness"": ""unsweetened""}","{""attributes"": 1.0, ""brand"": 1.0, ""needs_review"": false, ""overall"": 0.92, ""product_type"": 1.0, ""quantity"": 1.0, ""warnings"": [""package_type is unknown""]}",0.92,False,[],"[""package_type is unknown""]",https://example.com/target/products/tg_0037,2026-05-06T22:19:00,2.91
tg_0038,target,Silk Original Soymilk - 64 fl oz,silk original soymilk 64 fl oz,Silk,Silk,Plant-Based,plant_based_milk,soy_milk,plant_based_milk,4.82,0.0753,Save $1,64.0,fl oz,1,64.0,fl_oz,64.0,64.0,volume,fl_oz,unknown,False,False,False,"{""barista_style"": false, ""base"": ""soy"", ""package_type"": ""unknown"", ""sweetness"": ""original""}","{""attributes"": 1.0, ""brand"": 1.0, ""needs_review"": false, ""overall"": 0.92, ""product_type"": 1.0, ""quantity"": 1.0, ""warnings"": [""package_type is unknown""]}",0.92,False,[],"[""package_type is unknown""]",https://example.com/target/products/tg_0038,2026-05-06T21:28:00,3.38
tg_0039,target,Oatly Original Oat Milk - 64 fl oz,oatly original oat milk 64 fl oz,Oatly,Oatly,Plant-Based,plant_based_milk,oat_milk,plant_based_milk,6.28,0.0981,Save $1,64.0,fl oz,1,64.0,fl_oz,64.0,64.0,volume,fl_oz,unknown,False,False,False,"{""barista_style"": false, ""base"": ""oat"", ""package_type"": ""unknown"", ""sweetness"": ""original""}","{""attributes"": 1.0, ""brand"": 1.0, ""needs_review"": false, ""overall"": 0.92, ""product_type"": 1.0, ""quantity"": 1.0, ""warnings"": [""package_type is unknown""]}",0.92,False,[],"[""package_type is unknown""]",https://example.com/target/products/tg_0039,2026-05-06T20:37:00,4.82
tg_0040,target,OatIy Barista Edition OatmiIk - 32 fl oz,oatiy barista edition oatmiik 32 fl oz,Oatly,Oatly,Plant-Based,plant_based_milk,unknown,plant_based_milk,5.69,0.1778,,32.0,fl oz,1,32.0,fl_oz,32.0,32.0,volume,fl_oz,unknown,False,False,False,"{""barista_style"": true, ""base"": ""unknown"", ""package_type"": ""unknown"", ""sweetness"": ""unknown""}","{""attributes"": 0.75, ""brand"": 1.0, ""needs_review"": true, ""overall"": 0.682, ""product_type"": 0.3, ""quantity"": 1.0, ""warnings"": [""product_type is unknown"", ""missing required attributes: base"", ""package_type is unknown""]}",0.682,True,"[""product_type"", ""base""]","[""product_type is unknown"", ""missing required attributes: base"", ""package_type is unknown""]",https://example.com/target/products/tg_0040,2026-05-06T19:46:00,3.65
tg_0041,target,Horizon Organic Whole Milk - 0.5 Gal,horizon organic whole milk 0.5 gal,Horizon Organic,Horizon Organic,Milk & Cream,dairy_milk,milk,dairy_milk,5.16,10.32,BOGO 50% off,0.5,gal,1,0.5,gal,64.0,64.0,volume,fl_oz,unknown,True,False,False,"{""fat_content"": ""whole"", ""lactose_free"": false, ""organic"": true, ""package_type"": ""unknown""}","{""attributes"": 1.0, ""brand"": 1.0, ""needs_review"": false, ""overall"": 0.92, ""product_type"": 1.0, ""quantity"": 1.0, ""warnings"": [""package_type is unknown""]}",0.92,False,[],"[""package_type is unknown""]",https://example.com/target/products/tg_0041,2026-05-06T18:38:00,2.93
tg_0042,target,Horizon Organic 2% Reduced Fat Milk - 1 Gal,horizon organic 2% reduced fat milk 1 gal,Horizon Organic,Horizon Organic,Milk & Cream,dairy_milk,milk,dairy_milk,7.89,7.89,Circle deal,1.0,gal,1,1.0,gal,128.0,128.0,volume,fl_oz,unknown,True,False,False,"{""fat_content"": ""two_percent"", ""lactose_free"": false, ""organic"": true, ""package_type"": ""unknown""}","{""attributes"": 1.0, ""brand"": 1.0, ""needs_review"": false, ""overall"": 0.92, ""product_type"": 1.0, ""quantity"": 1.0, ""warnings"": [""package_type is unknown""]}",0.92,False,[],"[""package_type is unknown""]",https://example.com/target/products/tg_0042,2026-05-06T17:47:00,6.14
tg_0043,target,Fairlife Lactose Free 2% Reduced Fat Ultra Filtered Milk - 52 fl oz,fairlife lactose free 2% reduced fat ultra filtered milk 52 fl oz,Fairlife,Fairlife,Milk & Cream,dairy_milk,milk,dairy_milk,4.79,0.0921,BOGO 50% off,52.0,fl oz,1,52.0,fl_oz,52.0,52.0,volume,fl_oz,unknown,False,False,False,"{""fat_content"": ""two_percent"", ""lactose_free"": true, ""organic"": false, ""package_type"": ""unknown""}","{""attributes"": 1.0, ""brand"": 1.0, ""needs_review"": false, ""overall"": 0.92, ""product_type"": 1.0, ""quantity"": 1.0, ""warnings"": [""package_type is unknown""]}",0.92,False,[],"[""package_type is unknown""]",https://example.com/target/products/tg_0043,2026-05-06T16:56:00,3.7
tg_0044,target,Chobani Blueberry on the Bottom Nonfat Greek Yogurt - 5.3oz,chobani blueberry on the bottom nonfat greek yogurt 5.3oz,Chobani,Chobani,Dairy & Eggs,unknown,greek_yogurt,yogurt,1.49,,,5.3,oz,1,5.3,oz,5.3,5.3,weight,oz,unknown,False,False,False,"{""fat_content"": ""nonfat"", ""flavor"": ""blueberry"", ""multi_pack"": false, ""organic"": false, ""package_type"": ""unknown"", ""style"": ""greek""}","{""attributes"": 1.0, ""brand"": 1.0, ""needs_review"": false, ""overall"": 0.92, ""product_type"": 1.0, ""quantity"": 1.0, ""warnings"": [""package_type is unknown""]}",0.92,False,[],"[""package_type is unknown""]",https://example.com/target/products/tg_0044,2026-05-06T15:48:00,1.05
tg_0045,target,Chobani Blueberry Nonfat Greek Yogurt 4 Pack - 5.3oz Cups,chobani blueberry nonfat greek yogurt 4 pack 5.3oz cups,Chobani,Chobani,Dairy & Eggs,unknown,greek_yogurt,yogurt,6.12,0.2887,,5.3,oz,4,5.3,oz,5.3,21.2,weight,oz,cup,False,False,False,"{""fat_content"": ""nonfat"", ""flavor"": ""blueberry"", ""multi_pack"": true, ""organic"": false, ""package_type"": ""cup"", ""style"": ""greek""}","{""attributes"": 1.0, ""brand"": 1.0, ""needs_review"": false, ""overall"": 1.0, ""product_type"": 1.0, ""quantity"": 1.0, ""warnings"": []}",1.0,False,[],[],https://example.com/target/products/tg_0045,2026-05-06T14:57:00,3.88
tg_0046,target,Chobani Strawberry on the Bottom Nonfat Greek Yogurt - 5.3oz,chobani strawberry on the bottom nonfat greek yogurt 5.3oz,Chobani,Chobani,Dairy & Eggs,unknown,greek_yogurt,yogurt,1.65,,,5.3,oz,1,5.3,oz,5.3,5.3,weight,oz,unknown,False,False,False,"{""fat_content"": ""nonfat"", ""flavor"": ""strawberry"", ""multi_pack"": false, ""organic"": false, ""package_type"": ""unknown"", ""style"": ""greek""}","{""attributes"": 1.0, ""brand"": 1.0, ""needs_review"": false, ""overall"": 0.92, ""product_type"": 1.0, ""quantity"": 1.0, ""warnings"": [""package_type is unknown""]}",0.92,False,[],"[""package_type is unknown""]",https://example.com/target/products/tg_0046,2026-05-06T13:49:00,1.06
tg_0047,target,BOGO 50% off FAGE Total Plain Whole Milk Greek Yogurt - 35.3oz,bogo 50% off fage total plain whole milk greek yogurt 35.3oz,FAGE,FAGE,Dairy & Eggs,unknown,greek_yogurt,yogurt,7.79,0.2207,BOGO 50% off,35.3,oz,1,35.3,oz,35.3,35.3,weight,oz,unknown,False,False,False,"{""fat_content"": ""whole"", ""flavor"": ""plain"", ""multi_pack"": false, ""organic"": false, ""package_type"": ""unknown"", ""style"": ""greek""}","{""attributes"": 1.0, ""brand"": 1.0, ""needs_review"": false, ""overall"": 0.92, ""product_type"": 1.0, ""quantity"": 1.0, ""warnings"": [""package_type is unknown""]}",0.92,False,[],"[""package_type is unknown""]",https://example.com/target/products/tg_0047,2026-05-06T12:58:00,5.23
tg_0048,target,Cheerios Orig1nal Breakfast CereI - 12oz,cheerios original breakfast cerei 12oz,Cheerios,Cheerios,Breakfast,pantry,cereal,pantry,4.44,0.37,,12.0,oz,1,12.0,oz,12.0,12.0,weight,oz,unknown,False,False,False,"{""flavor"": ""original"", ""organic"": false, ""package_type"": ""unknown""}","{""attributes"": 1.0, ""brand"": 1.0, ""needs_review"": false, ""overall"": 0.92, ""product_type"": 1.0, ""quantity"": 1.0, ""warnings"": [""package_type is unknown""]}",0.92,False,[],"[""package_type is unknown""]",https://example.com/target/products/tg_0048,2026-05-06T11:50:00,3.41
tg_0049,target,Honey Nut Cheerios Breakfast Cereal - 10.8oz,honey nut cheerios breakfast cereal 10.8oz,Cheerios,Cheerios,Breakfast,pantry,cereal,pantry,4.78,,,10.8,oz,1,10.8,oz,10.8,10.8,weight,oz,unknown,False,False,False,"{""flavor"": ""honey_nut"", ""organic"": false, ""package_type"": ""unknown""}","{""attributes"": 1.0, ""brand"": 1.0, ""needs_review"": false, ""overall"": 0.92, ""product_type"": 1.0, ""quantity"": 1.0, ""warnings"": [""package_type is unknown""]}",0.92,False,[],"[""package_type is unknown""]",https://example.com/target/products/tg_0049,2026-05-06T10:59:00,3.51
tg_0050,target,Frosted Flakes Breakfast Cereal - 13.5oz - Kellogg's,frosted flakes breakfast cereal 13.5oz kellogg s,Kellogg's,Kellogg S,Breakfast,pantry,cereal,pantry,5.44,,Circle deal,13.5,oz,1,13.5,oz,13.5,13.5,weight,oz,unknown,False,False,False,"{""flavor"": ""unknown"", ""organic"": false, ""package_type"": ""unknown""}","{""attributes"": 1.0, ""brand"": 1.0, ""needs_review"": false, ""overall"": 0.92, ""product_type"": 1.0, ""quantity"": 1.0, ""warnings"": [""package_type is unknown""]}",0.92,False,[],"[""package_type is unknown""]",https://example.com/target/products/tg_0050,2026-05-06T10:08:00,3.83
tg_0051,target,Tostitos Scoops! Tortilla Chips - 10oz,tostitos scoops tortilla chips 10oz,Tostitos,Tostitos,Snacks,snacks,chips,snacks,4.93,0.493,Save $1,10.0,oz,1,10.0,oz,10.0,10.0,weight,oz,unknown,False,False,False,"{""flavor"": ""unknown"", ""organic"": false, ""package_type"": ""unknown""}","{""attributes"": 1.0, ""brand"": 1.0, ""needs_review"": false, ""overall"": 0.92, ""product_type"": 1.0, ""quantity"": 1.0, ""warnings"": [""package_type is unknown""]}",0.92,False,[],"[""package_type is unknown""]",https://example.com/target/products/tg_0051,2026-05-06T08:26:00,2.87
tg_0052,target,Doritos Nacho Cheese Tortilla Chips - 9.25oz,doritos nacho cheese tortilla chips 9.25oz,Doritos,Doritos,Snacks,snacks,cheese,cheese,4.91,0.5308,,9.25,oz,1,9.25,oz,9.25,9.25,weight,oz,unknown,False,False,False,"{""flavor"": ""nacho_cheese"", ""organic"": false, ""package_type"": ""unknown""}","{""attributes"": 1.0, ""brand"": 1.0, ""needs_review"": false, ""overall"": 0.85, ""product_type"": 1.0, ""quantity"": 1.0, ""warnings"": [""raw category family snacks conflicts with inferred family cheese""]}",0.85,False,[],"[""raw category family snacks conflicts with inferred family cheese""]",https://example.com/target/products/tg_0052,2026-05-06T07:35:00,3.28
tg_0053,target,Lay's Classic Potato Chips - 8oz,lay s classic potato chips 8oz,Lay's,Lay's,Snacks,snacks,chips,snacks,5.0,,BOGO 50% off,8.0,oz,1,8.0,oz,8.0,8.0,weight,oz,unknown,False,False,False,"{""flavor"": ""classic"", ""organic"": false, ""package_type"": ""unknown""}","{""attributes"": 1.0, ""brand"": 1.0, ""needs_review"": false, ""overall"": 0.92, ""product_type"": 1.0, ""quantity"": 1.0, ""warnings"": [""package_type is unknown""]}",0.92,False,[],"[""package_type is unknown""]",https://example.com/target/products/tg_0053,2026-05-06T06:44:00,3.7
tg_0054,target,Save 20% Oreo Chocolate Sandwich Cookies - 14.3oz,save 20% oreo chocolate sandwich cookies 14.3oz,Oreo,Oreo,Snacks,snacks,cookies,snacks,4.16,,Save 20%,14.3,oz,1,14.3,oz,14.3,14.3,weight,oz,unknown,False,False,False,"{""flavor"": ""unknown"", ""organic"": false, ""package_type"": ""unknown""}","{""attributes"": 1.0, ""brand"": 1.0, ""needs_review"": false, ""overall"": 0.92, ""product_type"": 1.0, ""quantity"": 1.0, ""warnings"": [""package_type is unknown""]}",0.92,False,[],"[""package_type is unknown""]",https://example.com/target/products/tg_0054,2026-05-06T05:53:00,2.69
tg_0055,target,Circle deal Ritz Original Crackers - 13.7oz,circle deal ritz original crackers 13.7oz,Ritz,Ritz,Snacks,snacks,crackers,snacks,4.95,,Circle deal,13.7,oz,1,13.7,oz,13.7,13.7,weight,oz,unknown,False,False,False,"{""flavor"": ""original"", ""organic"": false, ""package_type"": ""unknown""}","{""attributes"": 1.0, ""brand"": 1.0, ""needs_review"": false, ""overall"": 0.92, ""product_type"": 1.0, ""quantity"": 1.0, ""warnings"": [""package_type is unknown""]}",0.92,False,[],"[""package_type is unknown""]",https://example.com/target/products/tg_0055,2026-05-06T05:02:00,2.73
tg_0056,target,Cheez-It Original Baked Snack Crackers - 12.4oz,cheez it original baked snack crackers 12.4oz,Cheez-It,Cheez-It,Snacks,snacks,crackers,snacks,5.07,0.4089,BOGO 50% off,12.4,oz,1,12.4,oz,12.4,12.4,weight,oz,unknown,False,False,False,"{""flavor"": ""original"", ""organic"": false, ""package_type"": ""unknown""}","{""attributes"": 1.0, ""brand"": 1.0, ""needs_review"": false, ""overall"": 0.92, ""product_type"": 1.0, ""quantity"": 1.0, ""warnings"": [""package_type is unknown""]}",0.92,False,[],"[""package_type is unknown""]",https://example.com/target/products/tg_0056,2026-05-06T04:11:00,3.18
tg_0057,target,Skippy Creamy Peanut Butter - 16.3oz,skippy creamy peanut butter 16.3oz,Skippy,Skippy,Pantry,pantry,peanut_butter,pantry,3.76,0.2307,Save $1,16.3,oz,1,16.3,oz,16.3,16.3,weight,oz,unknown,False,False,False,"{""flavor"": ""unknown"", ""organic"": false, ""package_type"": ""unknown""}","{""attributes"": 1.0, ""brand"": 1.0, ""needs_review"": false, ""overall"": 0.92, ""product_type"": 1.0, ""quantity"": 1.0, ""warnings"": [""package_type is unknown""]}",0.92,False,[],"[""package_type is unknown""]",https://example.com/target/products/tg_0057,2026-05-06T03:20:00,2.55
tg_0058,target,Jif Creamy Peanut Butter - 16oz,jif creamy peanut butter 16oz,Jif,Jif,Pantry,pantry,peanut_butter,pantry,3.54,0.2213,Save $1,16.0,oz,1,16.0,oz,16.0,16.0,weight,oz,unknown,False,False,False,"{""flavor"": ""unknown"", ""organic"": false, ""package_type"": ""unknown""}","{""attributes"": 1.0, ""brand"": 1.0, ""needs_review"": false, ""overall"": 0.92, ""product_type"": 1.0, ""quantity"": 1.0, ""warnings"": [""package_type is unknown""]}",0.92,False,[],"[""package_type is unknown""]",https://example.com/target/products/tg_0058,2026-05-06T02:12:00,2.28
tg_0059,target,Heinz Tomato Ketchup - 20oz,heinz tomato ketchup 20oz,Heinz,Heinz,Pantry,pantry,condiments,pantry,3.92,,Save $1,20.0,oz,1,20.0,oz,20.0,20.0,weight,oz,unknown,False,False,False,"{""flavor"": ""unknown"", ""organic"": false, ""package_type"": ""unknown""}","{""attributes"": 1.0, ""brand"": 1.0, ""needs_review"": false, ""overall"": 0.92, ""product_type"": 1.0, ""quantity"": 1.0, ""warnings"": [""package_type is unknown""]}",0.92,False,[],"[""package_type is unknown""]",https://example.com/target/products/tg_0059,2026-05-06T01:21:00,2.33
tg_0060,target,Hellmann's Real Mayonnaise - 30oz,hellmann s real mayonnaise 30oz,Hellmann's,Hellmann's,Pantry,pantry,condiments,pantry,7.11,0.237,Save 20%,30.0,oz,1,30.0,oz,30.0,30.0,weight,oz,unknown,False,False,False,"{""flavor"": ""unknown"", ""organic"": false, ""package_type"": ""unknown""}","{""attributes"": 1.0, ""brand"": 1.0, ""needs_review"": false, ""overall"": 0.92, ""product_type"": 1.0, ""quantity"": 1.0, ""warnings"": [""package_type is unknown""]}",0.92,False,[],"[""package_type is unknown""]",https://example.com/target/products/tg_0060,2026-05-06T00:30:00,5.08
tg_0061,target,Kraft Original Macaroni & Cheese - 7.25oz,kraft original macaroni and cheese 7.25oz,Kraft,Kraft,Pantry,pantry,cheese,cheese,1.47,0.2028,,7.25,oz,1,7.25,oz,7.25,7.25,weight,oz,unknown,False,False,False,"{""flavor"": ""original"", ""organic"": false, ""package_type"": ""unknown""}","{""attributes"": 1.0, ""brand"": 1.0, ""needs_review"": false, ""overall"": 0.85, ""product_type"": 1.0, ""quantity"": 1.0, ""warnings"": [""raw category family pantry conflicts with inferred family cheese""]}",0.85,False,[],"[""raw category family pantry conflicts with inferred family cheese""]",https://example.com/target/products/tg_0061,2026-05-05T23:39:00,0.85
tg_0062,target,Barilla Spaghetti Pasta - 16oz,barilla spaghetti pasta 16oz,Barilla,Barilla,Pantry,pantry,pasta,pantry,2.16,,Save 20%,16.0,oz,1,16.0,oz,16.0,16.0,weight,oz,unknown,False,False,False,"{""flavor"": ""unknown"", ""organic"": false, ""package_type"": ""unknown""}","{""attributes"": 1.0, ""brand"": 1.0, ""needs_review"": false, ""overall"": 0.92, ""product_type"": 1.0, ""quantity"": 1.0, ""warnings"": [""package_type is unknown""]}",0.92,False,[],"[""package_type is unknown""]",https://example.com/target/products/tg_0062,2026-05-05T22:31:00,1.21
tg_0063,target,Rao's H0memade Marinara Sauce - 24oz,rao s homemade marinara sauce 24oz,Rao's,Rao's,Pantry,pantry,unknown,pantry,8.73,,Circle deal,24.0,oz,1,24.0,oz,24.0,24.0,weight,oz,unknown,False,False,False,"{""flavor"": ""unknown"", ""organic"": false, ""package_type"": ""unknown""}","{""attributes"": 1.0, ""brand"": 1.0, ""needs_review"": true, ""overall"": 0.745, ""product_type"": 0.3, ""quantity"": 1.0, ""warnings"": [""product_type is unknown"", ""package_type is unknown""]}",0.745,True,"[""product_type""]","[""product_type is unknown"", ""package_type is unknown""]",https://example.com/target/products/tg_0063,2026-05-05T21:40:00,5.08
tg_0064,target,DiGiorno Original Rising Crust Pepperoni Frozen Pizza - 27.5oz,digiorno original rising crust pepperoni frozen pizza 27.5oz,DiGiorno,DiGiorno,Frozen,frozen,frozen_pizza,frozen,7.81,,Save $1,27.5,oz,1,27.5,oz,27.5,27.5,weight,oz,unknown,False,False,False,"{""flavor"": ""original"", ""organic"": false, ""package_type"": ""unknown""}","{""attributes"": 1.0, ""brand"": 1.0, ""needs_review"": false, ""overall"": 0.92, ""product_type"": 1.0, ""quantity"": 1.0, ""warnings"": [""package_type is unknown""]}",0.92,False,[],"[""package_type is unknown""]",https://example.com/target/products/tg_0064,2026-05-05T20:49:00,4.69
tg_0065,target,Ben & Jerry's Cherry Garcia Ice Cream - 1 pint,ben and jerry s cherry garcia ice cream 1 pint,Ben & Jerry's,Ben Jerry S,Frozen,frozen,ice_cream,frozen,6.74,,Circle deal,16.0,fl oz,1,16.0,fl_oz,16.0,16.0,volume,fl_oz,unknown,False,False,False,"{""flavor"": ""unknown"", ""organic"": false, ""package_type"": ""unknown""}","{""attributes"": 1.0, ""brand"": 1.0, ""needs_review"": false, ""overall"": 0.92, ""product_type"": 1.0, ""quantity"": 1.0, ""warnings"": [""package_type is unknown""]}",0.92,False,[],"[""package_type is unknown""]",https://example.com/target/products/tg_0065,2026-05-05T19:07:00,3.78
tg_0066,target,Häagen-Dazs Vanilla Ice Cream - 14 fl oz,haagen dazs vanilla ice cream 14 fl oz,Häagen-Dazs,Häagen Dazs,Frozen,frozen,ice_cream,frozen,5.93,0.4236,Save 20%,14.0,fl oz,1,14.0,fl_oz,14.0,14.0,volume,fl_oz,unknown,False,False,False,"{""flavor"": ""unknown"", ""organic"": false, ""package_type"": ""unknown""}","{""attributes"": 1.0, ""brand"": 1.0, ""needs_review"": false, ""overall"": 0.92, ""product_type"": 1.0, ""quantity"": 1.0, ""warnings"": [""package_type is unknown""]}",0.92,False,[],"[""package_type is unknown""]",https://example.com/target/products/tg_0066,2026-05-05T18:16:00,4.45
tg_0067,target,Tropicana Pure Premium Orange Juice - 52 fl oz,tropicana pure premium orange juice 52 fl oz,Tropicana,Tropicana,Beverages,beverages,orange_juice,beverages,4.71,0.0906,,52.0,fl oz,1,52.0,fl_oz,52.0,52.0,volume,fl_oz,unknown,False,False,False,"{""caffeine"": ""unknown"", ""carbonated"": false, ""diet_type"": ""regular"", ""flavor"": ""orange"", ""package_type"": ""unknown""}","{""attributes"": 1.0, ""brand"": 1.0, ""needs_review"": false, ""overall"": 0.92, ""product_type"": 1.0, ""quantity"": 1.0, ""warnings"": [""package_type is unknown""]}",0.92,False,[],"[""package_type is unknown""]",https://example.com/target/products/tg_0067,2026-05-05T17:08:00,3.35
tg_0068,target,Save 20% Simply Orange Pulp Free Orange Juice - 52 fl oz,save 20% simply orange pulp free orange juice 52 fl oz,Simply,Simply,Beverages,beverages,orange_juice,beverages,5.25,0.101,Save 20%,52.0,fl oz,1,52.0,fl_oz,52.0,52.0,volume,fl_oz,unknown,False,False,False,"{""caffeine"": ""unknown"", ""carbonated"": false, ""diet_type"": ""regular"", ""flavor"": ""orange"", ""package_type"": ""unknown""}","{""attributes"": 1.0, ""brand"": 1.0, ""needs_review"": false, ""overall"": 0.92, ""product_type"": 1.0, ""quantity"": 1.0, ""warnings"": [""package_type is unknown""]}",0.92,False,[],"[""package_type is unknown""]",https://example.com/target/products/tg_0068,2026-05-05T16:17:00,3.38
tg_0069,target,Starbucks Pike Place Whole Bean Coffee - 12oz,starbucks pike place whole bean coffee 12oz,Starbucks,Starbucks,Coffee,beverages,coffee,beverages,13.8,,,12.0,oz,1,12.0,oz,12.0,12.0,weight,oz,unknown,False,False,False,"{""caffeine"": ""caffeinated"", ""carbonated"": false, ""diet_type"": ""regular"", ""flavor"": ""classic"", ""package_type"": ""unknown""}","{""attributes"": 1.0, ""brand"": 1.0, ""needs_review"": false, ""overall"": 0.92, ""product_type"": 1.0, ""quantity"": 1.0, ""warnings"": [""package_type is unknown""]}",0.92,False,[],"[""package_type is unknown""]",https://example.com/target/products/tg_0069,2026-05-05T14:35:00,9.82
tg_0070,target,KIND Dark Chocolate Nuts & Sea Salt Bars - 6ct,kind dark chocolate nuts and sea salt bars 6 count,KIND,Kind,Snacks,snacks,unknown,snacks,6.54,0.7786,Circle deal,1.4,oz,6,1.4,oz,1.4,8.399999999999999,weight,oz,unknown,False,False,False,"{""flavor"": ""unknown"", ""organic"": false, ""package_type"": ""unknown""}","{""attributes"": 1.0, ""brand"": 1.0, ""needs_review"": true, ""overall"": 0.745, ""product_type"": 0.3, ""quantity"": 1.0, ""warnings"": [""product_type is unknown"", ""package_type is unknown""]}",0.745,True,"[""product_type""]","[""product_type is unknown"", ""package_type is unknown""]",https://example.com/target/products/tg_0070,2026-05-05T13:44:00,5.0
tg_0071,target,CLIF Bar Chocolate Chip Energy Bars - 6ct,clif bar chocolate chip energy bars 6 count,Clif,Clif,Snacks,snacks,unknown,snacks,8.29,0.5757,,2.4,oz,6,2.4,oz,2.4,14.399999999999999,weight,oz,unknown,False,False,False,"{""flavor"": ""unknown"", ""organic"": false, ""package_type"": ""unknown""}","{""attributes"": 1.0, ""brand"": 1.0, ""needs_review"": true, ""overall"": 0.745, ""product_type"": 0.3, ""quantity"": 1.0, ""warnings"": [""product_type is unknown"", ""package_type is unknown""]}",0.745,True,"[""product_type""]","[""product_type is unknown"", ""package_type is unknown""]",https://example.com/target/products/tg_0071,2026-05-05T12:53:00,6.45
tg_0072,target,Driscoll's Strawberries - 1lb,driscoll s strawberries 1lb,Driscoll's,Driscoll S,Fresh Produce,produce,berries,produce,5.11,5.11,,1.0,lb,1,1.0,lb,16.0,16.0,weight,oz,unknown,False,False,False,"{""organic"": false, ""package_type"": ""unknown"", ""produce_form"": ""unknown"", ""unit_basis"": ""unknown"", ""variety"": ""unknown""}","{""attributes"": 0.5, ""brand"": 1.0, ""needs_review"": true, ""overall"": 0.875, ""product_type"": 1.0, ""quantity"": 1.0, ""warnings"": [""missing required attributes: produce_form, unit_basis""]}",0.875,True,"[""produce_form"", ""unit_basis""]","[""missing required attributes: produce_form, unit_basis""]",https://example.com/target/products/tg_0072,2026-05-05T12:02:00,3.13
tg_0073,target,Driscoll's Blueberries - 6oz,driscoll s blueberries 6oz,Driscoll's,Driscoll S,Fresh Produce,produce,berries,produce,4.46,0.7433,BOGO 50% off,6.0,oz,1,6.0,oz,6.0,6.0,weight,oz,unknown,False,False,False,"{""organic"": false, ""package_type"": ""unknown"", ""produce_form"": ""unknown"", ""unit_basis"": ""unknown"", ""variety"": ""unknown""}","{""attributes"": 0.5, ""brand"": 1.0, ""needs_review"": true, ""overall"": 0.875, ""product_type"": 1.0, ""quantity"": 1.0, ""warnings"": [""missing required attributes: produce_form, unit_basis""]}",0.875,True,"[""produce_form"", ""unit_basis""]","[""missing required attributes: produce_form, unit_basis""]",https://example.com/target/products/tg_0073,2026-05-05T11:11:00,3.12
tg_0074,target,Bananas - each,bananas each,,unknown,Fresh Produce,produce,bananas,produce,0.65,,BOGO 50% off,1.0,each,1,1.0,count,1.0,1.0,count,count,each,False,False,False,"{""organic"": false, ""package_type"": ""each"", ""produce_form"": ""loose"", ""unit_basis"": ""each"", ""variety"": ""unknown""}","{""attributes"": 1.0, ""brand"": 0.4, ""needs_review"": false, ""overall"": 0.85, ""product_type"": 1.0, ""quantity"": 1.0, ""warnings"": [""canonical_brand is unknown""]}",0.85,False,[],"[""canonical_brand is unknown""]",https://example.com/target/products/tg_0074,2026-05-05T09:12:00,0.45
tg_0075,target,Boneless Skinless Chicken Breast - 1 lb,boneless skinless chicken breast 1 lb,,unknown,Meat & Seafood,meat_seafood,chicken_breast,meat_seafood,5.71,5.71,Circle deal,1.0,lb,1,1.0,lb,16.0,16.0,weight,oz,unknown,False,False,False,"{""animal"": ""chicken"", ""bone_status"": ""boneless"", ""cut"": ""breast"", ""fresh_or_frozen"": ""unknown"", ""organic"": false, ""package_type"": ""unknown"", ""skin_status"": ""skinless""}","{""attributes"": 1.0, ""brand"": 0.4, ""needs_review"": false, ""overall"": 0.85, ""product_type"": 1.0, ""quantity"": 1.0, ""warnings"": [""canonical_brand is unknown""]}",0.85,False,[],"[""canonical_brand is unknown""]",https://example.com/target/products/tg_0075,2026-05-05T08:04:00,4.17
tg_0076,target,Save $1 80/20 Ground Beef - 1lb,save 1 80/20 ground beef 1lb,,unknown,Meat & Seafood,meat_seafood,ground_beef,meat_seafood,6.74,6.74,Save $1,1.0,lb,1,1.0,lb,16.0,16.0,weight,oz,unknown,False,False,False,"{""animal"": ""beef"", ""bone_status"": ""unknown"", ""cut"": ""ground"", ""fresh_or_frozen"": ""unknown"", ""organic"": false, ""package_type"": ""unknown"", ""skin_status"": ""unknown""}","{""attributes"": 1.0, ""brand"": 0.4, ""needs_review"": false, ""overall"": 0.85, ""product_type"": 1.0, ""quantity"": 1.0, ""warnings"": [""canonical_brand is unknown""]}",0.85,False,[],"[""canonical_brand is unknown""]",https://example.com/target/products/tg_0076,2026-05-05T07:13:00,4.47
tg_0077,target,Organic Cheerios Original Breakfast Cereal - 12oz,organic cheerios original breakfast cereal 12oz,Cheerios,Cheerios,Breakfast,pantry,cereal,pantry,4.82,,Save $1,12.0,oz,1,12.0,oz,12.0,12.0,weight,oz,unknown,True,False,False,"{""flavor"": ""original"", ""organic"": true, ""package_type"": ""unknown""}","{""attributes"": 1.0, ""brand"": 1.0, ""needs_review"": false, ""overall"": 0.92, ""product_type"": 1.0, ""quantity"": 1.0, ""warnings"": [""package_type is unknown""]}",0.92,False,[],"[""package_type is unknown""]",https://example.com/target/products/tg_0077,2026-05-05T05:14:00,2.76
tg_0078,target,Circle deal Good & Gather Frozen Berry Blend 10 oz,circle deal good and gather frozen berry blend 10 oz,Good & Gather,Good & Gather,Frozen,frozen,unknown,frozen,4.82,,Circle deal,10.0,oz,1,10.0,oz,10.0,10.0,weight,oz,unknown,False,True,True,"{""flavor"": ""unknown"", ""organic"": false, ""package_type"": ""unknown""}","{""attributes"": 1.0, ""brand"": 1.0, ""needs_review"": true, ""overall"": 0.745, ""product_type"": 0.3, ""quantity"": 1.0, ""warnings"": [""product_type is unknown"", ""package_type is unknown""]}",0.745,True,"[""product_type""]","[""product_type is unknown"", ""package_type is unknown""]",https://example.com/target/products/tg_0078,2026-05-04T02:19:00,3.03
tg_0079,target,Market Pantry Macaroni & Cheese Original 7.25 oz,market pantry macaroni and cheese original 7.25 oz,Market Pantry,Market Pantry,Pantry,pantry,cheese,cheese,1.02,0.1407,BOGO 50% off,7.25,oz,1,7.25,oz,7.25,7.25,weight,oz,unknown,False,True,True,"{""flavor"": ""original"", ""organic"": false, ""package_type"": ""unknown""}","{""attributes"": 1.0, ""brand"": 1.0, ""needs_review"": false, ""overall"": 0.85, ""product_type"": 1.0, ""quantity"": 1.0, ""warnings"": [""raw category family pantry conflicts with inferred family cheese""]}",0.85,False,[],"[""raw category family pantry conflicts with inferred family cheese""]",https://example.com/target/products/tg_0079,2026-05-04T02:02:00,0.68
tg_0080,target,Good & Gather Roasted Almonds 16 oz,good and gather roasted almonds 16 oz,Good & Gather,Good & Gather,Snacks,snacks,unknown,snacks,9.02,0.5637,BOGO 50% off,16.0,oz,1,16.0,oz,16.0,16.0,weight,oz,unknown,False,True,True,"{""flavor"": ""unknown"", ""organic"": false, ""package_type"": ""unknown""}","{""attributes"": 1.0, ""brand"": 1.0, ""needs_review"": true, ""overall"": 0.745, ""product_type"": 0.3, ""quantity"": 1.0, ""warnings"": [""product_type is unknown"", ""package_type is unknown""]}",0.745,True,"[""product_type""]","[""product_type is unknown"", ""package_type is unknown""]",https://example.com/target/products/tg_0080,2026-05-04T01:45:00,5.78
tg_0081,target,Good & Gather Hummus Classic 10 oz,good and gather hummus classic 10 oz,Good & Gather,Good & Gather,Snacks,snacks,unknown,snacks,3.78,,Save $1,10.0,oz,1,10.0,oz,10.0,10.0,weight,oz,unknown,False,True,True,"{""flavor"": ""classic"", ""organic"": false, ""package_type"": ""unknown""}","{""attributes"": 1.0, ""brand"": 1.0, ""needs_review"": true, ""overall"": 0.745, ""product_type"": 0.3, ""quantity"": 1.0, ""warnings"": [""product_type is unknown"", ""package_type is unknown""]}",0.745,True,"[""product_type""]","[""product_type is unknown"", ""package_type is unknown""]",https://example.com/target/products/tg_0081,2026-05-04T01:28:00,2.9
tg_0082,target,Good & Gather Greek Yogurt Vanilla 32 oz,good and gather greek yogurt vanilla 32 oz,Good & Gather,Good & Gather,Dairy & Eggs,unknown,greek_yogurt,yogurt,5.94,0.1856,Save 20%,32.0,oz,1,32.0,oz,32.0,32.0,weight,oz,unknown,False,True,True,"{""fat_content"": ""unknown"", ""flavor"": ""vanilla"", ""multi_pack"": false, ""organic"": false, ""package_type"": ""unknown"", ""style"": ""greek""}","{""attributes"": 1.0, ""brand"": 1.0, ""needs_review"": false, ""overall"": 0.92, ""product_type"": 1.0, ""quantity"": 1.0, ""warnings"": [""package_type is unknown""]}",0.92,False,[],"[""package_type is unknown""]",https://example.com/target/products/tg_0082,2026-05-04T01:11:00,4.62
tg_0083,target,Good & Gather Sparkling Water Black Cherry 8pk,good and gather sparkling water black cherry 8 pack,Good & Gather,Good & Gather,Beverages,beverages,sparkling_water,beverages,3.66,0.0381,Save 20%,12.0,fl oz,8,12.0,fl_oz,12.0,96.0,volume,fl_oz,unknown,False,True,True,"{""caffeine"": ""unknown"", ""carbonated"": true, ""diet_type"": ""regular"", ""flavor"": ""classic"", ""package_type"": ""unknown""}","{""attributes"": 1.0, ""brand"": 1.0, ""needs_review"": false, ""overall"": 0.92, ""product_type"": 1.0, ""quantity"": 1.0, ""warnings"": [""package_type is unknown""]}",0.92,False,[],"[""package_type is unknown""]",https://example.com/target/products/tg_0083,2026-05-04T00:54:00,2.69
tg_0084,target,Good & Gather Trail Mix 10 oz,good and gather trail mix 10 oz,Good & Gather,Good & Gather,Snacks,snacks,unknown,snacks,5.14,0.514,,10.0,oz,1,10.0,oz,10.0,10.0,weight,oz,unknown,False,True,True,"{""flavor"": ""unknown"", ""organic"": false, ""package_type"": ""unknown""}","{""attributes"": 1.0, ""brand"": 1.0, ""needs_review"": true, ""overall"": 0.745, ""product_type"": 0.3, ""quantity"": 1.0, ""warnings"": [""product_type is unknown"", ""package_type is unknown""]}",0.745,True,"[""product_type""]","[""product_type is unknown"", ""package_type is unknown""]",https://example.com/target/products/tg_0084,2026-05-04T00:37:00,3.37
tg_0085,target,Good & Gather Frozen Pizza Margherita 12 inch,good and gather frozen pizza margherita 12 inch,Good & Gather,Good & Gather,Frozen,frozen,frozen_pizza,frozen,6.74,0.5617,,12.0,oz,1,12.0,oz,12.0,12.0,weight,oz,unknown,False,True,True,"{""flavor"": ""unknown"", ""organic"": false, ""package_type"": ""unknown""}","{""attributes"": 1.0, ""brand"": 1.0, ""needs_review"": false, ""overall"": 0.92, ""product_type"": 1.0, ""quantity"": 1.0, ""warnings"": [""package_type is unknown""]}",0.92,False,[],"[""package_type is unknown""]",https://example.com/target/products/tg_0085,2026-05-04T00:20:00,4.35
tg_0086,target,Good & Gather Tomato Basil Soup 16 fl oz,good and gather tomato basil soup 16 fl oz,Good & Gather,Good & Gather,Pantry,pantry,soup,pantry,3.81,,,16.0,fl oz,1,16.0,fl_oz,16.0,16.0,volume,fl_oz,unknown,False,True,True,"{""flavor"": ""unknown"", ""organic"": false, ""package_type"": ""unknown""}","{""attributes"": 1.0, ""brand"": 1.0, ""needs_review"": false, ""overall"": 0.92, ""product_type"": 1.0, ""quantity"": 1.0, ""warnings"": [""package_type is unknown""]}",0.92,False,[],"[""package_type is unknown""]",https://example.com/target/products/tg_0086,2026-05-04T00:03:00,2.19
tg_0087,target,Market Pantry Salted Butter Quarters 1 lb,market pantry salted butter quarters 1 lb,Market Pantry,Market Pantry,Dairy & Eggs,unknown,butter,butter,5.07,,,1.0,lb,4,1.0,lb,16.0,64.0,weight,oz,unknown,False,True,True,"{""flavor"": ""unknown"", ""organic"": false, ""package_type"": ""unknown""}","{""attributes"": 1.0, ""brand"": 1.0, ""needs_review"": false, ""overall"": 1.0, ""product_type"": 1.0, ""quantity"": 1.0, ""warnings"": []}",1.0,False,[],[],https://example.com/target/products/tg_0087,2026-05-03T23:46:00,3.1
tg_0088,target,Good & Gather Organic Whole Milk 1/2 Gal,good and gather organic whole milk 1/2 gal,Good & Gather,Good & Gather,Milk & Cream,dairy_milk,milk,dairy_milk,3.87,7.74,Save $1,0.5,gal,1,0.5,gal,64.0,64.0,volume,fl_oz,unknown,True,True,True,"{""fat_content"": ""whole"", ""lactose_free"": false, ""organic"": true, ""package_type"": ""unknown""}","{""attributes"": 1.0, ""brand"": 1.0, ""needs_review"": false, ""overall"": 0.92, ""product_type"": 1.0, ""quantity"": 1.0, ""warnings"": [""package_type is unknown""]}",0.92,False,[],"[""package_type is unknown""]",https://example.com/target/products/tg_0088,2026-05-03T23:29:00,2.67
tg_0089,target,Archer Farms Coffee Breakfast Blend 12 oz,archer farms coffee breakfast blend 12 oz,Archer Farms,Archer Farms,Coffee,beverages,coffee,beverages,11.39,,Save $1,12.0,oz,1,12.0,oz,12.0,12.0,weight,oz,unknown,False,True,False,"{""caffeine"": ""caffeinated"", ""carbonated"": false, ""diet_type"": ""regular"", ""flavor"": ""classic"", ""package_type"": ""unknown""}","{""attributes"": 1.0, ""brand"": 1.0, ""needs_review"": false, ""overall"": 0.92, ""product_type"": 1.0, ""quantity"": 1.0, ""warnings"": [""package_type is unknown""]}",0.92,False,[],"[""package_type is unknown""]",https://example.com/target/products/tg_0089,2026-05-03T23:12:00,11.02
tg_0090,target,Good & Gather Sliced Sourdough Bread 22 oz,good and gather sliced sourdough bread 22 oz,Good & Gather,Good & Gather,Bakery,bakery,bread,bakery,3.78,0.1718,Circle deal,22.0,oz,1,22.0,oz,22.0,22.0,weight,oz,unknown,False,True,True,"{""flavor"": ""unknown"", ""organic"": false, ""package_type"": ""unknown""}","{""attributes"": 1.0, ""brand"": 1.0, ""needs_review"": false, ""overall"": 1.0, ""product_type"": 1.0, ""quantity"": 1.0, ""warnings"": []}",1.0,False,[],[],https://example.com/target/products/tg_0090,2026-05-03T22:55:00,2.51
tg_0091,target,Market Pantry Sour Cream 16 oz,market pantry sour cream 16 oz,Market Pantry,Market Pantry,Dairy & Eggs,unknown,unknown,unknown,2.09,0.1306,Save $1,16.0,oz,1,16.0,oz,16.0,16.0,weight,oz,unknown,False,True,True,{},"{""attributes"": 1.0, ""brand"": 1.0, ""needs_review"": true, ""overall"": 0.825, ""product_type"": 0.3, ""quantity"": 1.0, ""warnings"": [""product_type is unknown""]}",0.825,True,"[""product_type""]","[""product_type is unknown""]",https://example.com/target/products/tg_0091,2026-05-03T22:38:00,1.52
tg_0092,target,Good & Gather Sliced Pepperoni 5 oz,good and gather sliced pepperoni 5 oz,Good & Gather,Good & Gather,Meat & Seafood,meat_seafood,unknown,meat_seafood,5.44,1.088,Circle deal,5.0,oz,1,5.0,oz,5.0,5.0,weight,oz,unknown,False,True,True,"{""animal"": ""unknown"", ""bone_status"": ""unknown"", ""cut"": ""unknown"", ""fresh_or_frozen"": ""unknown"", ""organic"": false, ""package_type"": ""unknown"", ""skin_status"": ""unknown""}","{""attributes"": 0.5, ""brand"": 1.0, ""needs_review"": true, ""overall"": 0.7, ""product_type"": 0.3, ""quantity"": 1.0, ""warnings"": [""product_type is unknown"", ""missing required attributes: animal, cut""]}",0.7,True,"[""product_type"", ""animal"", ""cut""]","[""product_type is unknown"", ""missing required attributes: animal, cut""]",https://example.com/target/products/tg_0092,2026-05-03T22:21:00,4.02
tg_0093,target,Good & Gather Frozen Mango Chunks 16 oz,good and gather frozen mango chunks 16 oz,Good & Gather,Good & Gather,Frozen,frozen,unknown,frozen,5.18,0.3237,Save $1,16.0,oz,1,16.0,oz,16.0,16.0,weight,oz,unknown,False,True,True,"{""flavor"": ""unknown"", ""organic"": false, ""package_type"": ""unknown""}","{""attributes"": 1.0, ""brand"": 1.0, ""needs_review"": true, ""overall"": 0.745, ""product_type"": 0.3, ""quantity"": 1.0, ""warnings"": [""product_type is unknown"", ""package_type is unknown""]}",0.745,True,"[""product_type""]","[""product_type is unknown"", ""package_type is unknown""]",https://example.com/target/products/tg_0093,2026-05-03T22:04:00,2.93
tg_0094,target,Good & Gather Cold Pressed Lemonade 14 fl oz,good and gather cold pressed lemonade 14 fl oz,Good & Gather,Good & Gather,Beverages,beverages,unknown,beverages,3.3,,Save $1,14.0,fl oz,1,14.0,fl_oz,14.0,14.0,volume,fl_oz,unknown,False,True,True,"{""caffeine"": ""unknown"", ""carbonated"": ""unknown"", ""diet_type"": ""regular"", ""flavor"": ""classic"", ""package_type"": ""unknown""}","{""attributes"": 1.0, ""brand"": 1.0, ""needs_review"": true, ""overall"": 0.745, ""product_type"": 0.3, ""quantity"": 1.0, ""warnings"": [""product_type is unknown"", ""package_type is unknown""]}",0.745,True,"[""product_type""]","[""product_type is unknown"", ""package_type is unknown""]",https://example.com/target/products/tg_0094,2026-05-03T21:47:00,3.1
tg_0095,target,Good & Gather Whole Bean Coffee Sumatra 12 oz,good and gather whole bean coffee sumatra 12 oz,Good & Gather,Good & Gather,Coffee,beverages,coffee,beverages,9.36,0.78,,12.0,oz,1,12.0,oz,12.0,12.0,weight,oz,unknown,False,True,True,"{""caffeine"": ""caffeinated"", ""carbonated"": false, ""diet_type"": ""regular"", ""flavor"": ""classic"", ""package_type"": ""unknown""}","{""attributes"": 1.0, ""brand"": 1.0, ""needs_review"": false, ""overall"": 0.92, ""product_type"": 1.0, ""quantity"": 1.0, ""warnings"": [""package_type is unknown""]}",0.92,False,[],"[""package_type is unknown""]",https://example.com/target/products/tg_0095,2026-05-03T21:30:00,6.66
tg_0096,target,Market Pantry White Sandwich Bread 20 oz,market pantry white sandwich bread 20 oz,Market Pantry,Market Pantry,Bakery,bakery,bread,bakery,1.55,,Circle deal,20.0,oz,1,20.0,oz,20.0,20.0,weight,oz,unknown,False,True,True,"{""flavor"": ""unknown"", ""organic"": false, ""package_type"": ""unknown""}","{""attributes"": 1.0, ""brand"": 1.0, ""needs_review"": false, ""overall"": 1.0, ""product_type"": 1.0, ""quantity"": 1.0, ""warnings"": []}",1.0,False,[],[],https://example.com/target/products/tg_0096,2026-05-03T21:13:00,0.94
tg_0097,target,Good & Gather Plain Bagels 6 ct,good and gather plain bagels 6 count,Good & Gather,Good & Gather,Bakery,bakery,unknown,bakery,3.33,,Save 20%,6.0,ct,1,6.0,count,6.0,6.0,count,count,unknown,False,True,True,"{""flavor"": ""plain"", ""organic"": false, ""package_type"": ""unknown""}","{""attributes"": 1.0, ""brand"": 1.0, ""needs_review"": true, ""overall"": 0.825, ""product_type"": 0.3, ""quantity"": 1.0, ""warnings"": [""product_type is unknown""]}",0.825,True,"[""product_type""]","[""product_type is unknown""]",https://example.com/target/products/tg_0097,2026-05-03T20:56:00,1.96
tg_0098,target,Good & Gather Almond Flour 16 oz,good and gather almond flour 16 oz,Good & Gather,Good & Gather,Pantry,pantry,unknown,pantry,8.27,0.5169,Circle deal,16.0,oz,1,16.0,oz,16.0,16.0,weight,oz,unknown,False,True,True,"{""flavor"": ""unknown"", ""organic"": false, ""package_type"": ""unknown""}","{""attributes"": 1.0, ""brand"": 1.0, ""needs_review"": true, ""overall"": 0.745, ""product_type"": 0.3, ""quantity"": 1.0, ""warnings"": [""product_type is unknown"", ""package_type is unknown""]}",0.745,True,"[""product_type""]","[""product_type is unknown"", ""package_type is unknown""]",https://example.com/target/products/tg_0098,2026-05-03T20:39:00,5.64
tg_0099,target,Method Hand Wash Sea Minerals 12 fl oz,method hand wash sea minerals 12 fl oz,Method,Method,Snacks,snacks,unknown,snacks,5.68,,,12.0,fl oz,1,12.0,fl_oz,12.0,12.0,volume,fl_oz,unknown,False,False,False,"{""flavor"": ""unknown"", ""organic"": false, ""package_type"": ""unknown""}","{""attributes"": 1.0, ""brand"": 1.0, ""needs_review"": true, ""overall"": 0.745, ""product_type"": 0.3, ""quantity"": 1.0, ""warnings"": [""product_type is unknown"", ""package_type is unknown""]}",0.745,True,"[""product_type""]","[""product_type is unknown"", ""package_type is unknown""]",https://example.com/target/products/tg_0099,2026-05-03T20:22:00,3.66
tg_0100,target,Good & Gather Premium Chicken Breast Strips 8 oz,good and gather premium chicken breast strips 8 oz,Good & Gather,Good & Gather,Meat & Seafood,meat_seafood,chicken_breast,meat_seafood,7.28,,,8.0,oz,1,8.0,oz,8.0,8.0,weight,oz,unknown,False,True,True,"{""animal"": ""chicken"", ""bone_status"": ""unknown"", ""cut"": ""breast"", ""fresh_or_frozen"": ""unknown"", ""organic"": false, ""package_type"": ""unknown"", ""skin_status"": ""unknown""}","{""attributes"": 1.0, ""brand"": 1.0, ""needs_review"": false, ""overall"": 1.0, ""product_type"": 1.0, ""quantity"": 1.0, ""warnings"": []}",1.0,False,[],[],https://example.com/target/products/tg_0100,2026-05-03T20:05:00,4.23
tg_0101,target,Good & Gather Maple Syrup Pure 8 fl oz,good and gather maple syrup pure 8 fl oz,Good & Gather,Good & Gather,Pantry,pantry,unknown,pantry,6.72,0.84,,8.0,fl oz,1,8.0,fl_oz,8.0,8.0,volume,fl_oz,unknown,False,True,True,"{""flavor"": ""unknown"", ""organic"": false, ""package_type"": ""unknown""}","{""attributes"": 1.0, ""brand"": 1.0, ""needs_review"": true, ""overall"": 0.745, ""product_type"": 0.3, ""quantity"": 1.0, ""warnings"": [""product_type is unknown"", ""package_type is unknown""]}",0.745,True,"[""product_type""]","[""product_type is unknown"", ""package_type is unknown""]",https://example.com/target/products/tg_0101,2026-05-03T19:48:00,4.17
tg_0102,target,Good & Gather Pita Chips Sea Salt 8 oz,good and gather pita chips sea salt 8 oz,Good & Gather,Good & Gather,Snacks,snacks,chips,snacks,3.59,0.4487,Save $1,8.0,oz,1,8.0,oz,8.0,8.0,weight,oz,unknown,False,True,True,"{""flavor"": ""unknown"", ""organic"": false, ""package_type"": ""unknown""}","{""attributes"": 1.0, ""brand"": 1.0, ""needs_review"": false, ""overall"": 0.92, ""product_type"": 1.0, ""quantity"": 1.0, ""warnings"": [""package_type is unknown""]}",0.92,False,[],"[""package_type is unknown""]",https://example.com/target/products/tg_0102,2026-05-03T19:31:00,2.36
tg_0103,target,Good & Gather Frozen Brussels Sprouts 12 oz,good and gather frozen brussels sprouts 12 oz,Good & Gather,Good & Gather,Frozen,frozen,unknown,frozen,3.28,0.2733,Save $1,12.0,oz,1,12.0,oz,12.0,12.0,weight,oz,unknown,False,True,True,"{""flavor"": ""unknown"", ""organic"": false, ""package_type"": ""unknown""}","{""attributes"": 1.0, ""brand"": 1.0, ""needs_review"": true, ""overall"": 0.745, ""product_type"": 0.3, ""quantity"": 1.0, ""warnings"": [""product_type is unknown"", ""package_type is unknown""]}",0.745,True,"[""product_type""]","[""product_type is unknown"", ""package_type is unknown""]",https://example.com/target/products/tg_0103,2026-05-03T19:14:00,2.53
tg_0104,target,Market Pantry Cinnamon Toast Cereal 17 oz,market pantry cinnamon toast cereal 17 oz,Market Pantry,Market Pantry,Breakfast,pantry,cereal,pantry,3.06,,Circle deal,17.0,oz,1,17.0,oz,17.0,17.0,weight,oz,unknown,False,True,True,"{""flavor"": ""unknown"", ""organic"": false, ""package_type"": ""unknown""}","{""attributes"": 1.0, ""brand"": 1.0, ""needs_review"": false, ""overall"": 0.92, ""product_type"": 1.0, ""quantity"": 1.0, ""warnings"": [""package_type is unknown""]}",0.92,False,[],"[""package_type is unknown""]",https://example.com/target/products/tg_0104,2026-05-03T18:57:00,1.92
tg_0105,target,Good & Gather Granola Bars Honey Oat 6 ct,good and gather granola bars honey oat 6 count,Good & Gather,Good & Gather,Snacks,snacks,granola_bars,snacks,3.65,,Circle deal,1.4,oz,6,1.4,oz,1.4,8.399999999999999,weight,oz,unknown,False,True,True,"{""flavor"": ""unknown"", ""organic"": false, ""package_type"": ""unknown""}","{""attributes"": 1.0, ""brand"": 1.0, ""needs_review"": false, ""overall"": 0.92, ""product_type"": 1.0, ""quantity"": 1.0, ""warnings"": [""package_type is unknown""]}",0.92,False,[],"[""package_type is unknown""]",https://example.com/target/products/tg_0105,2026-05-03T18:40:00,2.26
tg_0106,target,Good & Gather Sliced Black Olives 3.8 oz Can,good and gather sliced black olives 3.8 oz can,Good & Gather,Good & Gather,Pantry,pantry,unknown,pantry,1.5,0.3947,,3.8,oz,1,3.8,oz,3.8,3.8,weight,oz,can,False,True,True,"{""flavor"": ""unknown"", ""organic"": false, ""package_type"": ""can""}","{""attributes"": 1.0, ""brand"": 1.0, ""needs_review"": true, ""overall"": 0.825, ""product_type"": 0.3, ""quantity"": 1.0, ""warnings"": [""product_type is unknown""]}",0.825,True,"[""product_type""]","[""product_type is unknown""]",https://example.com/target/products/tg_0106,2026-05-03T18:23:00,1.1
tg_0107,target,Good & Gather Whole Wheat Tortillas 8 ct,good and gather whole wheat tortillas 8 count,Good & Gather,Good & Gather,Bakery,bakery,unknown,bakery,2.83,,Save 20%,8.0,ct,1,8.0,count,8.0,8.0,count,count,unknown,False,True,True,"{""flavor"": ""unknown"", ""organic"": false, ""package_type"": ""unknown""}","{""attributes"": 1.0, ""brand"": 1.0, ""needs_review"": true, ""overall"": 0.825, ""product_type"": 0.3, ""quantity"": 1.0, ""warnings"": [""product_type is unknown""]}",0.825,True,"[""product_type""]","[""product_type is unknown""]",https://example.com/target/products/tg_0107,2026-05-03T18:06:00,1.73
tg_0108,target,Market Pantry All-Purpose Flour - 5 lb,market pantry all purpose flour 5 lb,Market Pantry,Market Pantry,Pantry,pantry,unknown,pantry,4.32,0.864,Save $1,5.0,lb,1,5.0,lb,80.0,80.0,weight,oz,unknown,False,True,True,"{""flavor"": ""unknown"", ""organic"": false, ""package_type"": ""unknown""}","{""attributes"": 1.0, ""brand"": 1.0, ""needs_review"": true, ""overall"": 0.745, ""product_type"": 0.3, ""quantity"": 1.0, ""warnings"": [""product_type is unknown"", ""package_type is unknown""]}",0.745,True,"[""product_type""]","[""product_type is unknown"", ""package_type is unknown""]",https://example.com/target/products/tg_0108,2026-04-29T14:39:00,2.91
tg_0109,target,Market Pantry Granulated Sugar - 4 lb,market pantry granulated sugar 4 lb,Market Pantry,Market Pantry,Pantry,pantry,unknown,pantry,6.63,1.6575,,4.0,lb,1,4.0,lb,64.0,64.0,weight,oz,unknown,False,True,True,"{""flavor"": ""unknown"", ""organic"": false, ""package_type"": ""unknown""}","{""attributes"": 1.0, ""brand"": 1.0, ""needs_review"": true, ""overall"": 0.745, ""product_type"": 0.3, ""quantity"": 1.0, ""warnings"": [""product_type is unknown"", ""package_type is unknown""]}",0.745,True,"[""product_type""]","[""product_type is unknown"", ""package_type is unknown""]",https://example.com/target/products/tg_0109,2026-04-29T14:22:00,4.59
tg_0110,target,Market Pantry Brown Sugar - 16 oz,market pantry brown sugar 16 oz,Market Pantry,Market Pantry,Pantry,pantry,unknown,pantry,3.57,,Circle deal,16.0,oz,1,16.0,oz,16.0,16.0,weight,oz,unknown,False,True,True,"{""flavor"": ""unknown"", ""organic"": false, ""package_type"": ""unknown""}","{""attributes"": 1.0, ""brand"": 1.0, ""needs_review"": true, ""overall"": 0.745, ""product_type"": 0.3, ""quantity"": 1.0, ""warnings"": [""product_type is unknown"", ""package_type is unknown""]}",0.745,True,"[""product_type""]","[""product_type is unknown"", ""package_type is unknown""]",https://example.com/target/products/tg_0110,2026-04-29T14:05:00,2.57
tg_0111,target,Good & Gather Baking Soda - 16 oz,good and gather baking soda 16 oz,Good & Gather,Good & Gather,Pantry,pantry,unknown,pantry,1.73,0.1081,Save $1,16.0,oz,1,16.0,oz,16.0,16.0,weight,oz,unknown,False,True,True,"{""flavor"": ""unknown"", ""organic"": false, ""package_type"": ""unknown""}","{""attributes"": 1.0, ""brand"": 1.0, ""needs_review"": true, ""overall"": 0.745, ""product_type"": 0.3, ""quantity"": 1.0, ""warnings"": [""product_type is unknown"", ""package_type is unknown""]}",0.745,True,"[""product_type""]","[""product_type is unknown"", ""package_type is unknown""]",https://example.com/target/products/tg_0111,2026-04-29T13:48:00,1.21
tg_0112,target,Good & Gather Baking Powder - 8 oz,good and gather baking powder 8 oz,Good & Gather,Good & Gather,Pantry,pantry,unknown,pantry,2.47,0.3088,Circle deal,8.0,oz,1,8.0,oz,8.0,8.0,weight,oz,unknown,False,True,True,"{""flavor"": ""unknown"", ""organic"": false, ""package_type"": ""unknown""}","{""attributes"": 1.0, ""brand"": 1.0, ""needs_review"": true, ""overall"": 0.745, ""product_type"": 0.3, ""quantity"": 1.0, ""warnings"": [""product_type is unknown"", ""package_type is unknown""]}",0.745,True,"[""product_type""]","[""product_type is unknown"", ""package_type is unknown""]",https://example.com/target/products/tg_0112,2026-04-29T13:31:00,1.37
tg_0113,target,Market Pantry Active Dry Yeast - 0.75 oz 3 ct,market pantry active dry yeast 0.75 oz 3 count,Market Pantry,Market Pantry,Pantry,pantry,unknown,pantry,2.47,3.2933,Save $1,0.25,oz,3,0.25,oz,0.25,0.75,weight,oz,unknown,False,True,True,"{""flavor"": ""unknown"", ""organic"": false, ""package_type"": ""unknown""}","{""attributes"": 1.0, ""brand"": 1.0, ""needs_review"": true, ""overall"": 0.745, ""product_type"": 0.3, ""quantity"": 1.0, ""warnings"": [""product_type is unknown"", ""package_type is unknown""]}",0.745,True,"[""product_type""]","[""product_type is unknown"", ""package_type is unknown""]",https://example.com/target/products/tg_0113,2026-04-29T13:14:00,1.69
tg_0114,target,Market Pantry Vanilla Extract - 2 fl oz,market pantry vanilla extract 2 fl oz,Market Pantry,Market Pantry,Pantry,pantry,unknown,pantry,6.38,,Save 20%,2.0,fl oz,1,2.0,fl_oz,2.0,2.0,volume,fl_oz,unknown,False,True,True,"{""flavor"": ""unknown"", ""organic"": false, ""package_type"": ""unknown""}","{""attributes"": 1.0, ""brand"": 1.0, ""needs_review"": true, ""overall"": 0.745, ""product_type"": 0.3, ""quantity"": 1.0, ""warnings"": [""product_type is unknown"", ""package_type is unknown""]}",0.745,True,"[""product_type""]","[""product_type is unknown"", ""package_type is unknown""]",https://example.com/target/products/tg_0114,2026-04-29T12:57:00,4.24
tg_0115,target,Market Pantry Ground Cinnamon - 2 oz,market pantry ground cinnamon 2 oz,Market Pantry,Market Pantry,Pantry,pantry,unknown,pantry,3.07,,Circle deal,2.0,oz,1,2.0,oz,2.0,2.0,weight,oz,unknown,False,True,True,"{""flavor"": ""unknown"", ""organic"": false, ""package_type"": ""unknown""}","{""attributes"": 1.0, ""brand"": 1.0, ""needs_review"": true, ""overall"": 0.745, ""product_type"": 0.3, ""quantity"": 1.0, ""warnings"": [""product_type is unknown"", ""package_type is unknown""]}",0.745,True,"[""product_type""]","[""product_type is unknown"", ""package_type is unknown""]",https://example.com/target/products/tg_0115,2026-04-29T12:40:00,2.28
tg_0116,target,Good & Gather Paprika - 2 oz,good and gather paprika 2 oz,Good & Gather,Good & Gather,Pantry,pantry,unknown,pantry,2.72,,,2.0,oz,1,2.0,oz,2.0,2.0,weight,oz,unknown,False,True,True,"{""flavor"": ""unknown"", ""organic"": false, ""package_type"": ""unknown""}","{""attributes"": 1.0, ""brand"": 1.0, ""needs_review"": true, ""overall"": 0.745, ""product_type"": 0.3, ""quantity"": 1.0, ""warnings"": [""product_type is unknown"", ""package_type is unknown""]}",0.745,True,"[""product_type""]","[""product_type is unknown"", ""package_type is unknown""]",https://example.com/target/products/tg_0116,2026-04-29T12:23:00,2.1
tg_0117,target,Good & Gather Ground Cumin - 2 oz,good and gather ground cumin 2 oz,Good & Gather,Good & Gather,Pantry,pantry,unknown,pantry,3.95,,Circle deal,2.0,oz,1,2.0,oz,2.0,2.0,weight,oz,unknown,False,True,True,"{""flavor"": ""unknown"", ""organic"": false, ""package_type"": ""unknown""}","{""attributes"": 1.0, ""brand"": 1.0, ""needs_review"": true, ""overall"": 0.745, ""product_type"": 0.3, ""quantity"": 1.0, ""warnings"": [""product_type is unknown"", ""package_type is unknown""]}",0.745,True,"[""product_type""]","[""product_type is unknown"", ""package_type is unknown""]",https://example.com/target/products/tg_0117,2026-04-29T12:06:00,2.45
tg_0118,target,Market Pantry Italian Seasoning - 0.75 oz,market pantry italian seasoning 0.75 oz,Market Pantry,Market Pantry,Pantry,pantry,unknown,pantry,2.57,3.4267,BOGO 50% off,0.75,oz,1,0.75,oz,0.75,0.75,weight,oz,unknown,False,True,True,"{""flavor"": ""unknown"", ""organic"": false, ""package_type"": ""unknown""}","{""attributes"": 1.0, ""brand"": 1.0, ""needs_review"": true, ""overall"": 0.745, ""product_type"": 0.3, ""quantity"": 1.0, ""warnings"": [""product_type is unknown"", ""package_type is unknown""]}",0.745,True,"[""product_type""]","[""product_type is unknown"", ""package_type is unknown""]",https://example.com/target/products/tg_0118,2026-04-29T11:49:00,1.74
tg_0119,target,Good & Gather Garlic Powder - 3 oz,good and gather garlic powder 3 oz,Good & Gather,Good & Gather,Pantry,pantry,unknown,pantry,3.58,,BOGO 50% off,3.0,oz,1,3.0,oz,3.0,3.0,weight,oz,unknown,False,True,True,"{""flavor"": ""unknown"", ""organic"": false, ""package_type"": ""unknown""}","{""attributes"": 1.0, ""brand"": 1.0, ""needs_review"": true, ""overall"": 0.745, ""product_type"": 0.3, ""quantity"": 1.0, ""warnings"": [""product_type is unknown"", ""package_type is unknown""]}",0.745,True,"[""product_type""]","[""product_type is unknown"", ""package_type is unknown""]",https://example.com/target/products/tg_0119,2026-04-29T11:32:00,2.35
tg_0120,target,Market Pantry Black Pepper Ground - 3 oz,market pantry black pepper ground 3 oz,Market Pantry,Market Pantry,Pantry,pantry,unknown,pantry,6.0,2.0,Save $1,3.0,oz,1,3.0,oz,3.0,3.0,weight,oz,unknown,False,True,True,"{""flavor"": ""unknown"", ""organic"": false, ""package_type"": ""unknown""}","{""attributes"": 1.0, ""brand"": 1.0, ""needs_review"": true, ""overall"": 0.745, ""product_type"": 0.3, ""quantity"": 1.0, ""warnings"": [""product_type is unknown"", ""package_type is unknown""]}",0.745,True,"[""product_type""]","[""product_type is unknown"", ""package_type is unknown""]",https://example.com/target/products/tg_0120,2026-04-29T11:15:00,4.25
tg_0121,target,Market Pantry Iodized Salt - 26 oz,market pantry iodized salt 26 oz,Market Pantry,Market Pantry,Pantry,pantry,unknown,pantry,1.8,0.0692,Save 20%,26.0,oz,1,26.0,oz,26.0,26.0,weight,oz,unknown,False,True,True,"{""flavor"": ""unknown"", ""organic"": false, ""package_type"": ""unknown""}","{""attributes"": 1.0, ""brand"": 1.0, ""needs_review"": true, ""overall"": 0.745, ""product_type"": 0.3, ""quantity"": 1.0, ""warnings"": [""product_type is unknown"", ""package_type is unknown""]}",0.745,True,"[""product_type""]","[""product_type is unknown"", ""package_type is unknown""]",https://example.com/target/products/tg_0121,2026-04-29T10:58:00,1.33
tg_0122,target,BOGO 50% off Good & Gather Sea Salt - 17.6 oz,bogo 50% off good and gather sea salt 17.6 oz,Good & Gather,Good & Gather,Pantry,pantry,unknown,pantry,2.43,,BOGO 50% off,17.6,oz,1,17.6,oz,17.6,17.6,weight,oz,unknown,False,True,True,"{""flavor"": ""unknown"", ""organic"": false, ""package_type"": ""unknown""}","{""attributes"": 1.0, ""brand"": 1.0, ""needs_review"": true, ""overall"": 0.745, ""product_type"": 0.3, ""quantity"": 1.0, ""warnings"": [""product_type is unknown"", ""package_type is unknown""]}",0.745,True,"[""product_type""]","[""product_type is unknown"", ""package_type is unknown""]",https://example.com/target/products/tg_0122,2026-04-29T10:41:00,1.61
tg_0123,target,Market Pantry Soy Sauce - 10 fl oz,market pantry soy sauce 10 fl oz,Market Pantry,Market Pantry,Pantry,pantry,unknown,pantry,3.2,0.32,,10.0,fl oz,1,10.0,fl_oz,10.0,10.0,volume,fl_oz,unknown,False,True,True,"{""flavor"": ""unknown"", ""organic"": false, ""package_type"": ""unknown""}","{""attributes"": 1.0, ""brand"": 1.0, ""needs_review"": true, ""overall"": 0.745, ""product_type"": 0.3, ""quantity"": 1.0, ""warnings"": [""product_type is unknown"", ""package_type is unknown""]}",0.745,True,"[""product_type""]","[""product_type is unknown"", ""package_type is unknown""]",https://example.com/target/products/tg_0123,2026-04-29T10:24:00,1.96
tg_0124,target,Good & Gather Apple Cider Vinegar - 16 fl oz,good and gather apple cider vinegar 16 fl oz,Good & Gather,Good & Gather,Pantry,pantry,apples,produce,5.27,0.3294,,16.0,fl oz,1,16.0,fl_oz,16.0,16.0,volume,fl_oz,unknown,False,True,True,"{""organic"": false, ""package_type"": ""unknown"", ""produce_form"": ""unknown"", ""unit_basis"": ""unknown"", ""variety"": ""unknown""}","{""attributes"": 0.5, ""brand"": 1.0, ""needs_review"": true, ""overall"": 0.725, ""product_type"": 1.0, ""quantity"": 1.0, ""warnings"": [""missing required attributes: produce_form, unit_basis"", ""raw category family pantry conflicts with inferred family produce""]}",0.725,True,"[""produce_form"", ""unit_basis""]","[""missing required attributes: produce_form, unit_basis"", ""raw category family pantry conflicts with inferred family produce""]",https://example.com/target/products/tg_0124,2026-04-29T10:07:00,3.0
tg_0125,target,Market Pantry White Vinegar - 32 fl oz,market pantry white vinegar 32 fl oz,Market Pantry,Market Pantry,Pantry,pantry,unknown,pantry,5.47,0.1709,Save 20%,32.0,fl oz,1,32.0,fl_oz,32.0,32.0,volume,fl_oz,unknown,False,True,True,"{""flavor"": ""unknown"", ""organic"": false, ""package_type"": ""unknown""}","{""attributes"": 1.0, ""brand"": 1.0, ""needs_review"": true, ""overall"": 0.745, ""product_type"": 0.3, ""quantity"": 1.0, ""warnings"": [""product_type is unknown"", ""package_type is unknown""]}",0.745,True,"[""product_type""]","[""product_type is unknown"", ""package_type is unknown""]",https://example.com/target/products/tg_0125,2026-04-29T09:50:00,4.07
tg_0126,target,Good & Gather Yellow Mustard - 8 oz,good and gather yellow mustard 8 oz,Good & Gather,Good & Gather,Pantry,pantry,unknown,pantry,1.23,,Save $1,8.0,oz,1,8.0,oz,8.0,8.0,weight,oz,unknown,False,True,True,"{""flavor"": ""unknown"", ""organic"": false, ""package_type"": ""unknown""}","{""attributes"": 1.0, ""brand"": 1.0, ""needs_review"": true, ""overall"": 0.745, ""product_type"": 0.3, ""quantity"": 1.0, ""warnings"": [""product_type is unknown"", ""package_type is unknown""]}",0.745,True,"[""product_type""]","[""product_type is unknown"", ""package_type is unknown""]",https://example.com/target/products/tg_0126,2026-04-29T09:33:00,0.83
tg_0127,target,Market Pantry Dijon Mustard - 8 oz,market pantry dijon mustard 8 oz,Market Pantry,Market Pantry,Pantry,pantry,unknown,pantry,4.79,0.5988,,8.0,oz,1,8.0,oz,8.0,8.0,weight,oz,unknown,False,True,True,"{""flavor"": ""unknown"", ""organic"": false, ""package_type"": ""unknown""}","{""attributes"": 1.0, ""brand"": 1.0, ""needs_review"": true, ""overall"": 0.745, ""product_type"": 0.3, ""quantity"": 1.0, ""warnings"": [""product_type is unknown"", ""package_type is unknown""]}",0.745,True,"[""product_type""]","[""product_type is unknown"", ""package_type is unknown""]",https://example.com/target/products/tg_0127,2026-04-29T09:16:00,3.45
tg_0128,target,Good & Gather BBQ Sauce Original - 18 oz,good and gather bbq sauce original 18 oz,Good & Gather,Good & Gather,Pantry,pantry,unknown,pantry,4.13,,,18.0,oz,1,18.0,oz,18.0,18.0,weight,oz,unknown,False,True,True,"{""flavor"": ""original"", ""organic"": false, ""package_type"": ""unknown""}","{""attributes"": 1.0, ""brand"": 1.0, ""needs_review"": true, ""overall"": 0.745, ""product_type"": 0.3, ""quantity"": 1.0, ""warnings"": [""product_type is unknown"", ""package_type is unknown""]}",0.745,True,"[""product_type""]","[""product_type is unknown"", ""package_type is unknown""]",https://example.com/target/products/tg_0128,2026-04-29T08:59:00,2.51
tg_0129,target,Good & Gather Hot Sauce - 5 fl oz,good and gather hot sauce 5 fl oz,Good & Gather,Good & Gather,Pantry,pantry,unknown,pantry,4.09,0.818,Circle deal,5.0,fl oz,1,5.0,fl_oz,5.0,5.0,volume,fl_oz,unknown,False,True,True,"{""flavor"": ""unknown"", ""organic"": false, ""package_type"": ""unknown""}","{""attributes"": 1.0, ""brand"": 1.0, ""needs_review"": true, ""overall"": 0.745, ""product_type"": 0.3, ""quantity"": 1.0, ""warnings"": [""product_type is unknown"", ""package_type is unknown""]}",0.745,True,"[""product_type""]","[""product_type is unknown"", ""package_type is unknown""]",https://example.com/target/products/tg_0129,2026-04-29T08:42:00,2.51
tg_0130,target,Good & Gather Sriracha - 17 fl oz,good and gather sriracha 17 fl oz,Good & Gather,Good & Gather,Pantry,pantry,unknown,pantry,6.21,,Save $1,17.0,fl oz,1,17.0,fl_oz,17.0,17.0,volume,fl_oz,unknown,False,True,True,"{""flavor"": ""unknown"", ""organic"": false, ""package_type"": ""unknown""}","{""attributes"": 1.0, ""brand"": 1.0, ""needs_review"": true, ""overall"": 0.745, ""product_type"": 0.3, ""quantity"": 1.0, ""warnings"": [""product_type is unknown"", ""package_type is unknown""]}",0.745,True,"[""product_type""]","[""product_type is unknown"", ""package_type is unknown""]",https://example.com/target/products/tg_0130,2026-04-29T08:25:00,6.17
tg_0131,target,Good & Gather Strawberry Jam - 12 oz,good and gather strawberry jam 12 oz,Good & Gather,Good & Gather,Pantry,pantry,unknown,pantry,4.84,0.4033,Save $1,12.0,oz,1,12.0,oz,12.0,12.0,weight,oz,unknown,False,True,True,"{""flavor"": ""unknown"", ""organic"": false, ""package_type"": ""unknown""}","{""attributes"": 1.0, ""brand"": 1.0, ""needs_review"": true, ""overall"": 0.745, ""product_type"": 0.3, ""quantity"": 1.0, ""warnings"": [""product_type is unknown"", ""package_type is unknown""]}",0.745,True,"[""product_type""]","[""product_type is unknown"", ""package_type is unknown""]",https://example.com/target/products/tg_0131,2026-04-29T08:08:00,2.8
tg_0132,target,Good & Gather Grape Jelly - 18 oz,good and gather grape jelly 18 oz,Good & Gather,Good & Gather,Pantry,pantry,unknown,pantry,5.61,0.3117,Save 20%,18.0,oz,1,18.0,oz,18.0,18.0,weight,oz,unknown,False,True,True,"{""flavor"": ""unknown"", ""organic"": false, ""package_type"": ""unknown""}","{""attributes"": 1.0, ""brand"": 1.0, ""needs_review"": true, ""overall"": 0.745, ""product_type"": 0.3, ""quantity"": 1.0, ""warnings"": [""product_type is unknown"", ""package_type is unknown""]}",0.745,True,"[""product_type""]","[""product_type is unknown"", ""package_type is unknown""]",https://example.com/target/products/tg_0132,2026-04-29T07:51:00,4.06
tg_0133,target,Market Pantry Maple Syrup Pure - 8 fl oz,market pantry maple syrup pure 8 fl oz,Market Pantry,Market Pantry,Pantry,pantry,unknown,pantry,8.51,,,8.0,fl oz,1,8.0,fl_oz,8.0,8.0,volume,fl_oz,unknown,False,True,True,"{""flavor"": ""unknown"", ""organic"": false, ""package_type"": ""unknown""}","{""attributes"": 1.0, ""brand"": 1.0, ""needs_review"": true, ""overall"": 0.745, ""product_type"": 0.3, ""quantity"": 1.0, ""warnings"": [""product_type is unknown"", ""package_type is unknown""]}",0.745,True,"[""product_type""]","[""product_type is unknown"", ""package_type is unknown""]",https://example.com/target/products/tg_0133,2026-04-29T07:34:00,5.48
tg_0134,target,Good & Gather Pancake Syrup - 24 fl oz,good and gather pancake syrup 24 fl oz,Good & Gather,Good & Gather,Pantry,pantry,unknown,pantry,4.42,0.1842,,24.0,fl oz,1,24.0,fl_oz,24.0,24.0,volume,fl_oz,unknown,False,True,True,"{""flavor"": ""unknown"", ""organic"": false, ""package_type"": ""unknown""}","{""attributes"": 1.0, ""brand"": 1.0, ""needs_review"": true, ""overall"": 0.745, ""product_type"": 0.3, ""quantity"": 1.0, ""warnings"": [""product_type is unknown"", ""package_type is unknown""]}",0.745,True,"[""product_type""]","[""product_type is unknown"", ""package_type is unknown""]",https://example.com/target/products/tg_0134,2026-04-29T07:17:00,3.29
tg_0135,target,Market Pantry Olive Oil - 17 fl oz,market pantry olive oil 17 fl oz,Market Pantry,Market Pantry,Pantry,pantry,olive_oil,pantry,13.91,0.8182,,17.0,fl oz,1,17.0,fl_oz,17.0,17.0,volume,fl_oz,unknown,False,True,True,"{""flavor"": ""unknown"", ""organic"": false, ""package_type"": ""unknown""}","{""attributes"": 1.0, ""brand"": 1.0, ""needs_review"": false, ""overall"": 0.92, ""product_type"": 1.0, ""quantity"": 1.0, ""warnings"": [""package_type is unknown""]}",0.92,False,[],"[""package_type is unknown""]",https://example.com/target/products/tg_0135,2026-04-29T07:00:00,9.58
tg_0136,target,Market Pantry Canola Oil - 48 fl oz,market pantry canola oil 48 fl oz,Market Pantry,Market Pantry,Pantry,pantry,unknown,pantry,5.21,0.1085,,48.0,fl oz,1,48.0,fl_oz,48.0,48.0,volume,fl_oz,unknown,False,True,True,"{""flavor"": ""unknown"", ""organic"": false, ""package_type"": ""unknown""}","{""attributes"": 1.0, ""brand"": 1.0, ""needs_review"": true, ""overall"": 0.745, ""product_type"": 0.3, ""quantity"": 1.0, ""warnings"": [""product_type is unknown"", ""package_type is unknown""]}",0.745,True,"[""product_type""]","[""product_type is unknown"", ""package_type is unknown""]",https://example.com/target/products/tg_0136,2026-04-29T06:43:00,3.63
tg_0137,target,Good & Gather Vegetable Oil - 48 fl oz,good and gather vegetable oil 48 fl oz,Good & Gather,Good & Gather,Pantry,pantry,unknown,pantry,4.41,0.0919,Save $1,48.0,fl oz,1,48.0,fl_oz,48.0,48.0,volume,fl_oz,unknown,False,True,True,"{""flavor"": ""unknown"", ""organic"": false, ""package_type"": ""unknown""}","{""attributes"": 1.0, ""brand"": 1.0, ""needs_review"": true, ""overall"": 0.745, ""product_type"": 0.3, ""quantity"": 1.0, ""warnings"": [""product_type is unknown"", ""package_type is unknown""]}",0.745,True,"[""product_type""]","[""product_type is unknown"", ""package_type is unknown""]",https://example.com/target/products/tg_0137,2026-04-29T06:26:00,3.2
tg_0138,target,Good & Gather Chunk Light Tuna in Water - 5 oz can,good and gather chunk light tuna in water 5 oz can,Good & Gather,Good & Gather,Pantry,pantry,unknown,pantry,2.92,,Save $1,5.0,oz,1,5.0,oz,5.0,5.0,weight,oz,can,False,True,True,"{""flavor"": ""unknown"", ""organic"": false, ""package_type"": ""can""}","{""attributes"": 1.0, ""brand"": 1.0, ""needs_review"": true, ""overall"": 0.825, ""product_type"": 0.3, ""quantity"": 1.0, ""warnings"": [""product_type is unknown""]}",0.825,True,"[""product_type""]","[""product_type is unknown""]",https://example.com/target/products/tg_0138,2026-04-29T06:09:00,1.72
tg_0139,target,Market Pantry Albacore Tuna in Water - 5 oz can,market pantry albacore tuna in water 5 oz can,Market Pantry,Market Pantry,Pantry,pantry,unknown,pantry,3.56,0.712,,5.0,oz,1,5.0,oz,5.0,5.0,weight,oz,can,False,True,True,"{""flavor"": ""unknown"", ""organic"": false, ""package_type"": ""can""}","{""attributes"": 1.0, ""brand"": 1.0, ""needs_review"": true, ""overall"": 0.825, ""product_type"": 0.3, ""quantity"": 1.0, ""warnings"": [""product_type is unknown""]}",0.825,True,"[""product_type""]","[""product_type is unknown""]",https://example.com/target/products/tg_0139,2026-04-29T05:52:00,2.64
tg_0140,target,Good & Gather Diced Tomatoes - 14.5 oz can,good and gather diced tomatoes 14.5 oz can,Good & Gather,Good & Gather,Pantry,pantry,unknown,pantry,1.18,,,14.5,oz,1,14.5,oz,14.5,14.5,weight,oz,can,False,True,True,"{""flavor"": ""unknown"", ""organic"": false, ""package_type"": ""can""}","{""attributes"": 1.0, ""brand"": 1.0, ""needs_review"": true, ""overall"": 0.825, ""product_type"": 0.3, ""quantity"": 1.0, ""warnings"": [""product_type is unknown""]}",0.825,True,"[""product_type""]","[""product_type is unknown""]",https://example.com/target/products/tg_0140,2026-04-29T05:35:00,0.91
tg_0141,target,Good & Gather Tomato Sauce - 8 oz can,good and gather tomato sauce 8 oz can,Good & Gather,Good & Gather,Pantry,pantry,unknown,pantry,0.86,,,8.0,oz,1,8.0,oz,8.0,8.0,weight,oz,can,False,True,True,"{""flavor"": ""unknown"", ""organic"": false, ""package_type"": ""can""}","{""attributes"": 1.0, ""brand"": 1.0, ""needs_review"": true, ""overall"": 0.825, ""product_type"": 0.3, ""quantity"": 1.0, ""warnings"": [""product_type is unknown""]}",0.825,True,"[""product_type""]","[""product_type is unknown""]",https://example.com/target/products/tg_0141,2026-04-29T05:18:00,0.66
tg_0142,target,Good & Gather Tomato Paste - 6 oz can,good and gather tomato paste 6 oz can,Good & Gather,Good & Gather,Pantry,pantry,unknown,pantry,1.97,,,6.0,oz,1,6.0,oz,6.0,6.0,weight,oz,can,False,True,True,"{""flavor"": ""unknown"", ""organic"": false, ""package_type"": ""can""}","{""attributes"": 1.0, ""brand"": 1.0, ""needs_review"": true, ""overall"": 0.825, ""product_type"": 0.3, ""quantity"": 1.0, ""warnings"": [""product_type is unknown""]}",0.825,True,"[""product_type""]","[""product_type is unknown""]",https://example.com/target/products/tg_0142,2026-04-29T05:01:00,1.46
tg_0143,target,Market Pantry Sweet Corn Canned - 15 oz can,market pantry sweet corn canned 15 oz can,Market Pantry,Market Pantry,Pantry,pantry,unknown,pantry,0.95,,Save $1,15.0,oz,1,15.0,oz,15.0,15.0,weight,oz,can,False,True,True,"{""flavor"": ""unknown"", ""organic"": false, ""package_type"": ""can""}","{""attributes"": 1.0, ""brand"": 1.0, ""needs_review"": true, ""overall"": 0.825, ""product_type"": 0.3, ""quantity"": 1.0, ""warnings"": [""product_type is unknown""]}",0.825,True,"[""product_type""]","[""product_type is unknown""]",https://example.com/target/products/tg_0143,2026-04-29T04:44:00,0.62
tg_0144,target,Good & Gather Green Beans Canned - 14.5 oz can,good and gather green beans canned 14.5 oz can,Good & Gather,Good & Gather,Pantry,pantry,canned_beans,pantry,1.34,,Circle deal,14.5,oz,1,14.5,oz,14.5,14.5,weight,oz,can,False,True,True,"{""flavor"": ""unknown"", ""organic"": false, ""package_type"": ""can""}","{""attributes"": 1.0, ""brand"": 1.0, ""needs_review"": false, ""overall"": 1.0, ""product_type"": 1.0, ""quantity"": 1.0, ""warnings"": []}",1.0,False,[],[],https://example.com/target/products/tg_0144,2026-04-29T04:27:00,1.36
tg_0145,target,Good & Gather Pinto Beans Canned - 15 oz can,good and gather pinto beans canned 15 oz can,Good & Gather,Good & Gather,Pantry,pantry,canned_beans,pantry,1.54,0.1027,,15.0,oz,1,15.0,oz,15.0,15.0,weight,oz,can,False,True,True,"{""flavor"": ""unknown"", ""organic"": false, ""package_type"": ""can""}","{""attributes"": 1.0, ""brand"": 1.0, ""needs_review"": false, ""overall"": 1.0, ""product_type"": 1.0, ""quantity"": 1.0, ""warnings"": []}",1.0,False,[],[],https://example.com/target/products/tg_0145,2026-04-29T04:10:00,1.44
tg_0146,target,Market Pantry Kidney Beans Canned - 15 oz can,market pantry kidney beans canned 15 oz can,Market Pantry,Market Pantry,Pantry,pantry,canned_beans,pantry,2.23,,Save 20%,15.0,oz,1,15.0,oz,15.0,15.0,weight,oz,can,False,True,True,"{""flavor"": ""unknown"", ""organic"": false, ""package_type"": ""can""}","{""attributes"": 1.0, ""brand"": 1.0, ""needs_review"": false, ""overall"": 1.0, ""product_type"": 1.0, ""quantity"": 1.0, ""warnings"": []}",1.0,False,[],[],https://example.com/target/products/tg_0146,2026-04-29T03:53:00,1.28
tg_0147,target,Good & Gather Garbanzo Beans Canned - 15 oz can,good and gather garbanzo beans canned 15 oz can,Good & Gather,Good & Gather,Pantry,pantry,canned_beans,pantry,1.1,,,15.0,oz,1,15.0,oz,15.0,15.0,weight,oz,can,False,True,True,"{""flavor"": ""unknown"", ""organic"": false, ""package_type"": ""can""}","{""attributes"": 1.0, ""brand"": 1.0, ""needs_review"": false, ""overall"": 1.0, ""product_type"": 1.0, ""quantity"": 1.0, ""warnings"": []}",1.0,False,[],[],https://example.com/target/products/tg_0147,2026-04-29T03:36:00,0.81
tg_0148,target,Good & Gather Chicken Noodle Soup - 10.5 oz can,good and gather chicken noodle soup 10.5 oz can,Good & Gather,Good & Gather,Pantry,pantry,soup,pantry,1.53,0.1457,BOGO 50% off,10.5,oz,1,10.5,oz,10.5,10.5,weight,oz,can,False,True,True,"{""flavor"": ""unknown"", ""organic"": false, ""package_type"": ""can""}","{""attributes"": 1.0, ""brand"": 1.0, ""needs_review"": false, ""overall"": 1.0, ""product_type"": 1.0, ""quantity"": 1.0, ""warnings"": []}",1.0,False,[],[],https://example.com/target/products/tg_0148,2026-04-29T03:19:00,1.04
tg_0149,target,Good & Gather Cream of Mushroom Soup - 10.5 oz can,good and gather cream of mushroom soup 10.5 oz can,Good & Gather,Good & Gather,Pantry,pantry,soup,pantry,1.82,0.1733,BOGO 50% off,10.5,oz,1,10.5,oz,10.5,10.5,weight,oz,can,False,True,True,"{""flavor"": ""unknown"", ""organic"": false, ""package_type"": ""can""}","{""attributes"": 1.0, ""brand"": 1.0, ""needs_review"": false, ""overall"": 1.0, ""product_type"": 1.0, ""quantity"": 1.0, ""warnings"": []}",1.0,False,[],[],https://example.com/target/products/tg_0149,2026-04-29T03:02:00,1.18
tg_0150,target,Market Pantry Vegetable Broth - 32 fl oz carton,market pantry vegetable broth 32 fl oz carton,Market Pantry,Market Pantry,Pantry,pantry,unknown,pantry,3.04,,,32.0,fl oz,1,32.0,fl_oz,32.0,32.0,volume,fl_oz,carton_or_jug,False,True,True,"{""flavor"": ""unknown"", ""organic"": false, ""package_type"": ""carton_or_jug""}","{""attributes"": 1.0, ""brand"": 1.0, ""needs_review"": true, ""overall"": 0.825, ""product_type"": 0.3, ""quantity"": 1.0, ""warnings"": [""product_type is unknown""]}",0.825,True,"[""product_type""]","[""product_type is unknown""]",https://example.com/target/products/tg_0150,2026-04-29T02:45:00,1.92
tg_0151,target,Market Pantry Chicken Broth - 32 fl oz carton,market pantry chicken broth 32 fl oz carton,Market Pantry,Market Pantry,Pantry,pantry,unknown,pantry,3.17,0.0991,Circle deal,32.0,fl oz,1,32.0,fl_oz,32.0,32.0,volume,fl_oz,carton_or_jug,False,True,True,"{""flavor"": ""unknown"", ""organic"": false, ""package_type"": ""carton_or_jug""}","{""attributes"": 1.0, ""brand"": 1.0, ""needs_review"": true, ""overall"": 0.825, ""product_type"": 0.3, ""quantity"": 1.0, ""warnings"": [""product_type is unknown""]}",0.825,True,"[""product_type""]","[""product_type is unknown""]",https://example.com/target/products/tg_0151,2026-04-29T02:28:00,1.97
tg_0152,target,Market Pantry Penne Pasta - 16 oz,market pantry penne pasta 16 oz,Market Pantry,Market Pantry,Pantry,pantry,pasta,pantry,2.63,,,16.0,oz,1,16.0,oz,16.0,16.0,weight,oz,unknown,False,True,True,"{""flavor"": ""unknown"", ""organic"": false, ""package_type"": ""unknown""}","{""attributes"": 1.0, ""brand"": 1.0, ""needs_review"": false, ""overall"": 0.92, ""product_type"": 1.0, ""quantity"": 1.0, ""warnings"": [""package_type is unknown""]}",0.92,False,[],"[""package_type is unknown""]",https://example.com/target/products/tg_0152,2026-04-29T02:11:00,1.56
tg_0153,target,Good & Gather Rotini Pasta - 16 oz,good and gather rotini pasta 16 oz,Good & Gather,Good & Gather,Pantry,pantry,pasta,pantry,1.69,0.1056,,16.0,oz,1,16.0,oz,16.0,16.0,weight,oz,unknown,False,True,True,"{""flavor"": ""unknown"", ""organic"": false, ""package_type"": ""unknown""}","{""attributes"": 1.0, ""brand"": 1.0, ""needs_review"": false, ""overall"": 0.92, ""product_type"": 1.0, ""quantity"": 1.0, ""warnings"": [""package_type is unknown""]}",0.92,False,[],"[""package_type is unknown""]",https://example.com/target/products/tg_0153,2026-04-29T01:54:00,1.28
tg_0154,target,Market Pantry Elbow Macaroni - 16 oz,market pantry elbow macaroni 16 oz,Market Pantry,Market Pantry,Pantry,pantry,unknown,pantry,1.63,0.1019,Circle deal,16.0,oz,1,16.0,oz,16.0,16.0,weight,oz,unknown,False,True,True,"{""flavor"": ""unknown"", ""organic"": false, ""package_type"": ""unknown""}","{""attributes"": 1.0, ""brand"": 1.0, ""needs_review"": true, ""overall"": 0.745, ""product_type"": 0.3, ""quantity"": 1.0, ""warnings"": [""product_type is unknown"", ""package_type is unknown""]}",0.745,True,"[""product_type""]","[""product_type is unknown"", ""package_type is unknown""]",https://example.com/target/products/tg_0154,2026-04-29T01:37:00,0.95
tg_0155,target,Circle deal Market Pantry Lasagna Noodles - 16 oz,circle deal market pantry lasagna noodles 16 oz,Market Pantry,Market Pantry,Pantry,pantry,unknown,pantry,2.16,,Circle deal,16.0,oz,1,16.0,oz,16.0,16.0,weight,oz,unknown,False,True,True,"{""flavor"": ""unknown"", ""organic"": false, ""package_type"": ""unknown""}","{""attributes"": 1.0, ""brand"": 1.0, ""needs_review"": true, ""overall"": 0.745, ""product_type"": 0.3, ""quantity"": 1.0, ""warnings"": [""product_type is unknown"", ""package_type is unknown""]}",0.745,True,"[""product_type""]","[""product_type is unknown"", ""package_type is unknown""]",https://example.com/target/products/tg_0155,2026-04-29T01:20:00,1.48
tg_0156,target,Good & Gather Marinara Sauce - 24 oz,good and gather marinara sauce 24 oz,Good & Gather,Good & Gather,Pantry,pantry,unknown,pantry,3.43,0.1429,BOGO 50% off,24.0,oz,1,24.0,oz,24.0,24.0,weight,oz,unknown,False,True,True,"{""flavor"": ""unknown"", ""organic"": false, ""package_type"": ""unknown""}","{""attributes"": 1.0, ""brand"": 1.0, ""needs_review"": true, ""overall"": 0.745, ""product_type"": 0.3, ""quantity"": 1.0, ""warnings"": [""product_type is unknown"", ""package_type is unknown""]}",0.745,True,"[""product_type""]","[""product_type is unknown"", ""package_type is unknown""]",https://example.com/target/products/tg_0156,2026-04-29T01:03:00,2.11
tg_0157,target,Good & Gather Alfredo Sauce - 15 oz,good and gather alfredo sauce 15 oz,Good & Gather,Good & Gather,Pantry,pantry,unknown,pantry,3.23,0.2153,BOGO 50% off,15.0,oz,1,15.0,oz,15.0,15.0,weight,oz,unknown,False,True,True,"{""flavor"": ""unknown"", ""organic"": false, ""package_type"": ""unknown""}","{""attributes"": 1.0, ""brand"": 1.0, ""needs_review"": true, ""overall"": 0.745, ""product_type"": 0.3, ""quantity"": 1.0, ""warnings"": [""product_type is unknown"", ""package_type is unknown""]}",0.745,True,"[""product_type""]","[""product_type is unknown"", ""package_type is unknown""]",https://example.com/target/products/tg_0157,2026-04-29T00:46:00,2.3
tg_0158,target,Market Pantry Jasmine Rice - 2 lb,market pantry jasmine rice 2 lb,Market Pantry,Market Pantry,Pantry,pantry,rice,pantry,6.68,,Circle deal,2.0,lb,1,2.0,lb,32.0,32.0,weight,oz,unknown,False,True,True,"{""flavor"": ""unknown"", ""organic"": false, ""package_type"": ""unknown""}","{""attributes"": 1.0, ""brand"": 1.0, ""needs_review"": false, ""overall"": 0.92, ""product_type"": 1.0, ""quantity"": 1.0, ""warnings"": [""package_type is unknown""]}",0.92,False,[],"[""package_type is unknown""]",https://example.com/target/products/tg_0158,2026-04-29T00:29:00,4.17
tg_0159,target,Good & Gather Basmati Rice - 2 lb,good and gather basmati rice 2 lb,Good & Gather,Good & Gather,Pantry,pantry,rice,pantry,5.5,,,2.0,lb,1,2.0,lb,32.0,32.0,weight,oz,unknown,False,True,True,"{""flavor"": ""unknown"", ""organic"": false, ""package_type"": ""unknown""}","{""attributes"": 1.0, ""brand"": 1.0, ""needs_review"": false, ""overall"": 0.92, ""product_type"": 1.0, ""quantity"": 1.0, ""warnings"": [""package_type is unknown""]}",0.92,False,[],"[""package_type is unknown""]",https://example.com/target/products/tg_0159,2026-04-29T00:12:00,3.72
tg_0160,target,Market Pantry Brown Rice - 2 lb,market pantry brown rice 2 lb,Market Pantry,Market Pantry,Pantry,pantry,rice,pantry,2.92,,Circle deal,2.0,lb,1,2.0,lb,32.0,32.0,weight,oz,unknown,False,True,True,"{""flavor"": ""unknown"", ""organic"": false, ""package_type"": ""unknown""}","{""attributes"": 1.0, ""brand"": 1.0, ""needs_review"": false, ""overall"": 0.92, ""product_type"": 1.0, ""quantity"": 1.0, ""warnings"": [""package_type is unknown""]}",0.92,False,[],"[""package_type is unknown""]",https://example.com/target/products/tg_0160,2026-04-28T23:55:00,2.13
tg_0161,target,Save $1 Market Pantry Quinoa - 12 oz,save 1 market pantry quinoa 12 oz,Market Pantry,Market Pantry,Pantry,pantry,unknown,pantry,7.58,,Save $1,12.0,oz,1,12.0,oz,12.0,12.0,weight,oz,unknown,False,True,True,"{""flavor"": ""unknown"", ""organic"": false, ""package_type"": ""unknown""}","{""attributes"": 1.0, ""brand"": 1.0, ""needs_review"": true, ""overall"": 0.745, ""product_type"": 0.3, ""quantity"": 1.0, ""warnings"": [""product_type is unknown"", ""package_type is unknown""]}",0.745,True,"[""product_type""]","[""product_type is unknown"", ""package_type is unknown""]",https://example.com/target/products/tg_0161,2026-04-28T23:38:00,5.22
tg_0162,target,Market Pantry Steel Cut Oats - 24 oz,market pantry steel cut oats 24 oz,Market Pantry,Market Pantry,Breakfast,pantry,cereal,pantry,6.9,0.2875,Circle deal,24.0,oz,1,24.0,oz,24.0,24.0,weight,oz,unknown,False,True,True,"{""flavor"": ""unknown"", ""organic"": false, ""package_type"": ""unknown""}","{""attributes"": 1.0, ""brand"": 1.0, ""needs_review"": false, ""overall"": 0.92, ""product_type"": 1.0, ""quantity"": 1.0, ""warnings"": [""package_type is unknown""]}",0.92,False,[],"[""package_type is unknown""]",https://example.com/target/products/tg_0162,2026-04-28T23:21:00,4.47
tg_0163,target,Market Pantry Instant Oatmeal Variety Pack - 12 ct,market pantry instant oatmeal variety pack 12 count,Market Pantry,Market Pantry,Breakfast,pantry,unknown,pantry,5.65,,BOGO 50% off,12.0,ct,1,12.0,count,12.0,12.0,count,count,unknown,False,True,True,"{""flavor"": ""unknown"", ""organic"": false, ""package_type"": ""unknown""}","{""attributes"": 1.0, ""brand"": 1.0, ""needs_review"": true, ""overall"": 0.745, ""product_type"": 0.3, ""quantity"": 1.0, ""warnings"": [""product_type is unknown"", ""package_type is unknown""]}",0.745,True,"[""product_type""]","[""product_type is unknown"", ""package_type is unknown""]",https://example.com/target/products/tg_0163,2026-04-28T23:04:00,3.95
tg_0164,target,Good & Gather Pancake Mix Original - 32 oz,good and gather pancake mix original 32 oz,Good & Gather,Good & Gather,Breakfast,pantry,unknown,pantry,4.91,0.1534,BOGO 50% off,32.0,oz,1,32.0,oz,32.0,32.0,weight,oz,unknown,False,True,True,"{""flavor"": ""original"", ""organic"": false, ""package_type"": ""unknown""}","{""attributes"": 1.0, ""brand"": 1.0, ""needs_review"": true, ""overall"": 0.745, ""product_type"": 0.3, ""quantity"": 1.0, ""warnings"": [""product_type is unknown"", ""package_type is unknown""]}",0.745,True,"[""product_type""]","[""product_type is unknown"", ""package_type is unknown""]",https://example.com/target/products/tg_0164,2026-04-28T22:47:00,3.24
tg_0165,target,Good & Gather Plain Bagels - 6 ct,good and gather plain bagels 6 count,Good & Gather,Good & Gather,Bakery,bakery,unknown,bakery,5.48,0.9133,Save $1,6.0,ct,1,6.0,count,6.0,6.0,count,count,unknown,False,True,True,"{""flavor"": ""plain"", ""organic"": false, ""package_type"": ""unknown""}","{""attributes"": 1.0, ""brand"": 1.0, ""needs_review"": true, ""overall"": 0.825, ""product_type"": 0.3, ""quantity"": 1.0, ""warnings"": [""product_type is unknown""]}",0.825,True,"[""product_type""]","[""product_type is unknown""]",https://example.com/target/products/tg_0165,2026-04-28T22:30:00,5.08
tg_0166,target,Good & Gather Hamburger Buns - 8 ct,good and gather hamburger buns 8 count,Good & Gather,Good & Gather,Bakery,bakery,unknown,bakery,2.66,,BOGO 50% off,8.0,ct,1,8.0,count,8.0,8.0,count,count,unknown,False,True,True,"{""flavor"": ""unknown"", ""organic"": false, ""package_type"": ""unknown""}","{""attributes"": 1.0, ""brand"": 1.0, ""needs_review"": true, ""overall"": 0.825, ""product_type"": 0.3, ""quantity"": 1.0, ""warnings"": [""product_type is unknown""]}",0.825,True,"[""product_type""]","[""product_type is unknown""]",https://example.com/target/products/tg_0166,2026-04-28T22:13:00,1.62
tg_0167,target,Good & Gather Hot Dog Buns - 8 ct,good and gather hot dog buns 8 count,Good & Gather,Good & Gather,Bakery,bakery,unknown,bakery,3.21,0.4012,,8.0,ct,1,8.0,count,8.0,8.0,count,count,unknown,False,True,True,"{""flavor"": ""unknown"", ""organic"": false, ""package_type"": ""unknown""}","{""attributes"": 1.0, ""brand"": 1.0, ""needs_review"": true, ""overall"": 0.825, ""product_type"": 0.3, ""quantity"": 1.0, ""warnings"": [""product_type is unknown""]}",0.825,True,"[""product_type""]","[""product_type is unknown""]",https://example.com/target/products/tg_0167,2026-04-28T21:56:00,2.06
tg_0168,target,Good & Gather Flour Tortillas - 10 ct,good and gather flour tortillas 10 count,Good & Gather,Good & Gather,Bakery,bakery,unknown,bakery,3.0,,Save $1,10.0,ct,1,10.0,count,10.0,10.0,count,count,unknown,False,True,True,"{""flavor"": ""unknown"", ""organic"": false, ""package_type"": ""unknown""}","{""attributes"": 1.0, ""brand"": 1.0, ""needs_review"": true, ""overall"": 0.825, ""product_type"": 0.3, ""quantity"": 1.0, ""warnings"": [""product_type is unknown""]}",0.825,True,"[""product_type""]","[""product_type is unknown""]",https://example.com/target/products/tg_0168,2026-04-28T21:39:00,1.83
tg_0169,target,Good & Gather Corn Tortillas - 30 ct,good and gather corn tortillas 30 count,Good & Gather,Good & Gather,Bakery,bakery,unknown,bakery,3.25,,,30.0,ct,1,30.0,count,30.0,30.0,count,count,unknown,False,True,True,"{""flavor"": ""unknown"", ""organic"": false, ""package_type"": ""unknown""}","{""attributes"": 1.0, ""brand"": 1.0, ""needs_review"": true, ""overall"": 0.825, ""product_type"": 0.3, ""quantity"": 1.0, ""warnings"": [""product_type is unknown""]}",0.825,True,"[""product_type""]","[""product_type is unknown""]",https://example.com/target/products/tg_0169,2026-04-28T21:22:00,2.19
tg_0170,target,Good & Gather Pita Bread - 6 ct,good and gather pita bread 6 count,Good & Gather,Good & Gather,Bakery,bakery,bread,bakery,3.36,,,6.0,ct,1,6.0,count,6.0,6.0,count,count,unknown,False,True,True,"{""flavor"": ""unknown"", ""organic"": false, ""package_type"": ""unknown""}","{""attributes"": 1.0, ""brand"": 1.0, ""needs_review"": false, ""overall"": 1.0, ""product_type"": 1.0, ""quantity"": 1.0, ""warnings"": []}",1.0,False,[],[],https://example.com/target/products/tg_0170,2026-04-28T21:05:00,2.59
tg_0171,target,Market Pantry English Muffins - 6 ct,market pantry english muffins 6 count,Market Pantry,Market Pantry,Bakery,bakery,unknown,bakery,2.93,0.4883,BOGO 50% off,6.0,ct,1,6.0,count,6.0,6.0,count,count,unknown,False,True,True,"{""flavor"": ""unknown"", ""organic"": false, ""package_type"": ""unknown""}","{""attributes"": 1.0, ""brand"": 1.0, ""needs_review"": true, ""overall"": 0.825, ""product_type"": 0.3, ""quantity"": 1.0, ""warnings"": [""product_type is unknown""]}",0.825,True,"[""product_type""]","[""product_type is unknown""]",https://example.com/target/products/tg_0171,2026-04-28T20:48:00,1.7
tg_0172,target,Good & Gather Half and Half - 1 pt,good and gather half and half 1 pt,Good & Gather,Good & Gather,Milk & Cream,dairy_milk,unknown,dairy_milk,3.0,0.1875,,16.0,fl oz,1,16.0,fl_oz,16.0,16.0,volume,fl_oz,unknown,False,True,True,"{""fat_content"": ""unknown"", ""lactose_free"": false, ""organic"": false, ""package_type"": ""unknown""}","{""attributes"": 0.75, ""brand"": 1.0, ""needs_review"": true, ""overall"": 0.682, ""product_type"": 0.3, ""quantity"": 1.0, ""warnings"": [""product_type is unknown"", ""missing required attributes: fat_content"", ""package_type is unknown""]}",0.682,True,"[""product_type"", ""fat_content""]","[""product_type is unknown"", ""missing required attributes: fat_content"", ""package_type is unknown""]",https://example.com/target/products/tg_0172,2026-04-28T20:31:00,1.75
tg_0173,target,Good & Gather Heavy Whipping Cream - 1 pt,good and gather heavy whipping cream 1 pt,Good & Gather,Good & Gather,Milk & Cream,dairy_milk,unknown,dairy_milk,5.16,,Save $1,16.0,fl oz,1,16.0,fl_oz,16.0,16.0,volume,fl_oz,unknown,False,True,True,"{""fat_content"": ""unknown"", ""lactose_free"": false, ""organic"": false, ""package_type"": ""unknown""}","{""attributes"": 0.75, ""brand"": 1.0, ""needs_review"": true, ""overall"": 0.682, ""product_type"": 0.3, ""quantity"": 1.0, ""warnings"": [""product_type is unknown"", ""missing required attributes: fat_content"", ""package_type is unknown""]}",0.682,True,"[""product_type"", ""fat_content""]","[""product_type is unknown"", ""missing required attributes: fat_content"", ""package_type is unknown""]",https://example.com/target/products/tg_0173,2026-04-28T20:14:00,3.34
tg_0174,target,Good & Gather Sour Cream - 8 oz,good and gather sour cream 8 oz,Good & Gather,Good & Gather,Dairy & Eggs,unknown,unknown,unknown,1.96,0.245,,8.0,oz,1,8.0,oz,8.0,8.0,weight,oz,unknown,False,True,True,{},"{""attributes"": 1.0, ""brand"": 1.0, ""needs_review"": true, ""overall"": 0.825, ""product_type"": 0.3, ""quantity"": 1.0, ""warnings"": [""product_type is unknown""]}",0.825,True,"[""product_type""]","[""product_type is unknown""]",https://example.com/target/products/tg_0174,2026-04-28T19:57:00,1.89
tg_0175,target,Good & Gather Cottage Cheese - 16 oz,good and gather cottage cheese 16 oz,Good & Gather,Good & Gather,Dairy & Eggs,unknown,cheese,cheese,3.04,0.19,BOGO 50% off,16.0,oz,1,16.0,oz,16.0,16.0,weight,oz,unknown,False,True,True,"{""flavor"": ""unknown"", ""organic"": false, ""package_type"": ""unknown""}","{""attributes"": 1.0, ""brand"": 1.0, ""needs_review"": false, ""overall"": 1.0, ""product_type"": 1.0, ""quantity"": 1.0, ""warnings"": []}",1.0,False,[],[],https://example.com/target/products/tg_0175,2026-04-28T19:40:00,1.97
tg_0176,target,Market Pantry Ricotta Cheese - 15 oz,market pantry ricotta cheese 15 oz,Market Pantry,Market Pantry,Dairy & Eggs,unknown,cheese,cheese,5.66,0.3773,Save $1,15.0,oz,1,15.0,oz,15.0,15.0,weight,oz,unknown,False,True,True,"{""flavor"": ""unknown"", ""organic"": false, ""package_type"": ""unknown""}","{""attributes"": 1.0, ""brand"": 1.0, ""needs_review"": false, ""overall"": 1.0, ""product_type"": 1.0, ""quantity"": 1.0, ""warnings"": []}",1.0,False,[],[],https://example.com/target/products/tg_0176,2026-04-28T19:23:00,3.78
tg_0177,target,Market Pantry String Cheese Mozzarella - 12 ct,market pantry string cheese mozzarella 12 count,Market Pantry,Market Pantry,Dairy & Eggs,unknown,cheese,cheese,5.16,0.43,,12.0,ct,1,12.0,count,12.0,12.0,count,count,unknown,False,True,True,"{""flavor"": ""unknown"", ""organic"": false, ""package_type"": ""unknown""}","{""attributes"": 1.0, ""brand"": 1.0, ""needs_review"": false, ""overall"": 1.0, ""product_type"": 1.0, ""quantity"": 1.0, ""warnings"": []}",1.0,False,[],[],https://example.com/target/products/tg_0177,2026-04-28T19:06:00,3.9
tg_0178,target,Market Pantry Sliced Swiss Cheese - 8 oz,market pantry sliced swiss cheese 8 oz,Market Pantry,Market Pantry,Dairy & Eggs,unknown,cheese,cheese,6.66,0.8325,,8.0,oz,1,8.0,oz,8.0,8.0,weight,oz,unknown,False,True,True,"{""flavor"": ""unknown"", ""organic"": false, ""package_type"": ""unknown""}","{""attributes"": 1.0, ""brand"": 1.0, ""needs_review"": false, ""overall"": 1.0, ""product_type"": 1.0, ""quantity"": 1.0, ""warnings"": []}",1.0,False,[],[],https://example.com/target/products/tg_0178,2026-04-28T18:49:00,3.69
tg_0179,target,Market Pantry Pepper Jack Shredded - 8 oz,market pantry pepper jack shredded 8 oz,Market Pantry,Market Pantry,Dairy & Eggs,unknown,unknown,unknown,4.81,,Save 20%,8.0,oz,1,8.0,oz,8.0,8.0,weight,oz,unknown,False,True,True,{},"{""attributes"": 1.0, ""brand"": 1.0, ""needs_review"": true, ""overall"": 0.825, ""product_type"": 0.3, ""quantity"": 1.0, ""warnings"": [""product_type is unknown""]}",0.825,True,"[""product_type""]","[""product_type is unknown""]",https://example.com/target/products/tg_0179,2026-04-28T18:32:00,3.31
tg_0180,target,Market Pantry Plain Whole Milk Yogurt - 32 oz,market pantry plain whole milk yogurt 32 oz,Market Pantry,Market Pantry,Dairy & Eggs,unknown,milk,dairy_milk,3.95,,Circle deal,32.0,oz,1,32.0,oz,32.0,32.0,weight,oz,unknown,False,True,True,"{""fat_content"": ""whole"", ""lactose_free"": false, ""organic"": false, ""package_type"": ""unknown""}","{""attributes"": 1.0, ""brand"": 1.0, ""needs_review"": false, ""overall"": 0.92, ""product_type"": 1.0, ""quantity"": 1.0, ""warnings"": [""package_type is unknown""]}",0.92,False,[],"[""package_type is unknown""]",https://example.com/target/products/tg_0180,2026-04-28T18:15:00,2.5
tg_0181,target,Market Pantry Strawberry Yogurt - 6 oz,market pantry strawberry yogurt 6 oz,Market Pantry,Market Pantry,Dairy & Eggs,unknown,yogurt,yogurt,1.39,,,6.0,oz,1,6.0,oz,6.0,6.0,weight,oz,unknown,False,True,True,"{""fat_content"": ""unknown"", ""flavor"": ""strawberry"", ""multi_pack"": false, ""organic"": false, ""package_type"": ""unknown"", ""style"": ""regular""}","{""attributes"": 1.0, ""brand"": 1.0, ""needs_review"": false, ""overall"": 0.92, ""product_type"": 1.0, ""quantity"": 1.0, ""warnings"": [""package_type is unknown""]}",0.92,False,[],"[""package_type is unknown""]",https://example.com/target/products/tg_0181,2026-04-28T17:58:00,0.81
tg_0182,target,Save 20% Good & Gather Vanilla Almond Granola - 12 oz,save 20% good and gather vanilla almond granola 12 oz,Good & Gather,Good & Gather,Breakfast,pantry,unknown,pantry,4.77,0.3975,Save 20%,12.0,oz,1,12.0,oz,12.0,12.0,weight,oz,unknown,False,True,True,"{""flavor"": ""unknown"", ""organic"": false, ""package_type"": ""unknown""}","{""attributes"": 1.0, ""brand"": 1.0, ""needs_review"": true, ""overall"": 0.745, ""product_type"": 0.3, ""quantity"": 1.0, ""warnings"": [""product_type is unknown"", ""package_type is unknown""]}",0.745,True,"[""product_type""]","[""product_type is unknown"", ""package_type is unknown""]",https://example.com/target/products/tg_0182,2026-04-28T17:41:00,4.4
tg_0183,target,Market Pantry Honey Nut Granola - 12 oz,market pantry honey nut granola 12 oz,Market Pantry,Market Pantry,Breakfast,pantry,honey,pantry,5.62,0.4683,,12.0,oz,1,12.0,oz,12.0,12.0,weight,oz,unknown,False,True,True,"{""flavor"": ""honey_nut"", ""organic"": false, ""package_type"": ""unknown""}","{""attributes"": 1.0, ""brand"": 1.0, ""needs_review"": false, ""overall"": 0.92, ""product_type"": 1.0, ""quantity"": 1.0, ""warnings"": [""package_type is unknown""]}",0.92,False,[],"[""package_type is unknown""]",https://example.com/target/products/tg_0183,2026-04-28T17:24:00,3.53
tg_0184,target,Good & Gather Granola Bars Chewy - 8 ct,good and gather granola bars chewy 8 count,Good & Gather,Good & Gather,Snacks,snacks,granola_bars,snacks,5.17,,,0.84,oz,8,0.84,oz,0.84,6.72,weight,oz,unknown,False,True,True,"{""flavor"": ""unknown"", ""organic"": false, ""package_type"": ""unknown""}","{""attributes"": 1.0, ""brand"": 1.0, ""needs_review"": false, ""overall"": 0.92, ""product_type"": 1.0, ""quantity"": 1.0, ""warnings"": [""package_type is unknown""]}",0.92,False,[],"[""package_type is unknown""]",https://example.com/target/products/tg_0184,2026-04-28T17:07:00,3.76
tg_0185,target,Market Pantry Pretzels Mini Twists - 16 oz,market pantry pretzels mini twists 16 oz,Market Pantry,Market Pantry,Snacks,snacks,unknown,snacks,3.72,0.2325,Save $1,16.0,oz,1,16.0,oz,16.0,16.0,weight,oz,unknown,False,True,True,"{""flavor"": ""unknown"", ""organic"": false, ""package_type"": ""unknown""}","{""attributes"": 1.0, ""brand"": 1.0, ""needs_review"": true, ""overall"": 0.745, ""product_type"": 0.3, ""quantity"": 1.0, ""warnings"": [""product_type is unknown"", ""package_type is unknown""]}",0.745,True,"[""product_type""]","[""product_type is unknown"", ""package_type is unknown""]",https://example.com/target/products/tg_0185,2026-04-28T16:50:00,2.73
tg_0186,target,Good & Gather Pretzel Sticks - 15 oz,good and gather pretzel sticks 15 oz,Good & Gather,Good & Gather,Snacks,snacks,unknown,snacks,3.97,,BOGO 50% off,15.0,oz,1,15.0,oz,15.0,15.0,weight,oz,stick,False,True,True,"{""flavor"": ""unknown"", ""organic"": false, ""package_type"": ""stick""}","{""attributes"": 1.0, ""brand"": 1.0, ""needs_review"": true, ""overall"": 0.825, ""product_type"": 0.3, ""quantity"": 1.0, ""warnings"": [""product_type is unknown""]}",0.825,True,"[""product_type""]","[""product_type is unknown""]",https://example.com/target/products/tg_0186,2026-04-28T16:33:00,2.34
tg_0187,target,Circle deal Good & Gather Microwave Popcorn Butter - 3 ct,circle deal good and gather microwave popcorn butter 3 count,Good & Gather,Good & Gather,Snacks,snacks,butter,butter,4.95,,Circle deal,3.2,oz,3,3.2,oz,3.2,9.600000000000001,weight,oz,unknown,False,True,True,"{""flavor"": ""unknown"", ""organic"": false, ""package_type"": ""unknown""}","{""attributes"": 1.0, ""brand"": 1.0, ""needs_review"": false, ""overall"": 0.85, ""product_type"": 1.0, ""quantity"": 1.0, ""warnings"": [""raw category family snacks conflicts with inferred family butter""]}",0.85,False,[],"[""raw category family snacks conflicts with inferred family butter""]",https://example.com/target/products/tg_0187,2026-04-28T16:16:00,3.46
tg_0188,target,Market Pantry Mixed Nuts Salted - 8 oz,market pantry mixed nuts salted 8 oz,Market Pantry,Market Pantry,Snacks,snacks,unknown,snacks,9.88,1.235,,8.0,oz,1,8.0,oz,8.0,8.0,weight,oz,unknown,False,True,True,"{""flavor"": ""unknown"", ""organic"": false, ""package_type"": ""unknown""}","{""attributes"": 1.0, ""brand"": 1.0, ""needs_review"": true, ""overall"": 0.745, ""product_type"": 0.3, ""quantity"": 1.0, ""warnings"": [""product_type is unknown"", ""package_type is unknown""]}",0.745,True,"[""product_type""]","[""product_type is unknown"", ""package_type is unknown""]",https://example.com/target/products/tg_0188,2026-04-28T15:59:00,5.99
tg_0189,target,BOGO 50% off Market Pantry Roasted Cashews - 8 oz,bogo 50% off market pantry roasted cashews 8 oz,Market Pantry,Market Pantry,Snacks,snacks,unknown,snacks,8.58,,BOGO 50% off,8.0,oz,1,8.0,oz,8.0,8.0,weight,oz,unknown,False,True,True,"{""flavor"": ""unknown"", ""organic"": false, ""package_type"": ""unknown""}","{""attributes"": 1.0, ""brand"": 1.0, ""needs_review"": true, ""overall"": 0.745, ""product_type"": 0.3, ""quantity"": 1.0, ""warnings"": [""product_type is unknown"", ""package_type is unknown""]}",0.745,True,"[""product_type""]","[""product_type is unknown"", ""package_type is unknown""]",https://example.com/target/products/tg_0189,2026-04-28T15:42:00,6.21
tg_0190,target,Market Pantry Dried Cranberries - 6 oz,market pantry dried cranberries 6 oz,Market Pantry,Market Pantry,Snacks,snacks,unknown,snacks,4.8,0.8,,6.0,oz,1,6.0,oz,6.0,6.0,weight,oz,unknown,False,True,True,"{""flavor"": ""unknown"", ""organic"": false, ""package_type"": ""unknown""}","{""attributes"": 1.0, ""brand"": 1.0, ""needs_review"": true, ""overall"": 0.745, ""product_type"": 0.3, ""quantity"": 1.0, ""warnings"": [""product_type is unknown"", ""package_type is unknown""]}",0.745,True,"[""product_type""]","[""product_type is unknown"", ""package_type is unknown""]",https://example.com/target/products/tg_0190,2026-04-28T15:25:00,3.58
tg_0191,target,Save 20% Market Pantry Raisins Seedless - 12 oz,save 20% market pantry raisins seedless 12 oz,Market Pantry,Market Pantry,Snacks,snacks,unknown,snacks,6.97,0.5808,Save 20%,12.0,oz,1,12.0,oz,12.0,12.0,weight,oz,unknown,False,True,True,"{""flavor"": ""unknown"", ""organic"": false, ""package_type"": ""unknown""}","{""attributes"": 1.0, ""brand"": 1.0, ""needs_review"": true, ""overall"": 0.745, ""product_type"": 0.3, ""quantity"": 1.0, ""warnings"": [""product_type is unknown"", ""package_type is unknown""]}",0.745,True,"[""product_type""]","[""product_type is unknown"", ""package_type is unknown""]",https://example.com/target/products/tg_0191,2026-04-28T15:08:00,5.41
tg_0192,target,Good & Gather Fruit Snacks Variety - 10 ct,good and gather fruit snacks variety 10 count,Good & Gather,Good & Gather,Snacks,snacks,unknown,snacks,4.54,,Save 20%,0.8,oz,10,0.8,oz,0.8,8.0,weight,oz,unknown,False,True,True,"{""flavor"": ""unknown"", ""organic"": false, ""package_type"": ""unknown""}","{""attributes"": 1.0, ""brand"": 1.0, ""needs_review"": true, ""overall"": 0.745, ""product_type"": 0.3, ""quantity"": 1.0, ""warnings"": [""product_type is unknown"", ""package_type is unknown""]}",0.745,True,"[""product_type""]","[""product_type is unknown"", ""package_type is unknown""]",https://example.com/target/products/tg_0192,2026-04-28T14:51:00,3.16
tg_0193,target,Market Pantry Apple Sauce Cups - 6 ct,market pantry apple sauce cups 6 count,Market Pantry,Market Pantry,Snacks,snacks,apples,produce,4.1,0.1708,Save $1,4.0,oz,6,4.0,oz,4.0,24.0,weight,oz,cup,False,True,True,"{""organic"": false, ""package_type"": ""cup"", ""produce_form"": ""unknown"", ""unit_basis"": ""unknown"", ""variety"": ""unknown""}","{""attributes"": 0.5, ""brand"": 1.0, ""needs_review"": true, ""overall"": 0.725, ""product_type"": 1.0, ""quantity"": 1.0, ""warnings"": [""missing required attributes: produce_form, unit_basis"", ""raw category family snacks conflicts with inferred family produce""]}",0.725,True,"[""produce_form"", ""unit_basis""]","[""missing required attributes: produce_form, unit_basis"", ""raw category family snacks conflicts with inferred family produce""]",https://example.com/target/products/tg_0193,2026-04-28T14:34:00,3.03
tg_0194,target,Good & Gather Frozen Mixed Berries - 12 oz,good and gather frozen mixed berries 12 oz,Good & Gather,Good & Gather,Frozen,frozen,unknown,frozen,9.14,,Save 20%,12.0,oz,1,12.0,oz,12.0,12.0,weight,oz,unknown,False,True,True,"{""flavor"": ""unknown"", ""organic"": false, ""package_type"": ""unknown""}","{""attributes"": 1.0, ""brand"": 1.0, ""needs_review"": true, ""overall"": 0.745, ""product_type"": 0.3, ""quantity"": 1.0, ""warnings"": [""product_type is unknown"", ""package_type is unknown""]}",0.745,True,"[""product_type""]","[""product_type is unknown"", ""package_type is unknown""]",https://example.com/target/products/tg_0194,2026-04-28T14:17:00,5.75
tg_0195,target,Market Pantry Frozen Strawberries - 16 oz,market pantry frozen strawberries 16 oz,Market Pantry,Market Pantry,Frozen,frozen,berries,produce,5.99,,Circle deal,16.0,oz,1,16.0,oz,16.0,16.0,weight,oz,unknown,False,True,True,"{""organic"": false, ""package_type"": ""unknown"", ""produce_form"": ""unknown"", ""unit_basis"": ""unknown"", ""variety"": ""unknown""}","{""attributes"": 0.5, ""brand"": 1.0, ""needs_review"": true, ""overall"": 0.725, ""product_type"": 1.0, ""quantity"": 1.0, ""warnings"": [""missing required attributes: produce_form, unit_basis"", ""raw category family frozen conflicts with inferred family produce""]}",0.725,True,"[""produce_form"", ""unit_basis""]","[""missing required attributes: produce_form, unit_basis"", ""raw category family frozen conflicts with inferred family produce""]",https://example.com/target/products/tg_0195,2026-04-28T14:00:00,4.04
tg_0196,target,Good & Gather Frozen Broccoli - 12 oz,good and gather frozen broccoli 12 oz,Good & Gather,Good & Gather,Frozen,frozen,unknown,frozen,1.76,0.1467,BOGO 50% off,12.0,oz,1,12.0,oz,12.0,12.0,weight,oz,unknown,False,True,True,"{""flavor"": ""unknown"", ""organic"": false, ""package_type"": ""unknown""}","{""attributes"": 1.0, ""brand"": 1.0, ""needs_review"": true, ""overall"": 0.745, ""product_type"": 0.3, ""quantity"": 1.0, ""warnings"": [""product_type is unknown"", ""package_type is unknown""]}",0.745,True,"[""product_type""]","[""product_type is unknown"", ""package_type is unknown""]",https://example.com/target/products/tg_0196,2026-04-28T13:43:00,1.19
tg_0197,target,Market Pantry Frozen Peas - 12 oz,market pantry frozen peas 12 oz,Market Pantry,Market Pantry,Frozen,frozen,unknown,frozen,1.89,0.1575,Circle deal,12.0,oz,1,12.0,oz,12.0,12.0,weight,oz,unknown,False,True,True,"{""flavor"": ""unknown"", ""organic"": false, ""package_type"": ""unknown""}","{""attributes"": 1.0, ""brand"": 1.0, ""needs_review"": true, ""overall"": 0.745, ""product_type"": 0.3, ""quantity"": 1.0, ""warnings"": [""product_type is unknown"", ""package_type is unknown""]}",0.745,True,"[""product_type""]","[""product_type is unknown"", ""package_type is unknown""]",https://example.com/target/products/tg_0197,2026-04-28T13:26:00,1.31
tg_0198,target,Market Pantry Frozen Spinach - 12 oz,market pantry frozen spinach 12 oz,Market Pantry,Market Pantry,Frozen,frozen,spinach,produce,1.8,0.15,Save $1,12.0,oz,1,12.0,oz,12.0,12.0,weight,oz,unknown,False,True,True,"{""organic"": false, ""package_type"": ""unknown"", ""produce_form"": ""unknown"", ""unit_basis"": ""unknown"", ""variety"": ""unknown""}","{""attributes"": 0.5, ""brand"": 1.0, ""needs_review"": true, ""overall"": 0.725, ""product_type"": 1.0, ""quantity"": 1.0, ""warnings"": [""missing required attributes: produce_form, unit_basis"", ""raw category family frozen conflicts with inferred family produce""]}",0.725,True,"[""produce_form"", ""unit_basis""]","[""missing required attributes: produce_form, unit_basis"", ""raw category family frozen conflicts with inferred family produce""]",https://example.com/target/products/tg_0198,2026-04-28T13:09:00,1.09
tg_0199,target,Good & Gather Frozen Waffles - 10 ct,good and gather frozen waffles 10 count,Good & Gather,Good & Gather,Frozen,frozen,unknown,frozen,3.76,0.3008,Circle deal,1.25,oz,10,1.25,oz,1.25,12.5,weight,oz,unknown,False,True,True,"{""flavor"": ""unknown"", ""organic"": false, ""package_type"": ""unknown""}","{""attributes"": 1.0, ""brand"": 1.0, ""needs_review"": true, ""overall"": 0.745, ""product_type"": 0.3, ""quantity"": 1.0, ""warnings"": [""product_type is unknown"", ""package_type is unknown""]}",0.745,True,"[""product_type""]","[""product_type is unknown"", ""package_type is unknown""]",https://example.com/target/products/tg_0199,2026-04-28T12:52:00,2.71
tg_0200,target,Good & Gather Frozen Cheese Pizza - 12 inch,good and gather frozen cheese pizza 12 inch,Good & Gather,Good & Gather,Frozen,frozen,cheese,cheese,4.22,0.3517,BOGO 50% off,12.0,oz,1,12.0,oz,12.0,12.0,weight,oz,unknown,False,True,True,"{""flavor"": ""unknown"", ""organic"": false, ""package_type"": ""unknown""}","{""attributes"": 1.0, ""brand"": 1.0, ""needs_review"": false, ""overall"": 0.85, ""product_type"": 1.0, ""quantity"": 1.0, ""warnings"": [""raw category family frozen conflicts with inferred family cheese""]}",0.85,False,[],"[""raw category family frozen conflicts with inferred family cheese""]",https://example.com/target/products/tg_0200,2026-04-28T12:35:00,2.41
tg_0201,target,Save 20% Market Pantry Frozen Burritos Bean Cheese - 8 ct,save 20% market pantry frozen burritos bean cheese 8 count,Market Pantry,Market Pantry,Frozen,frozen,cheese,cheese,7.06,,Save 20%,4.0,oz,8,4.0,oz,4.0,32.0,weight,oz,unknown,False,True,True,"{""flavor"": ""unknown"", ""organic"": false, ""package_type"": ""unknown""}","{""attributes"": 1.0, ""brand"": 1.0, ""needs_review"": false, ""overall"": 0.85, ""product_type"": 1.0, ""quantity"": 1.0, ""warnings"": [""raw category family frozen conflicts with inferred family cheese""]}",0.85,False,[],"[""raw category family frozen conflicts with inferred family cheese""]",https://example.com/target/products/tg_0201,2026-04-28T12:18:00,5.3
tg_0202,target,Market Pantry Vanilla Ice Cream - 48 fl oz,market pantry vanilla ice cream 48 fl oz,Market Pantry,Market Pantry,Frozen,frozen,ice_cream,frozen,5.35,0.1115,Save 20%,48.0,fl oz,1,48.0,fl_oz,48.0,48.0,volume,fl_oz,unknown,False,True,True,"{""flavor"": ""unknown"", ""organic"": false, ""package_type"": ""unknown""}","{""attributes"": 1.0, ""brand"": 1.0, ""needs_review"": false, ""overall"": 0.92, ""product_type"": 1.0, ""quantity"": 1.0, ""warnings"": [""package_type is unknown""]}",0.92,False,[],"[""package_type is unknown""]",https://example.com/target/products/tg_0202,2026-04-28T12:01:00,3.56
tg_0203,target,Market Pantry Chocolate Ice Cream - 48 fl oz,market pantry chocolate ice cream 48 fl oz,Market Pantry,Market Pantry,Frozen,frozen,ice_cream,frozen,5.33,0.111,,48.0,fl oz,1,48.0,fl_oz,48.0,48.0,volume,fl_oz,unknown,False,True,True,"{""flavor"": ""unknown"", ""organic"": false, ""package_type"": ""unknown""}","{""attributes"": 1.0, ""brand"": 1.0, ""needs_review"": false, ""overall"": 0.92, ""product_type"": 1.0, ""quantity"": 1.0, ""warnings"": [""package_type is unknown""]}",0.92,False,[],"[""package_type is unknown""]",https://example.com/target/products/tg_0203,2026-04-28T11:44:00,3.49
tg_0204,target,Good & Gather Cookies & Cream Ice Cream - 48 fl oz,good and gather cookies and cream ice cream 48 fl oz,Good & Gather,Good & Gather,Frozen,frozen,ice_cream,frozen,6.09,0.1269,BOGO 50% off,48.0,fl oz,1,48.0,fl_oz,48.0,48.0,volume,fl_oz,unknown,False,True,True,"{""flavor"": ""unknown"", ""organic"": false, ""package_type"": ""unknown""}","{""attributes"": 1.0, ""brand"": 1.0, ""needs_review"": false, ""overall"": 0.92, ""product_type"": 1.0, ""quantity"": 1.0, ""warnings"": [""package_type is unknown""]}",0.92,False,[],"[""package_type is unknown""]",https://example.com/target/products/tg_0204,2026-04-28T11:27:00,4.15
tg_0205,target,Good & Gather Apple Juice - 64 fl oz,good and gather apple juice 64 fl oz,Good & Gather,Good & Gather,Beverages,beverages,apples,produce,4.11,0.0642,,64.0,fl oz,1,64.0,fl_oz,64.0,64.0,volume,fl_oz,unknown,False,True,True,"{""organic"": false, ""package_type"": ""unknown"", ""produce_form"": ""unknown"", ""unit_basis"": ""unknown"", ""variety"": ""unknown""}","{""attributes"": 0.5, ""brand"": 1.0, ""needs_review"": true, ""overall"": 0.725, ""product_type"": 1.0, ""quantity"": 1.0, ""warnings"": [""missing required attributes: produce_form, unit_basis"", ""raw category family beverages conflicts with inferred family produce""]}",0.725,True,"[""produce_form"", ""unit_basis""]","[""missing required attributes: produce_form, unit_basis"", ""raw category family beverages conflicts with inferred family produce""]",https://example.com/target/products/tg_0205,2026-04-28T11:10:00,3.01
tg_0206,target,Good & Gather Cranberry Juice Cocktail - 64 fl oz,good and gather cranberry juice cocktail 64 fl oz,Good & Gather,Good & Gather,Beverages,beverages,unknown,beverages,5.03,,Save 20%,64.0,fl oz,1,64.0,fl_oz,64.0,64.0,volume,fl_oz,unknown,False,True,True,"{""caffeine"": ""unknown"", ""carbonated"": false, ""diet_type"": ""regular"", ""flavor"": ""classic"", ""package_type"": ""unknown""}","{""attributes"": 1.0, ""brand"": 1.0, ""needs_review"": true, ""overall"": 0.745, ""product_type"": 0.3, ""quantity"": 1.0, ""warnings"": [""product_type is unknown"", ""package_type is unknown""]}",0.745,True,"[""product_type""]","[""product_type is unknown"", ""package_type is unknown""]",https://example.com/target/products/tg_0206,2026-04-28T10:53:00,2.91
tg_0207,target,Market Pantry Lemonade - 64 fl oz,market pantry lemonade 64 fl oz,Market Pantry,Market Pantry,Beverages,beverages,unknown,beverages,2.32,,,64.0,fl oz,1,64.0,fl_oz,64.0,64.0,volume,fl_oz,unknown,False,True,True,"{""caffeine"": ""unknown"", ""carbonated"": ""unknown"", ""diet_type"": ""regular"", ""flavor"": ""classic"", ""package_type"": ""unknown""}","{""attributes"": 1.0, ""brand"": 1.0, ""needs_review"": true, ""overall"": 0.745, ""product_type"": 0.3, ""quantity"": 1.0, ""warnings"": [""product_type is unknown"", ""package_type is unknown""]}",0.745,True,"[""product_type""]","[""product_type is unknown"", ""package_type is unknown""]",https://example.com/target/products/tg_0207,2026-04-28T10:36:00,1.69
tg_0208,target,BOGO 50% off Market Pantry Iced Tea Black - 128 fl oz,bogo 50% off market pantry iced tea black 128 fl oz,Market Pantry,Market Pantry,Coffee,beverages,unknown,beverages,5.22,,BOGO 50% off,128.0,fl oz,1,128.0,fl_oz,128.0,128.0,volume,fl_oz,unknown,False,True,True,"{""caffeine"": ""unknown"", ""carbonated"": ""unknown"", ""diet_type"": ""regular"", ""flavor"": ""classic"", ""package_type"": ""unknown""}","{""attributes"": 1.0, ""brand"": 1.0, ""needs_review"": true, ""overall"": 0.745, ""product_type"": 0.3, ""quantity"": 1.0, ""warnings"": [""product_type is unknown"", ""package_type is unknown""]}",0.745,True,"[""product_type""]","[""product_type is unknown"", ""package_type is unknown""]",https://example.com/target/products/tg_0208,2026-04-28T10:19:00,3.74
tg_0209,target,Good & Gather Black Tea Bags - 100 ct,good and gather black tea bags 100 count,Good & Gather,Good & Gather,Coffee,beverages,unknown,beverages,7.2,0.072,Save $1,100.0,ct,1,100.0,count,100.0,100.0,count,count,unknown,False,True,True,"{""caffeine"": ""unknown"", ""carbonated"": ""unknown"", ""diet_type"": ""regular"", ""flavor"": ""classic"", ""package_type"": ""unknown""}","{""attributes"": 1.0, ""brand"": 1.0, ""needs_review"": true, ""overall"": 0.745, ""product_type"": 0.3, ""quantity"": 1.0, ""warnings"": [""product_type is unknown"", ""package_type is unknown""]}",0.745,True,"[""product_type""]","[""product_type is unknown"", ""package_type is unknown""]",https://example.com/target/products/tg_0209,2026-04-28T10:02:00,7.11
tg_0210,target,Save $1 Market Pantry Green Tea Bags - 40 ct,save 1 market pantry green tea bags 40 count,Market Pantry,Market Pantry,Coffee,beverages,unknown,beverages,5.42,,Save $1,40.0,ct,1,40.0,count,40.0,40.0,count,count,unknown,False,True,True,"{""caffeine"": ""unknown"", ""carbonated"": ""unknown"", ""diet_type"": ""regular"", ""flavor"": ""classic"", ""package_type"": ""unknown""}","{""attributes"": 1.0, ""brand"": 1.0, ""needs_review"": true, ""overall"": 0.745, ""product_type"": 0.3, ""quantity"": 1.0, ""warnings"": [""product_type is unknown"", ""package_type is unknown""]}",0.745,True,"[""product_type""]","[""product_type is unknown"", ""package_type is unknown""]",https://example.com/target/products/tg_0210,2026-04-28T09:45:00,3.79
tg_0211,target,Good & Gather Coffee Filters - 100 ct,good and gather coffee filters 100 count,Good & Gather,Good & Gather,Coffee,beverages,coffee,beverages,2.97,0.0297,BOGO 50% off,100.0,ct,1,100.0,count,100.0,100.0,count,count,unknown,False,True,True,"{""caffeine"": ""caffeinated"", ""carbonated"": false, ""diet_type"": ""regular"", ""flavor"": ""classic"", ""package_type"": ""unknown""}","{""attributes"": 1.0, ""brand"": 1.0, ""needs_review"": false, ""overall"": 0.92, ""product_type"": 1.0, ""quantity"": 1.0, ""warnings"": [""package_type is unknown""]}",0.92,False,[],"[""package_type is unknown""]",https://example.com/target/products/tg_0211,2026-04-28T09:28:00,1.98
tg_0212,target,BOGO 50% off Good & Gather Ground Coffee Medium Roast - 12 oz,bogo 50% off good and gather ground coffee medium roast 12 oz,Good & Gather,Good & Gather,Coffee,beverages,coffee,beverages,7.07,,BOGO 50% off,12.0,oz,1,12.0,oz,12.0,12.0,weight,oz,unknown,False,True,True,"{""caffeine"": ""caffeinated"", ""carbonated"": false, ""diet_type"": ""regular"", ""flavor"": ""classic"", ""package_type"": ""unknown""}","{""attributes"": 1.0, ""brand"": 1.0, ""needs_review"": false, ""overall"": 0.92, ""product_type"": 1.0, ""quantity"": 1.0, ""warnings"": [""package_type is unknown""]}",0.92,False,[],"[""package_type is unknown""]",https://example.com/target/products/tg_0212,2026-04-28T09:11:00,4.61
tg_0213,target,Market Pantry Decaf Ground Coffee - 12 oz,market pantry decaf ground coffee 12 oz,Market Pantry,Market Pantry,Coffee,beverages,coffee,beverages,10.47,0.8725,,12.0,oz,1,12.0,oz,12.0,12.0,weight,oz,unknown,False,True,True,"{""caffeine"": ""caffeine_free"", ""carbonated"": false, ""diet_type"": ""regular"", ""flavor"": ""classic"", ""package_type"": ""unknown""}","{""attributes"": 1.0, ""brand"": 1.0, ""needs_review"": false, ""overall"": 0.92, ""product_type"": 1.0, ""quantity"": 1.0, ""warnings"": [""package_type is unknown""]}",0.92,False,[],"[""package_type is unknown""]",https://example.com/target/products/tg_0213,2026-04-28T08:54:00,5.82
tg_0214,target,Market Pantry K-Cup Coffee Pods - 18 ct,market pantry k cup coffee pods 18 count,Market Pantry,Market Pantry,Coffee,beverages,coffee,beverages,11.27,1.5653,,0.4,oz,18,0.4,oz,0.4,7.2,weight,oz,cup,False,True,True,"{""caffeine"": ""caffeinated"", ""carbonated"": false, ""diet_type"": ""regular"", ""flavor"": ""classic"", ""package_type"": ""cup""}","{""attributes"": 1.0, ""brand"": 1.0, ""needs_review"": false, ""overall"": 1.0, ""product_type"": 1.0, ""quantity"": 1.0, ""warnings"": []}",1.0,False,[],[],https://example.com/target/products/tg_0214,2026-04-28T08:37:00,6.86
tg_0215,target,Good & Gather All-Purpose Flour - 10 lb,good and gather all purpose flour 10 lb,Good & Gather,Good & Gather,Pantry,pantry,unknown,pantry,4.42,0.442,Save 20%,10.0,lb,1,10.0,lb,160.0,160.0,weight,oz,unknown,False,True,True,"{""flavor"": ""unknown"", ""organic"": false, ""package_type"": ""unknown""}","{""attributes"": 1.0, ""brand"": 1.0, ""needs_review"": true, ""overall"": 0.745, ""product_type"": 0.3, ""quantity"": 1.0, ""warnings"": [""product_type is unknown"", ""package_type is unknown""]}",0.745,True,"[""product_type""]","[""product_type is unknown"", ""package_type is unknown""]",https://example.com/target/products/tg_0215,2026-04-28T08:20:00,2.73
